"game","category","item_type","base_name","tier","qualifying_rarity","source_url","notes"
"Diablo I","Armour","Body armour","Breast Plate","Base","Normal / Magic","https://www.lurkerlounge.com/diablo/jarulf/jarulf162.pdf",""
"Diablo I","Armour","Body armour","Cape","Base","Normal / Magic","https://www.lurkerlounge.com/diablo/jarulf/jarulf162.pdf",""
"Diablo I","Armour","Body armour","Chain Mail","Base","Normal / Magic","https://www.lurkerlounge.com/diablo/jarulf/jarulf162.pdf",""
"Diablo I","Armour","Body armour","Cloak","Base","Normal / Magic","https://www.lurkerlounge.com/diablo/jarulf/jarulf162.pdf",""
"Diablo I","Armour","Body armour","Field Plate","Base","Normal / Magic","https://www.lurkerlounge.com/diablo/jarulf/jarulf162.pdf",""
"Diablo I","Armour","Body armour","Full Plate Mail","Base","Normal / Magic","https://www.lurkerlounge.com/diablo/jarulf/jarulf162.pdf",""
"Diablo I","Armour","Body armour","Gothic Plate","Base","Normal / Magic","https://www.lurkerlounge.com/diablo/jarulf/jarulf162.pdf",""
"Diablo I","Armour","Body armour","Hard Leather Armor","Base","Normal / Magic","https://www.lurkerlounge.com/diablo/jarulf/jarulf162.pdf",""
"Diablo I","Armour","Body armour","Leather Armor","Base","Normal / Magic","https://www.lurkerlounge.com/diablo/jarulf/jarulf162.pdf",""
"Diablo I","Armour","Body armour","Plate Mail","Base","Normal / Magic","https://www.lurkerlounge.com/diablo/jarulf/jarulf162.pdf",""
"Diablo I","Armour","Body armour","Quilted Armor","Base","Normal / Magic","https://www.lurkerlounge.com/diablo/jarulf/jarulf162.pdf",""
"Diablo I","Armour","Body armour","Rags","Base","Normal / Magic","https://www.lurkerlounge.com/diablo/jarulf/jarulf162.pdf",""
"Diablo I","Armour","Body armour","Ring Mail","Base","Normal / Magic","https://www.lurkerlounge.com/diablo/jarulf/jarulf162.pdf",""
"Diablo I","Armour","Body armour","Robe","Base","Normal / Magic","https://www.lurkerlounge.com/diablo/jarulf/jarulf162.pdf",""
"Diablo I","Armour","Body armour","Scale Mail","Base","Normal / Magic","https://www.lurkerlounge.com/diablo/jarulf/jarulf162.pdf",""
"Diablo I","Armour","Body armour","Splint Mail","Base","Normal / Magic","https://www.lurkerlounge.com/diablo/jarulf/jarulf162.pdf",""
"Diablo I","Armour","Body armour","Studded Leather Armor","Base","Normal / Magic","https://www.lurkerlounge.com/diablo/jarulf/jarulf162.pdf",""
"Diablo I","Armour","Shield","Buckler","Base","Normal / Magic","https://www.lurkerlounge.com/diablo/jarulf/jarulf162.pdf",""
"Diablo I","Armour","Shield","Gothic Shield","Base","Normal / Magic","https://www.lurkerlounge.com/diablo/jarulf/jarulf162.pdf",""
"Diablo I","Armour","Shield","Kite Shield","Base","Normal / Magic","https://www.lurkerlounge.com/diablo/jarulf/jarulf162.pdf",""
"Diablo I","Armour","Shield","Large Shield","Base","Normal / Magic","https://www.lurkerlounge.com/diablo/jarulf/jarulf162.pdf",""
"Diablo I","Armour","Shield","Small Shield","Base","Normal / Magic","https://www.lurkerlounge.com/diablo/jarulf/jarulf162.pdf",""
"Diablo I","Armour","Shield","Tower Shield","Base","Normal / Magic","https://www.lurkerlounge.com/diablo/jarulf/jarulf162.pdf",""
"Diablo I","Helms","Helm","Cap","Base","Normal / Magic","https://www.lurkerlounge.com/diablo/jarulf/jarulf162.pdf",""
"Diablo I","Helms","Helm","Crown","Base","Normal / Magic","https://www.lurkerlounge.com/diablo/jarulf/jarulf162.pdf",""
"Diablo I","Helms","Helm","Full Helm","Base","Normal / Magic","https://www.lurkerlounge.com/diablo/jarulf/jarulf162.pdf",""
"Diablo I","Helms","Helm","Great Helm","Base","Normal / Magic","https://www.lurkerlounge.com/diablo/jarulf/jarulf162.pdf",""
"Diablo I","Helms","Helm","Helm","Base","Normal / Magic","https://www.lurkerlounge.com/diablo/jarulf/jarulf162.pdf",""
"Diablo I","Helms","Helm","Skull Cap","Base","Normal / Magic","https://www.lurkerlounge.com/diablo/jarulf/jarulf162.pdf",""
"Diablo I","Weapons","Axe","Axe","Base","Normal / Magic","https://www.lurkerlounge.com/diablo/jarulf/jarulf162.pdf",""
"Diablo I","Weapons","Axe","Battle Axe","Base","Normal / Magic","https://www.lurkerlounge.com/diablo/jarulf/jarulf162.pdf",""
"Diablo I","Weapons","Axe","Broad Axe","Base","Normal / Magic","https://www.lurkerlounge.com/diablo/jarulf/jarulf162.pdf",""
"Diablo I","Weapons","Axe","Great Axe","Base","Normal / Magic","https://www.lurkerlounge.com/diablo/jarulf/jarulf162.pdf",""
"Diablo I","Weapons","Axe","Large Axe","Base","Normal / Magic","https://www.lurkerlounge.com/diablo/jarulf/jarulf162.pdf",""
"Diablo I","Weapons","Axe","Small Axe","Base","Normal / Magic","https://www.lurkerlounge.com/diablo/jarulf/jarulf162.pdf",""
"Diablo I","Weapons","Bow","Composite Bow","Base","Normal / Magic","https://www.lurkerlounge.com/diablo/jarulf/jarulf162.pdf",""
"Diablo I","Weapons","Bow","Hunter's Bow","Base","Normal / Magic","https://www.lurkerlounge.com/diablo/jarulf/jarulf162.pdf",""
"Diablo I","Weapons","Bow","Long Battle Bow","Base","Normal / Magic","https://www.lurkerlounge.com/diablo/jarulf/jarulf162.pdf",""
"Diablo I","Weapons","Bow","Long Bow","Base","Normal / Magic","https://www.lurkerlounge.com/diablo/jarulf/jarulf162.pdf",""
"Diablo I","Weapons","Bow","Long War Bow","Base","Normal / Magic","https://www.lurkerlounge.com/diablo/jarulf/jarulf162.pdf",""
"Diablo I","Weapons","Bow","Short Battle Bow","Base","Normal / Magic","https://www.lurkerlounge.com/diablo/jarulf/jarulf162.pdf",""
"Diablo I","Weapons","Bow","Short Bow","Base","Normal / Magic","https://www.lurkerlounge.com/diablo/jarulf/jarulf162.pdf",""
"Diablo I","Weapons","Bow","Short War Bow","Base","Normal / Magic","https://www.lurkerlounge.com/diablo/jarulf/jarulf162.pdf",""
"Diablo I","Weapons","Mace","Club","Base","Normal / Magic","https://www.lurkerlounge.com/diablo/jarulf/jarulf162.pdf",""
"Diablo I","Weapons","Mace","Flail","Base","Normal / Magic","https://www.lurkerlounge.com/diablo/jarulf/jarulf162.pdf",""
"Diablo I","Weapons","Mace","Mace","Base","Normal / Magic","https://www.lurkerlounge.com/diablo/jarulf/jarulf162.pdf",""
"Diablo I","Weapons","Mace","Maul","Base","Normal / Magic","https://www.lurkerlounge.com/diablo/jarulf/jarulf162.pdf",""
"Diablo I","Weapons","Mace","Morning Star","Base","Normal / Magic","https://www.lurkerlounge.com/diablo/jarulf/jarulf162.pdf",""
"Diablo I","Weapons","Mace","Spiked Club","Base","Normal / Magic","https://www.lurkerlounge.com/diablo/jarulf/jarulf162.pdf",""
"Diablo I","Weapons","Mace","War Hammer","Base","Normal / Magic","https://www.lurkerlounge.com/diablo/jarulf/jarulf162.pdf",""
"Diablo I","Weapons","Staff","Composite Staff","Base","Normal / Magic","https://www.lurkerlounge.com/diablo/jarulf/jarulf162.pdf",""
"Diablo I","Weapons","Staff","Long Staff","Base","Normal / Magic","https://www.lurkerlounge.com/diablo/jarulf/jarulf162.pdf",""
"Diablo I","Weapons","Staff","Quarter Staff","Base","Normal / Magic","https://www.lurkerlounge.com/diablo/jarulf/jarulf162.pdf",""
"Diablo I","Weapons","Staff","Short Staff","Base","Normal / Magic","https://www.lurkerlounge.com/diablo/jarulf/jarulf162.pdf",""
"Diablo I","Weapons","Staff","War Staff","Base","Normal / Magic","https://www.lurkerlounge.com/diablo/jarulf/jarulf162.pdf",""
"Diablo I","Weapons","Sword","Bastard Sword","Base","Normal / Magic","https://www.lurkerlounge.com/diablo/jarulf/jarulf162.pdf",""
"Diablo I","Weapons","Sword","Blade","Base","Normal / Magic","https://www.lurkerlounge.com/diablo/jarulf/jarulf162.pdf",""
"Diablo I","Weapons","Sword","Broad Sword","Base","Normal / Magic","https://www.lurkerlounge.com/diablo/jarulf/jarulf162.pdf",""
"Diablo I","Weapons","Sword","Claymore","Base","Normal / Magic","https://www.lurkerlounge.com/diablo/jarulf/jarulf162.pdf",""
"Diablo I","Weapons","Sword","Dagger","Base","Normal / Magic","https://www.lurkerlounge.com/diablo/jarulf/jarulf162.pdf",""
"Diablo I","Weapons","Sword","Falchion","Base","Normal / Magic","https://www.lurkerlounge.com/diablo/jarulf/jarulf162.pdf",""
"Diablo I","Weapons","Sword","Great Sword","Base","Normal / Magic","https://www.lurkerlounge.com/diablo/jarulf/jarulf162.pdf",""
"Diablo I","Weapons","Sword","Long Sword","Base","Normal / Magic","https://www.lurkerlounge.com/diablo/jarulf/jarulf162.pdf",""
"Diablo I","Weapons","Sword","Sabre","Base","Normal / Magic","https://diablo.fandom.com/wiki/Sabre_(Diablo_I)",""
"Diablo I","Weapons","Sword","Scimitar","Base","Normal / Magic","https://www.lurkerlounge.com/diablo/jarulf/jarulf162.pdf",""
"Diablo I","Weapons","Sword","Short Sword","Base","Normal / Magic","https://www.lurkerlounge.com/diablo/jarulf/jarulf162.pdf",""
"Diablo I","Weapons","Sword","Two-Handed Sword","Base","Normal / Magic","https://www.lurkerlounge.com/diablo/jarulf/jarulf162.pdf",""
"Diablo II","Armour","Body armour","Ancient Armor","Normal","Normal / Magic","https://classic.battle.net/diablo2exp/items/normal/armor.shtml",""
"Diablo II","Armour","Body armour","Archon Plate","Elite","Normal / Magic","https://classic.battle.net/diablo2exp/items/elite/armor.shtml",""
"Diablo II","Armour","Body armour","Balrog Skin","Elite","Normal / Magic","https://classic.battle.net/diablo2exp/items/elite/armor.shtml",""
"Diablo II","Armour","Body armour","Boneweave","Elite","Normal / Magic","https://classic.battle.net/diablo2exp/items/elite/armor.shtml",""
"Diablo II","Armour","Body armour","Breast Plate","Normal","Normal / Magic","https://classic.battle.net/diablo2exp/items/normal/armor.shtml",""
"Diablo II","Armour","Body armour","Chain Mail","Normal","Normal / Magic","https://classic.battle.net/diablo2exp/items/normal/armor.shtml",""
"Diablo II","Armour","Body armour","Chaos Armor","Exceptional","Normal / Magic","https://classic.battle.net/diablo2exp/items/exceptional/armor.shtml",""
"Diablo II","Armour","Body armour","Cuirass","Exceptional","Normal / Magic","https://classic.battle.net/diablo2exp/items/exceptional/armor.shtml",""
"Diablo II","Armour","Body armour","Demonhide Armor","Exceptional","Normal / Magic","https://classic.battle.net/diablo2exp/items/exceptional/armor.shtml",""
"Diablo II","Armour","Body armour","Diamond Mail","Elite","Normal / Magic","https://classic.battle.net/diablo2exp/items/elite/armor.shtml",""
"Diablo II","Armour","Body armour","Dusk Shroud","Elite","Normal / Magic","https://classic.battle.net/diablo2exp/items/elite/armor.shtml",""
"Diablo II","Armour","Body armour","Embossed Plate","Exceptional","Normal / Magic","https://classic.battle.net/diablo2exp/items/exceptional/armor.shtml",""
"Diablo II","Armour","Body armour","Field Plate","Normal","Normal / Magic","https://classic.battle.net/diablo2exp/items/normal/armor.shtml",""
"Diablo II","Armour","Body armour","Full Plate Mail","Normal","Normal / Magic","https://classic.battle.net/diablo2exp/items/normal/armor.shtml",""
"Diablo II","Armour","Body armour","Ghost Armor","Exceptional","Normal / Magic","https://classic.battle.net/diablo2exp/items/exceptional/armor.shtml",""
"Diablo II","Armour","Body armour","Gothic Plate","Normal","Normal / Magic","https://classic.battle.net/diablo2exp/items/normal/armor.shtml",""
"Diablo II","Armour","Body armour","Great Hauberk","Elite","Normal / Magic","https://classic.battle.net/diablo2exp/items/elite/armor.shtml",""
"Diablo II","Armour","Body armour","Hard Leather Armor","Normal","Normal / Magic","https://classic.battle.net/diablo2exp/items/normal/armor.shtml",""
"Diablo II","Armour","Body armour","Hellforge Plate","Elite","Normal / Magic","https://classic.battle.net/diablo2exp/items/elite/armor.shtml",""
"Diablo II","Armour","Body armour","Kraken Shell","Elite","Normal / Magic","https://classic.battle.net/diablo2exp/items/elite/armor.shtml",""
"Diablo II","Armour","Body armour","Lacquered Plate","Elite","Normal / Magic","https://classic.battle.net/diablo2exp/items/elite/armor.shtml",""
"Diablo II","Armour","Body armour","Leather Armor","Normal","Normal / Magic","https://classic.battle.net/diablo2exp/items/normal/armor.shtml",""
"Diablo II","Armour","Body armour","Light Plate","Normal","Normal / Magic","https://classic.battle.net/diablo2exp/items/normal/armor.shtml",""
"Diablo II","Armour","Body armour","Linked Mail","Exceptional","Normal / Magic","https://classic.battle.net/diablo2exp/items/exceptional/armor.shtml",""
"Diablo II","Armour","Body armour","Loricated Mail","Elite","Normal / Magic","https://classic.battle.net/diablo2exp/items/elite/armor.shtml",""
"Diablo II","Armour","Body armour","Mage Plate","Exceptional","Normal / Magic","https://classic.battle.net/diablo2exp/items/exceptional/armor.shtml",""
"Diablo II","Armour","Body armour","Mesh Armor","Exceptional","Normal / Magic","https://classic.battle.net/diablo2exp/items/exceptional/armor.shtml",""
"Diablo II","Armour","Body armour","Normal Armor","Normal","Normal / Magic","https://classic.battle.net/diablo2exp/items/normal/armor.shtml",""
"Diablo II","Armour","Body armour","Ornate Plate","Exceptional","Normal / Magic","https://classic.battle.net/diablo2exp/items/exceptional/armor.shtml",""
"Diablo II","Armour","Body armour","Plate Mail","Normal","Normal / Magic","https://classic.battle.net/diablo2exp/items/normal/armor.shtml",""
"Diablo II","Armour","Body armour","Ring Mail","Normal","Normal / Magic","https://classic.battle.net/diablo2exp/items/normal/armor.shtml",""
"Diablo II","Armour","Body armour","Russet Armor","Exceptional","Normal / Magic","https://classic.battle.net/diablo2exp/items/exceptional/armor.shtml",""
"Diablo II","Armour","Body armour","Sacred Armor","Elite","Normal / Magic","https://classic.battle.net/diablo2exp/items/elite/armor.shtml",""
"Diablo II","Armour","Body armour","Scale Mail","Normal","Normal / Magic","https://classic.battle.net/diablo2exp/items/normal/armor.shtml",""
"Diablo II","Armour","Body armour","Scarab Husk","Elite","Normal / Magic","https://classic.battle.net/diablo2exp/items/elite/armor.shtml",""
"Diablo II","Armour","Body armour","Serpentskin Armor","Exceptional","Normal / Magic","https://classic.battle.net/diablo2exp/items/exceptional/armor.shtml",""
"Diablo II","Armour","Body armour","Shadow Plate","Elite","Normal / Magic","https://classic.battle.net/diablo2exp/items/elite/armor.shtml",""
"Diablo II","Armour","Body armour","Sharktooth Armor","Exceptional","Normal / Magic","https://classic.battle.net/diablo2exp/items/exceptional/armor.shtml",""
"Diablo II","Armour","Body armour","Splint Mail","Normal","Normal / Magic","https://classic.battle.net/diablo2exp/items/normal/armor.shtml",""
"Diablo II","Armour","Body armour","Studded Leather","Normal","Normal / Magic","https://classic.battle.net/diablo2exp/items/normal/armor.shtml",""
"Diablo II","Armour","Body armour","Templar Coat","Exceptional","Normal / Magic","https://classic.battle.net/diablo2exp/items/exceptional/armor.shtml",""
"Diablo II","Armour","Body armour","Tigulated Mail","Exceptional","Normal / Magic","https://classic.battle.net/diablo2exp/items/exceptional/armor.shtml",""
"Diablo II","Armour","Body armour","Trellised Armor","Exceptional","Normal / Magic","https://classic.battle.net/diablo2exp/items/exceptional/armor.shtml",""
"Diablo II","Armour","Body armour","Wire Fleece","Elite","Normal / Magic","https://classic.battle.net/diablo2exp/items/elite/armor.shtml",""
"Diablo II","Armour","Body armour","Wyrmhide","Elite","Normal / Magic","https://classic.battle.net/diablo2exp/items/elite/armor.shtml",""
"Diablo II","Armour","Boots","Battle Boots","Exceptional","Normal / Magic","https://classic.battle.net/diablo2exp/items/exceptional/boots.shtml",""
"Diablo II","Armour","Boots","Boneweave Boots","Elite","Normal / Magic","https://classic.battle.net/diablo2exp/items/elite/boots.shtml",""
"Diablo II","Armour","Boots","Chain Boots","Normal","Normal / Magic","https://classic.battle.net/diablo2exp/items/normal/boots.shtml",""
"Diablo II","Armour","Boots","Demonhide Boots","Exceptional","Normal / Magic","https://classic.battle.net/diablo2exp/items/exceptional/boots.shtml",""
"Diablo II","Armour","Boots","Greaves","Normal","Normal / Magic","https://classic.battle.net/diablo2exp/items/normal/boots.shtml",""
"Diablo II","Armour","Boots","Heavy Boots","Normal","Normal / Magic","https://classic.battle.net/diablo2exp/items/normal/boots.shtml",""
"Diablo II","Armour","Boots","Light Plated Boots","Normal","Normal / Magic","https://classic.battle.net/diablo2exp/items/normal/boots.shtml",""
"Diablo II","Armour","Boots","Mesh Boots","Exceptional","Normal / Magic","https://classic.battle.net/diablo2exp/items/exceptional/boots.shtml",""
"Diablo II","Armour","Boots","Mirrored Boots","Elite","Normal / Magic","https://classic.battle.net/diablo2exp/items/elite/boots.shtml",""
"Diablo II","Armour","Boots","Myrmidon Greaves","Elite","Normal / Magic","https://classic.battle.net/diablo2exp/items/elite/boots.shtml",""
"Diablo II","Armour","Boots","Normal Boots","Normal","Normal / Magic","https://classic.battle.net/diablo2exp/items/normal/boots.shtml",""
"Diablo II","Armour","Boots","Scarabshell Boots","Elite","Normal / Magic","https://classic.battle.net/diablo2exp/items/elite/boots.shtml",""
"Diablo II","Armour","Boots","Sharkskin Boots","Exceptional","Normal / Magic","https://classic.battle.net/diablo2exp/items/exceptional/boots.shtml",""
"Diablo II","Armour","Boots","War Boots","Exceptional","Normal / Magic","https://classic.battle.net/diablo2exp/items/exceptional/boots.shtml",""
"Diablo II","Armour","Boots","Wyrmhide Boots","Elite","Normal / Magic","https://classic.battle.net/diablo2exp/items/elite/boots.shtml",""
"Diablo II","Armour","Necromancer shrunken head","Bloodlord Skull","Elite","Normal / Magic","https://classic.battle.net/diablo2exp/items/elite/shrunkenheads.shtml",""
"Diablo II","Armour","Necromancer shrunken head","Cantor Trophy","Exceptional","Normal / Magic","https://classic.battle.net/diablo2exp/items/exceptional/shrunkenheads.shtml",""
"Diablo II","Armour","Necromancer shrunken head","Demon Head","Normal","Normal / Magic","https://classic.battle.net/diablo2exp/items/normal/shrunkenheads.shtml",""
"Diablo II","Armour","Necromancer shrunken head","Fetish Trophy","Exceptional","Normal / Magic","https://classic.battle.net/diablo2exp/items/exceptional/shrunkenheads.shtml",""
"Diablo II","Armour","Necromancer shrunken head","Gargoyle Head","Normal","Normal / Magic","https://classic.battle.net/diablo2exp/items/normal/shrunkenheads.shtml",""
"Diablo II","Armour","Necromancer shrunken head","Hellspawn Skull","Elite","Normal / Magic","https://classic.battle.net/diablo2exp/items/elite/shrunkenheads.shtml",""
"Diablo II","Armour","Necromancer shrunken head","Hierophant Trophy","Exceptional","Normal / Magic","https://classic.battle.net/diablo2exp/items/exceptional/shrunkenheads.shtml",""
"Diablo II","Armour","Necromancer shrunken head","Minion Skull","Elite","Normal / Magic","https://classic.battle.net/diablo2exp/items/elite/shrunkenheads.shtml",""
"Diablo II","Armour","Necromancer shrunken head","Mummified Trophy","Exceptional","Normal / Magic","https://classic.battle.net/diablo2exp/items/exceptional/shrunkenheads.shtml",""
"Diablo II","Armour","Necromancer shrunken head","Overseer Skull","Elite","Normal / Magic","https://classic.battle.net/diablo2exp/items/elite/shrunkenheads.shtml",""
"Diablo II","Armour","Necromancer shrunken head","Preserved Head","Normal","Normal / Magic","https://classic.battle.net/diablo2exp/items/normal/shrunkenheads.shtml",""
"Diablo II","Armour","Necromancer shrunken head","Sexton Trophy","Exceptional","Normal / Magic","https://classic.battle.net/diablo2exp/items/exceptional/shrunkenheads.shtml",""
"Diablo II","Armour","Necromancer shrunken head","Succubus Skull","Elite","Normal / Magic","https://classic.battle.net/diablo2exp/items/elite/shrunkenheads.shtml",""
"Diablo II","Armour","Necromancer shrunken head","Unraveller Head","Normal","Normal / Magic","https://classic.battle.net/diablo2exp/items/normal/shrunkenheads.shtml",""
"Diablo II","Armour","Necromancer shrunken head","Zombie Head","Normal","Normal / Magic","https://classic.battle.net/diablo2exp/items/normal/shrunkenheads.shtml",""
"Diablo II","Armour","Paladin shield","Aerin Shield","Normal","Normal / Magic","https://classic.battle.net/diablo2exp/items/normal/paladinshields.shtml",""
"Diablo II","Armour","Paladin shield","Akaran Rondache","Exceptional","Normal / Magic","https://classic.battle.net/diablo2exp/items/exceptional/paladinshields.shtml",""
"Diablo II","Armour","Paladin shield","Akaran Targe","Exceptional","Normal / Magic","https://classic.battle.net/diablo2exp/items/exceptional/paladinshields.shtml",""
"Diablo II","Armour","Paladin shield","Crown Shield","Normal","Normal / Magic","https://classic.battle.net/diablo2exp/items/normal/paladinshields.shtml",""
"Diablo II","Armour","Paladin shield","Gilded Shield","Exceptional","Normal / Magic","https://classic.battle.net/diablo2exp/items/exceptional/paladinshields.shtml",""
"Diablo II","Armour","Paladin shield","Heraldic Shield","Normal","Normal / Magic","https://classic.battle.net/diablo2exp/items/normal/paladinshields.shtml",""
"Diablo II","Armour","Paladin shield","Kurast Shield","Elite","Normal / Magic","https://classic.battle.net/diablo2exp/items/elite/paladinshields.shtml",""
"Diablo II","Armour","Paladin shield","Protector Shield","Exceptional","Normal / Magic","https://classic.battle.net/diablo2exp/items/exceptional/paladinshields.shtml",""
"Diablo II","Armour","Paladin shield","Rondache","Normal","Normal / Magic","https://classic.battle.net/diablo2exp/items/normal/paladinshields.shtml",""
"Diablo II","Armour","Paladin shield","Royal Shield","Exceptional","Normal / Magic","https://classic.battle.net/diablo2exp/items/exceptional/paladinshields.shtml",""
"Diablo II","Armour","Paladin shield","Sacred Rondache","Elite","Normal / Magic","https://classic.battle.net/diablo2exp/items/elite/paladinshields.shtml",""
"Diablo II","Armour","Paladin shield","Sacred Targe","Elite","Normal / Magic","https://classic.battle.net/diablo2exp/items/elite/paladinshields.shtml",""
"Diablo II","Armour","Paladin shield","Targe","Normal","Normal / Magic","https://classic.battle.net/diablo2exp/items/normal/paladinshields.shtml",""
"Diablo II","Armour","Paladin shield","Vortex Shield","Elite","Normal / Magic","https://classic.battle.net/diablo2exp/items/elite/paladinshields.shtml",""
"Diablo II","Armour","Paladin shield","Zakarum Shield","Elite","Normal / Magic","https://classic.battle.net/diablo2exp/items/elite/paladinshields.shtml",""
"Diablo II","Armour","Shield","Aegis","Elite","Normal / Magic","https://classic.battle.net/diablo2exp/items/elite/shields.shtml",""
"Diablo II","Armour","Shield","Ancient Shield","Exceptional","Normal / Magic","https://classic.battle.net/diablo2exp/items/exceptional/shields.shtml",""
"Diablo II","Armour","Shield","Barbed Shield","Exceptional","Normal / Magic","https://classic.battle.net/diablo2exp/items/exceptional/shields.shtml",""
"Diablo II","Armour","Shield","Blade Barrier","Elite","Normal / Magic","https://classic.battle.net/diablo2exp/items/elite/shields.shtml",""
"Diablo II","Armour","Shield","Bone Shield","Normal","Normal / Magic","https://classic.battle.net/diablo2exp/items/normal/shields.shtml",""
"Diablo II","Armour","Shield","Defender","Exceptional","Normal / Magic","https://classic.battle.net/diablo2exp/items/exceptional/shields.shtml",""
"Diablo II","Armour","Shield","Dragon Shield","Exceptional","Normal / Magic","https://classic.battle.net/diablo2exp/items/exceptional/shields.shtml",""
"Diablo II","Armour","Shield","Gothic Shield","Normal","Normal / Magic","https://classic.battle.net/diablo2exp/items/normal/shields.shtml",""
"Diablo II","Armour","Shield","Grim Shield","Exceptional","Normal / Magic","https://classic.battle.net/diablo2exp/items/exceptional/shields.shtml",""
"Diablo II","Armour","Shield","Heater","Elite","Normal / Magic","https://classic.battle.net/diablo2exp/items/elite/shields.shtml",""
"Diablo II","Armour","Shield","Hyperion","Elite","Normal / Magic","https://classic.battle.net/diablo2exp/items/elite/shields.shtml",""
"Diablo II","Armour","Shield","Kite Shield","Normal","Normal / Magic","https://classic.battle.net/diablo2exp/items/normal/shields.shtml",""
"Diablo II","Armour","Shield","Large Shield","Normal","Normal / Magic","https://classic.battle.net/diablo2exp/items/normal/shields.shtml",""
"Diablo II","Armour","Shield","Luna","Elite","Normal / Magic","https://classic.battle.net/diablo2exp/items/elite/shields.shtml",""
"Diablo II","Armour","Shield","Monarch","Elite","Normal / Magic","https://classic.battle.net/diablo2exp/items/elite/shields.shtml",""
"Diablo II","Armour","Shield","Normal Shields","Normal","Normal / Magic","https://classic.battle.net/diablo2exp/items/normal/shields.shtml",""
"Diablo II","Armour","Shield","Pavise","Exceptional","Normal / Magic","https://classic.battle.net/diablo2exp/items/exceptional/shields.shtml",""
"Diablo II","Armour","Shield","Round Shield","Exceptional","Normal / Magic","https://classic.battle.net/diablo2exp/items/exceptional/shields.shtml",""
"Diablo II","Armour","Shield","Scutum","Exceptional","Normal / Magic","https://classic.battle.net/diablo2exp/items/exceptional/shields.shtml",""
"Diablo II","Armour","Shield","Small Shield","Normal","Normal / Magic","https://classic.battle.net/diablo2exp/items/normal/shields.shtml",""
"Diablo II","Armour","Shield","Spiked Shield","Normal","Normal / Magic","https://classic.battle.net/diablo2exp/items/normal/shields.shtml",""
"Diablo II","Armour","Shield","Tower Shield","Normal","Normal / Magic","https://classic.battle.net/diablo2exp/items/normal/shields.shtml",""
"Diablo II","Armour","Shield","Troll Nest","Elite","Normal / Magic","https://classic.battle.net/diablo2exp/items/elite/shields.shtml",""
"Diablo II","Armour","Shield","Ward","Elite","Normal / Magic","https://classic.battle.net/diablo2exp/items/elite/shields.shtml",""
"Diablo II","Belts","Belt","Battle Belt","Exceptional","Normal / Magic","https://classic.battle.net/diablo2exp/items/exceptional/belts.shtml",""
"Diablo II","Belts","Belt","Belt","Normal","Normal / Magic","https://classic.battle.net/diablo2exp/items/normal/belts.shtml",""
"Diablo II","Belts","Belt","Colossus Girdle","Elite","Normal / Magic","https://classic.battle.net/diablo2exp/items/elite/belts.shtml",""
"Diablo II","Belts","Belt","Demonhide Sash","Exceptional","Normal / Magic","https://classic.battle.net/diablo2exp/items/exceptional/belts.shtml",""
"Diablo II","Belts","Belt","Heavy Belt","Normal","Normal / Magic","https://classic.battle.net/diablo2exp/items/normal/belts.shtml",""
"Diablo II","Belts","Belt","Light Belt","Normal","Normal / Magic","https://classic.battle.net/diablo2exp/items/normal/belts.shtml",""
"Diablo II","Belts","Belt","Mesh Belt","Exceptional","Normal / Magic","https://classic.battle.net/diablo2exp/items/exceptional/belts.shtml",""
"Diablo II","Belts","Belt","Mithril Coil","Elite","Normal / Magic","https://classic.battle.net/diablo2exp/items/elite/belts.shtml",""
"Diablo II","Belts","Belt","Normal Belts","Normal","Normal / Magic","https://classic.battle.net/diablo2exp/items/normal/belts.shtml",""
"Diablo II","Belts","Belt","Plated Belt","Normal","Normal / Magic","https://classic.battle.net/diablo2exp/items/normal/belts.shtml",""
"Diablo II","Belts","Belt","Sharkskin Belt","Exceptional","Normal / Magic","https://classic.battle.net/diablo2exp/items/exceptional/belts.shtml",""
"Diablo II","Belts","Belt","Spiderweb Sash","Elite","Normal / Magic","https://classic.battle.net/diablo2exp/items/elite/belts.shtml",""
"Diablo II","Belts","Belt","Troll Belt","Elite","Normal / Magic","https://classic.battle.net/diablo2exp/items/elite/belts.shtml",""
"Diablo II","Belts","Belt","Vampirefang Belt","Elite","Normal / Magic","https://classic.battle.net/diablo2exp/items/elite/belts.shtml",""
"Diablo II","Belts","Belt","War Belt","Exceptional","Normal / Magic","https://classic.battle.net/diablo2exp/items/exceptional/belts.shtml",""
"Diablo II","Gloves","Gloves","Battle Gauntlets","Exceptional","Normal / Magic","https://classic.battle.net/diablo2exp/items/exceptional/gloves.shtml",""
"Diablo II","Gloves","Gloves","Bramble Mitts","Elite","Normal / Magic","https://classic.battle.net/diablo2exp/items/elite/gloves.shtml",""
"Diablo II","Gloves","Gloves","Chain Gloves","Normal","Normal / Magic","https://classic.battle.net/diablo2exp/items/normal/gloves.shtml",""
"Diablo II","Gloves","Gloves","Crusader Gauntlets","Elite","Normal / Magic","https://classic.battle.net/diablo2exp/items/elite/gloves.shtml",""
"Diablo II","Gloves","Gloves","Demonhide Gloves","Exceptional","Normal / Magic","https://classic.battle.net/diablo2exp/items/exceptional/gloves.shtml",""
"Diablo II","Gloves","Gloves","Gauntlets","Normal","Normal / Magic","https://classic.battle.net/diablo2exp/items/normal/gloves.shtml",""
"Diablo II","Gloves","Gloves","Heavy Bracers","Exceptional","Normal / Magic","https://classic.battle.net/diablo2exp/items/exceptional/gloves.shtml",""
"Diablo II","Gloves","Gloves","Heavy Gloves","Normal","Normal / Magic","https://classic.battle.net/diablo2exp/items/normal/gloves.shtml",""
"Diablo II","Gloves","Gloves","Light Gauntlets","Normal","Normal / Magic","https://classic.battle.net/diablo2exp/items/normal/gloves.shtml",""
"Diablo II","Gloves","Gloves","Normal Gloves","Normal","Normal / Magic","https://classic.battle.net/diablo2exp/items/normal/gloves.shtml",""
"Diablo II","Gloves","Gloves","Ogre Gauntlets","Elite","Normal / Magic","https://classic.battle.net/diablo2exp/items/elite/gloves.shtml",""
"Diablo II","Gloves","Gloves","Sharkskin Gloves","Exceptional","Normal / Magic","https://classic.battle.net/diablo2exp/items/exceptional/gloves.shtml",""
"Diablo II","Gloves","Gloves","Vambraces","Elite","Normal / Magic","https://classic.battle.net/diablo2exp/items/elite/gloves.shtml",""
"Diablo II","Gloves","Gloves","Vampirebone Gloves","Elite","Normal / Magic","https://classic.battle.net/diablo2exp/items/elite/gloves.shtml",""
"Diablo II","Gloves","Gloves","War Gauntlets","Exceptional","Normal / Magic","https://classic.battle.net/diablo2exp/items/exceptional/gloves.shtml",""
"Diablo II","Helms","Barbarian helm","Assault Helmet","Normal","Normal / Magic","https://classic.battle.net/diablo2exp/items/normal/barbhelms.shtml",""
"Diablo II","Helms","Barbarian helm","Avenger Guard","Normal","Normal / Magic","https://classic.battle.net/diablo2exp/items/normal/barbhelms.shtml",""
"Diablo II","Helms","Barbarian helm","Carnage Helm","Elite","Normal / Magic","https://classic.battle.net/diablo2exp/items/elite/barbhelms.shtml",""
"Diablo II","Helms","Barbarian helm","Conqueror Crown","Elite","Normal / Magic","https://classic.battle.net/diablo2exp/items/elite/barbhelms.shtml",""
"Diablo II","Helms","Barbarian helm","Destroyer Helm","Elite","Normal / Magic","https://classic.battle.net/diablo2exp/items/elite/barbhelms.shtml",""
"Diablo II","Helms","Barbarian helm","Fanged Helm","Normal","Normal / Magic","https://classic.battle.net/diablo2exp/items/normal/barbhelms.shtml",""
"Diablo II","Helms","Barbarian helm","Fury Visor","Elite","Normal / Magic","https://classic.battle.net/diablo2exp/items/elite/barbhelms.shtml",""
"Diablo II","Helms","Barbarian helm","Guardian Crown","Elite","Normal / Magic","https://classic.battle.net/diablo2exp/items/elite/barbhelms.shtml",""
"Diablo II","Helms","Barbarian helm","Horned Helm","Normal","Normal / Magic","https://classic.battle.net/diablo2exp/items/normal/barbhelms.shtml",""
"Diablo II","Helms","Barbarian helm","Jawbone Cap","Normal","Normal / Magic","https://classic.battle.net/diablo2exp/items/normal/barbhelms.shtml",""
"Diablo II","Helms","Barbarian helm","Jawbone Visor","Exceptional","Normal / Magic","https://classic.battle.net/diablo2exp/items/exceptional/barbhelms.shtml",""
"Diablo II","Helms","Barbarian helm","Lion Helm","Exceptional","Normal / Magic","https://classic.battle.net/diablo2exp/items/exceptional/barbhelms.shtml",""
"Diablo II","Helms","Barbarian helm","Rage Mask","Exceptional","Normal / Magic","https://classic.battle.net/diablo2exp/items/exceptional/barbhelms.shtml",""
"Diablo II","Helms","Barbarian helm","Savage Helmet","Exceptional","Normal / Magic","https://classic.battle.net/diablo2exp/items/exceptional/barbhelms.shtml",""
"Diablo II","Helms","Barbarian helm","Slayer Guard","Exceptional","Normal / Magic","https://classic.battle.net/diablo2exp/items/exceptional/barbhelms.shtml",""
"Diablo II","Helms","Circlet","Circlet","Normal","Normal / Magic","https://classic.battle.net/diablo2exp/items/circlets.shtml",""
"Diablo II","Helms","Circlet","Coronet","Normal","Normal / Magic","https://classic.battle.net/diablo2exp/items/circlets.shtml",""
"Diablo II","Helms","Circlet","Diadem","Elite","Normal / Magic","https://classic.battle.net/diablo2exp/items/circlets.shtml",""
"Diablo II","Helms","Circlet","Tiara","Exceptional","Normal / Magic","https://classic.battle.net/diablo2exp/items/circlets.shtml",""
"Diablo II","Helms","Druid pelt","Alpha Helm","Exceptional","Normal / Magic","https://classic.battle.net/diablo2exp/items/exceptional/druidpelts.shtml",""
"Diablo II","Helms","Druid pelt","Antlers","Normal","Normal / Magic","https://classic.battle.net/diablo2exp/items/normal/druidpelts.shtml",""
"Diablo II","Helms","Druid pelt","Blood Spirit","Elite","Normal / Magic","https://classic.battle.net/diablo2exp/items/elite/druidpelts.shtml",""
"Diablo II","Helms","Druid pelt","Dream Spirit","Elite","Normal / Magic","https://classic.battle.net/diablo2exp/items/elite/druidpelts.shtml",""
"Diablo II","Helms","Druid pelt","Earth Spirit","Elite","Normal / Magic","https://classic.battle.net/diablo2exp/items/elite/druidpelts.shtml",""
"Diablo II","Helms","Druid pelt","Falcon Mask","Normal","Normal / Magic","https://classic.battle.net/diablo2exp/items/normal/druidpelts.shtml",""
"Diablo II","Helms","Druid pelt","Griffon Headdress","Exceptional","Normal / Magic","https://classic.battle.net/diablo2exp/items/exceptional/druidpelts.shtml",""
"Diablo II","Helms","Druid pelt","Hawk Helm","Normal","Normal / Magic","https://classic.battle.net/diablo2exp/items/normal/druidpelts.shtml",""
"Diablo II","Helms","Druid pelt","Hunter's Guise","Exceptional","Normal / Magic","https://classic.battle.net/diablo2exp/items/exceptional/druidpelts.shtml",""
"Diablo II","Helms","Druid pelt","Sacred Feathers","Exceptional","Normal / Magic","https://classic.battle.net/diablo2exp/items/exceptional/druidpelts.shtml",""
"Diablo II","Helms","Druid pelt","Sky Spirit","Elite","Normal / Magic","https://classic.battle.net/diablo2exp/items/elite/druidpelts.shtml",""
"Diablo II","Helms","Druid pelt","Spirit Mask","Normal","Normal / Magic","https://classic.battle.net/diablo2exp/items/normal/druidpelts.shtml",""
"Diablo II","Helms","Druid pelt","Sun Spirit","Elite","Normal / Magic","https://classic.battle.net/diablo2exp/items/elite/druidpelts.shtml",""
"Diablo II","Helms","Druid pelt","Totemic Mask","Exceptional","Normal / Magic","https://classic.battle.net/diablo2exp/items/exceptional/druidpelts.shtml",""
"Diablo II","Helms","Druid pelt","Wolf Head","Normal","Normal / Magic","https://classic.battle.net/diablo2exp/items/normal/druidpelts.shtml",""
"Diablo II","Helms","Helm","Armet","Elite","Normal / Magic","https://classic.battle.net/diablo2exp/items/elite/helms.shtml",""
"Diablo II","Helms","Helm","Basinet","Exceptional","Normal / Magic","https://classic.battle.net/diablo2exp/items/exceptional/helms.shtml",""
"Diablo II","Helms","Helm","Bone Helm","Normal","Normal / Magic","https://classic.battle.net/diablo2exp/items/normal/helms.shtml",""
"Diablo II","Helms","Helm","Bone Visage","Elite","Normal / Magic","https://classic.battle.net/diablo2exp/items/elite/helms.shtml",""
"Diablo II","Helms","Helm","Cap","Normal","Normal / Magic","https://classic.battle.net/diablo2exp/items/normal/helms.shtml",""
"Diablo II","Helms","Helm","Casque","Exceptional","Normal / Magic","https://classic.battle.net/diablo2exp/items/exceptional/helms.shtml",""
"Diablo II","Helms","Helm","Corona","Elite","Normal / Magic","https://classic.battle.net/diablo2exp/items/elite/helms.shtml",""
"Diablo II","Helms","Helm","Crown","Normal","Normal / Magic","https://classic.battle.net/diablo2exp/items/normal/helms.shtml",""
"Diablo II","Helms","Helm","Death Mask","Exceptional","Normal / Magic","https://classic.battle.net/diablo2exp/items/exceptional/helms.shtml",""
"Diablo II","Helms","Helm","Demonhead","Elite","Normal / Magic","https://classic.battle.net/diablo2exp/items/elite/helms.shtml",""
"Diablo II","Helms","Helm","Elite Helms","Elite","Normal / Magic","https://classic.battle.net/diablo2exp/items/elite/helms.shtml",""
"Diablo II","Helms","Helm","Full Helm","Normal","Normal / Magic","https://classic.battle.net/diablo2exp/items/normal/helms.shtml",""
"Diablo II","Helms","Helm","Giant Conch","Elite","Normal / Magic","https://classic.battle.net/diablo2exp/items/elite/helms.shtml",""
"Diablo II","Helms","Helm","Grand Crown","Exceptional","Normal / Magic","https://classic.battle.net/diablo2exp/items/exceptional/helms.shtml",""
"Diablo II","Helms","Helm","Great Helm","Normal","Normal / Magic","https://classic.battle.net/diablo2exp/items/normal/helms.shtml",""
"Diablo II","Helms","Helm","Grim Helm","Exceptional","Normal / Magic","https://classic.battle.net/diablo2exp/items/exceptional/helms.shtml",""
"Diablo II","Helms","Helm","Helm","Normal","Normal / Magic","https://classic.battle.net/diablo2exp/items/normal/helms.shtml",""
"Diablo II","Helms","Helm","Hydraskull","Elite","Normal / Magic","https://classic.battle.net/diablo2exp/items/elite/helms.shtml",""
"Diablo II","Helms","Helm","Mask","Normal","Normal / Magic","https://classic.battle.net/diablo2exp/items/normal/helms.shtml",""
"Diablo II","Helms","Helm","Sallet","Exceptional","Normal / Magic","https://classic.battle.net/diablo2exp/items/exceptional/helms.shtml",""
"Diablo II","Helms","Helm","Skull Cap","Normal","Normal / Magic","https://classic.battle.net/diablo2exp/items/normal/helms.shtml",""
"Diablo II","Helms","Helm","Spired Helm","Elite","Normal / Magic","https://classic.battle.net/diablo2exp/items/elite/helms.shtml",""
"Diablo II","Helms","Helm","War Hat","Exceptional","Normal / Magic","https://classic.battle.net/diablo2exp/items/exceptional/helms.shtml",""
"Diablo II","Helms","Helm","Winged Helm","Exceptional","Normal / Magic","https://classic.battle.net/diablo2exp/items/exceptional/helms.shtml",""
"Diablo II","Weapons","Amazon weapon","Ashwood Bow","Exceptional","Normal / Magic","https://classic.battle.net/diablo2exp/items/exceptional/amazonweapons.shtml",""
"Diablo II","Weapons","Amazon weapon","Ceremonial Bow","Exceptional","Normal / Magic","https://classic.battle.net/diablo2exp/items/exceptional/amazonweapons.shtml",""
"Diablo II","Weapons","Amazon weapon","Ceremonial Javelin","Exceptional","Normal / Magic","https://classic.battle.net/diablo2exp/items/exceptional/amazonweapons.shtml",""
"Diablo II","Weapons","Amazon weapon","Ceremonial Pike","Exceptional","Normal / Magic","https://classic.battle.net/diablo2exp/items/exceptional/amazonweapons.shtml",""
"Diablo II","Weapons","Amazon weapon","Ceremonial Spear","Exceptional","Normal / Magic","https://classic.battle.net/diablo2exp/items/exceptional/amazonweapons.shtml",""
"Diablo II","Weapons","Amazon weapon","Grand Matron Bow","Elite","Normal / Magic","https://classic.battle.net/diablo2exp/items/elite/amazonweapons.shtml",""
"Diablo II","Weapons","Amazon weapon","Maiden Javelin","Normal","Normal / Magic","https://classic.battle.net/diablo2exp/items/normal/amazonweapons.shtml",""
"Diablo II","Weapons","Amazon weapon","Maiden Pike","Normal","Normal / Magic","https://classic.battle.net/diablo2exp/items/normal/amazonweapons.shtml",""
"Diablo II","Weapons","Amazon weapon","Maiden Spear","Normal","Normal / Magic","https://classic.battle.net/diablo2exp/items/normal/amazonweapons.shtml",""
"Diablo II","Weapons","Amazon weapon","Matriarchal Bow","Elite","Normal / Magic","https://classic.battle.net/diablo2exp/items/elite/amazonweapons.shtml",""
"Diablo II","Weapons","Amazon weapon","Matriarchal Javelin","Elite","Normal / Magic","https://classic.battle.net/diablo2exp/items/elite/amazonweapons.shtml",""
"Diablo II","Weapons","Amazon weapon","Matriarchal Pike","Elite","Normal / Magic","https://classic.battle.net/diablo2exp/items/elite/amazonweapons.shtml",""
"Diablo II","Weapons","Amazon weapon","Matriarchal Spear","Elite","Normal / Magic","https://classic.battle.net/diablo2exp/items/elite/amazonweapons.shtml",""
"Diablo II","Weapons","Amazon weapon","Normal Amazon Bows, Spears and Javelins","Normal","Normal / Magic","https://classic.battle.net/diablo2exp/items/normal/amazonweapons.shtml",""
"Diablo II","Weapons","Amazon weapon","Reflex Bow","Normal","Normal / Magic","https://classic.battle.net/diablo2exp/items/normal/amazonweapons.shtml",""
"Diablo II","Weapons","Assassin claw","Battle Cestus","Elite","Normal / Magic","https://classic.battle.net/diablo2exp/items/elite/katars.shtml",""
"Diablo II","Weapons","Assassin claw","Blade Talons","Normal","Normal / Magic","https://classic.battle.net/diablo2exp/items/normal/katars.shtml",""
"Diablo II","Weapons","Assassin claw","Cestus","Normal","Normal / Magic","https://classic.battle.net/diablo2exp/items/normal/katars.shtml",""
"Diablo II","Weapons","Assassin claw","Claws","Normal","Normal / Magic","https://classic.battle.net/diablo2exp/items/normal/katars.shtml",""
"Diablo II","Weapons","Assassin claw","Fascia","Exceptional","Normal / Magic","https://classic.battle.net/diablo2exp/items/exceptional/katars.shtml",""
"Diablo II","Weapons","Assassin claw","Feral Claws","Elite","Normal / Magic","https://classic.battle.net/diablo2exp/items/elite/katars.shtml",""
"Diablo II","Weapons","Assassin claw","Greater Claws","Exceptional","Normal / Magic","https://classic.battle.net/diablo2exp/items/exceptional/katars.shtml",""
"Diablo II","Weapons","Assassin claw","Greater Talons","Exceptional","Normal / Magic","https://classic.battle.net/diablo2exp/items/exceptional/katars.shtml",""
"Diablo II","Weapons","Assassin claw","Hand Scythe","Exceptional","Normal / Magic","https://classic.battle.net/diablo2exp/items/exceptional/katars.shtml",""
"Diablo II","Weapons","Assassin claw","Hatchet Hands","Normal","Normal / Magic","https://classic.battle.net/diablo2exp/items/normal/katars.shtml",""
"Diablo II","Weapons","Assassin claw","Katar","Normal","Normal / Magic","https://classic.battle.net/diablo2exp/items/normal/katars.shtml",""
"Diablo II","Weapons","Assassin claw","Quhab","Exceptional","Normal / Magic","https://classic.battle.net/diablo2exp/items/exceptional/katars.shtml",""
"Diablo II","Weapons","Assassin claw","Runic Talons","Elite","Normal / Magic","https://classic.battle.net/diablo2exp/items/elite/katars.shtml",""
"Diablo II","Weapons","Assassin claw","Scissors Katar","Normal","Normal / Magic","https://classic.battle.net/diablo2exp/items/normal/katars.shtml",""
"Diablo II","Weapons","Assassin claw","Scissors Quhab","Exceptional","Normal / Magic","https://classic.battle.net/diablo2exp/items/exceptional/katars.shtml",""
"Diablo II","Weapons","Assassin claw","Scissors Suwayyah","Elite","Normal / Magic","https://classic.battle.net/diablo2exp/items/elite/katars.shtml",""
"Diablo II","Weapons","Assassin claw","Suwayyah","Elite","Normal / Magic","https://classic.battle.net/diablo2exp/items/elite/katars.shtml",""
"Diablo II","Weapons","Assassin claw","War Fist","Elite","Normal / Magic","https://classic.battle.net/diablo2exp/items/elite/katars.shtml",""
"Diablo II","Weapons","Assassin claw","Wrist Blade","Normal","Normal / Magic","https://classic.battle.net/diablo2exp/items/normal/katars.shtml",""
"Diablo II","Weapons","Assassin claw","Wrist Spike","Exceptional","Normal / Magic","https://classic.battle.net/diablo2exp/items/exceptional/katars.shtml",""
"Diablo II","Weapons","Assassin claw","Wrist Sword","Elite","Normal / Magic","https://classic.battle.net/diablo2exp/items/elite/katars.shtml",""
"Diablo II","Weapons","Axe","Ancient Axe","Exceptional","Normal / Magic","https://classic.battle.net/diablo2exp/items/exceptional/axes.shtml",""
"Diablo II","Weapons","Axe","Axe","Normal","Normal / Magic","https://classic.battle.net/diablo2exp/items/normal/axes.shtml",""
"Diablo II","Weapons","Axe","Battle Axe","Normal","Normal / Magic","https://classic.battle.net/diablo2exp/items/normal/axes.shtml",""
"Diablo II","Weapons","Axe","Bearded Axe","Exceptional","Normal / Magic","https://classic.battle.net/diablo2exp/items/exceptional/axes.shtml",""
"Diablo II","Weapons","Axe","Berserker Axe","Elite","Normal / Magic","https://classic.battle.net/diablo2exp/items/elite/axes.shtml",""
"Diablo II","Weapons","Axe","Broad Axe","Normal","Normal / Magic","https://classic.battle.net/diablo2exp/items/normal/axes.shtml",""
"Diablo II","Weapons","Axe","Champion Axe","Elite","Normal / Magic","https://classic.battle.net/diablo2exp/items/elite/axes.shtml",""
"Diablo II","Weapons","Axe","Cleaver","Exceptional","Normal / Magic","https://classic.battle.net/diablo2exp/items/exceptional/axes.shtml",""
"Diablo II","Weapons","Axe","Crowbill","Exceptional","Normal / Magic","https://classic.battle.net/diablo2exp/items/exceptional/axes.shtml",""
"Diablo II","Weapons","Axe","Decapitator","Elite","Normal / Magic","https://classic.battle.net/diablo2exp/items/elite/axes.shtml",""
"Diablo II","Weapons","Axe","Double Axe","Normal","Normal / Magic","https://classic.battle.net/diablo2exp/items/normal/axes.shtml",""
"Diablo II","Weapons","Axe","Ettin Axe","Elite","Normal / Magic","https://classic.battle.net/diablo2exp/items/elite/axes.shtml",""
"Diablo II","Weapons","Axe","Exceptional Axes","Exceptional","Normal / Magic","https://classic.battle.net/diablo2exp/items/exceptional/axes.shtml",""
"Diablo II","Weapons","Axe","Feral Axe","Elite","Normal / Magic","https://classic.battle.net/diablo2exp/items/elite/axes.shtml",""
"Diablo II","Weapons","Axe","Giant Axe","Normal","Normal / Magic","https://classic.battle.net/diablo2exp/items/normal/axes.shtml",""
"Diablo II","Weapons","Axe","Glorious Axe","Elite","Normal / Magic","https://classic.battle.net/diablo2exp/items/elite/axes.shtml",""
"Diablo II","Weapons","Axe","Gothic Axe","Exceptional","Normal / Magic","https://classic.battle.net/diablo2exp/items/exceptional/axes.shtml",""
"Diablo II","Weapons","Axe","Great Axe","Normal","Normal / Magic","https://classic.battle.net/diablo2exp/items/normal/axes.shtml",""
"Diablo II","Weapons","Axe","Large Axe","Normal","Normal / Magic","https://classic.battle.net/diablo2exp/items/normal/axes.shtml",""
"Diablo II","Weapons","Axe","Military Axe","Exceptional","Normal / Magic","https://classic.battle.net/diablo2exp/items/exceptional/axes.shtml",""
"Diablo II","Weapons","Axe","Military Pick","Normal","Normal / Magic","https://classic.battle.net/diablo2exp/items/normal/axes.shtml",""
"Diablo II","Weapons","Axe","Naga","Exceptional","Normal / Magic","https://classic.battle.net/diablo2exp/items/exceptional/axes.shtml",""
"Diablo II","Weapons","Axe","Normal Axes","Normal","Normal / Magic","https://classic.battle.net/diablo2exp/items/normal/axes.shtml",""
"Diablo II","Weapons","Axe","Silver-Edged Axe","Elite","Normal / Magic","https://classic.battle.net/diablo2exp/items/elite/axes.shtml",""
"Diablo II","Weapons","Axe","Small Crescent","Elite","Normal / Magic","https://classic.battle.net/diablo2exp/items/elite/axes.shtml",""
"Diablo II","Weapons","Axe","Tabar","Exceptional","Normal / Magic","https://classic.battle.net/diablo2exp/items/exceptional/axes.shtml",""
"Diablo II","Weapons","Axe","Tomahawk","Elite","Normal / Magic","https://classic.battle.net/diablo2exp/items/elite/axes.shtml",""
"Diablo II","Weapons","Axe","Twin Axe","Exceptional","Normal / Magic","https://classic.battle.net/diablo2exp/items/exceptional/axes.shtml",""
"Diablo II","Weapons","Axe","War Axe","Normal","Normal / Magic","https://classic.battle.net/diablo2exp/items/normal/axes.shtml",""
"Diablo II","Weapons","Axe","War Spike","Elite","Normal / Magic","https://classic.battle.net/diablo2exp/items/elite/axes.shtml",""
"Diablo II","Weapons","Bow","Blade Bow","Elite","Normal / Magic","https://classic.battle.net/diablo2exp/items/elite/bows.shtml",""
"Diablo II","Weapons","Bow","Cedar Bow","Exceptional","Normal / Magic","https://classic.battle.net/diablo2exp/items/exceptional/bows.shtml",""
"Diablo II","Weapons","Bow","Composite Bow","Normal","Normal / Magic","https://classic.battle.net/diablo2exp/items/normal/bows.shtml",""
"Diablo II","Weapons","Bow","Crusader Bow","Elite","Normal / Magic","https://classic.battle.net/diablo2exp/items/elite/bows.shtml",""
"Diablo II","Weapons","Bow","Diamond Bow","Elite","Normal / Magic","https://classic.battle.net/diablo2exp/items/elite/bows.shtml",""
"Diablo II","Weapons","Bow","Double Bow","Exceptional","Normal / Magic","https://classic.battle.net/diablo2exp/items/exceptional/bows.shtml",""
"Diablo II","Weapons","Bow","Exceptional Bows","Exceptional","Normal / Magic","https://classic.battle.net/diablo2exp/items/exceptional/bows.shtml",""
"Diablo II","Weapons","Bow","Gothic Bow","Exceptional","Normal / Magic","https://classic.battle.net/diablo2exp/items/exceptional/bows.shtml",""
"Diablo II","Weapons","Bow","Great Bow","Elite","Normal / Magic","https://classic.battle.net/diablo2exp/items/elite/bows.shtml",""
"Diablo II","Weapons","Bow","Hunter's Bow","Normal","Normal / Magic","https://classic.battle.net/diablo2exp/items/normal/bows.shtml",""
"Diablo II","Weapons","Bow","Hydra Bow","Elite","Normal / Magic","https://classic.battle.net/diablo2exp/items/elite/bows.shtml",""
"Diablo II","Weapons","Bow","Large Siege Bow","Exceptional","Normal / Magic","https://classic.battle.net/diablo2exp/items/exceptional/bows.shtml",""
"Diablo II","Weapons","Bow","Long Battle Bow","Normal","Normal / Magic","https://classic.battle.net/diablo2exp/items/normal/bows.shtml",""
"Diablo II","Weapons","Bow","Long Bow","Normal","Normal / Magic","https://classic.battle.net/diablo2exp/items/normal/bows.shtml",""
"Diablo II","Weapons","Bow","Long War Bow","Normal","Normal / Magic","https://classic.battle.net/diablo2exp/items/normal/bows.shtml",""
"Diablo II","Weapons","Bow","Razor Bow","Exceptional","Normal / Magic","https://classic.battle.net/diablo2exp/items/exceptional/bows.shtml",""
"Diablo II","Weapons","Bow","Rune Bow","Exceptional","Normal / Magic","https://classic.battle.net/diablo2exp/items/exceptional/bows.shtml",""
"Diablo II","Weapons","Bow","Shadow Bow","Elite","Normal / Magic","https://classic.battle.net/diablo2exp/items/elite/bows.shtml",""
"Diablo II","Weapons","Bow","Short Battle Bow","Normal","Normal / Magic","https://classic.battle.net/diablo2exp/items/normal/bows.shtml",""
"Diablo II","Weapons","Bow","Short Bow","Normal","Normal / Magic","https://classic.battle.net/diablo2exp/items/normal/bows.shtml",""
"Diablo II","Weapons","Bow","Short Siege Bow","Exceptional","Normal / Magic","https://classic.battle.net/diablo2exp/items/exceptional/bows.shtml",""
"Diablo II","Weapons","Bow","Short War Bow","Normal","Normal / Magic","https://classic.battle.net/diablo2exp/items/normal/bows.shtml",""
"Diablo II","Weapons","Bow","Spider Bow","Elite","Normal / Magic","https://classic.battle.net/diablo2exp/items/elite/bows.shtml",""
"Diablo II","Weapons","Bow","Ward Bow","Elite","Normal / Magic","https://classic.battle.net/diablo2exp/items/elite/bows.shtml",""
"Diablo II","Weapons","Crossbow","Ballista","Exceptional","Normal / Magic","https://classic.battle.net/diablo2exp/items/exceptional/crossbows.shtml",""
"Diablo II","Weapons","Crossbow","Chu-Ko-Nu","Exceptional","Normal / Magic","https://classic.battle.net/diablo2exp/items/exceptional/crossbows.shtml",""
"Diablo II","Weapons","Crossbow","Colossus Crossbow","Elite","Normal / Magic","https://classic.battle.net/diablo2exp/items/elite/crossbows.shtml",""
"Diablo II","Weapons","Crossbow","Crossbow","Normal","Normal / Magic","https://classic.battle.net/diablo2exp/items/normal/crossbows.shtml",""
"Diablo II","Weapons","Crossbow","Demon Crossbow","Elite","Normal / Magic","https://classic.battle.net/diablo2exp/items/elite/crossbows.shtml",""
"Diablo II","Weapons","Crossbow","Exceptional Crossbows","Exceptional","Normal / Magic","https://classic.battle.net/diablo2exp/items/exceptional/crossbows.shtml",""
"Diablo II","Weapons","Crossbow","Gorgon Crossbow","Elite","Normal / Magic","https://classic.battle.net/diablo2exp/items/elite/crossbows.shtml",""
"Diablo II","Weapons","Crossbow","Heavy Crossbow","Normal","Normal / Magic","https://classic.battle.net/diablo2exp/items/normal/crossbows.shtml",""
"Diablo II","Weapons","Crossbow","Light Crossbow","Normal","Normal / Magic","https://classic.battle.net/diablo2exp/items/normal/crossbows.shtml",""
"Diablo II","Weapons","Crossbow","Pellet Bow","Elite","Normal / Magic","https://classic.battle.net/diablo2exp/items/elite/crossbows.shtml",""
"Diablo II","Weapons","Crossbow","Repeating Crossbow","Normal","Normal / Magic","https://classic.battle.net/diablo2exp/items/normal/crossbows.shtml",""
"Diablo II","Weapons","Crossbow","Siege Crossbow","Exceptional","Normal / Magic","https://classic.battle.net/diablo2exp/items/exceptional/crossbows.shtml",""
"Diablo II","Weapons","Dagger","Blade","Normal","Normal / Magic","https://classic.battle.net/diablo2exp/items/normal/daggers.shtml",""
"Diablo II","Weapons","Dagger","Bone Knife","Elite","Normal / Magic","https://classic.battle.net/diablo2exp/items/elite/daggers.shtml",""
"Diablo II","Weapons","Dagger","Cinquedeas","Exceptional","Normal / Magic","https://classic.battle.net/diablo2exp/items/exceptional/daggers.shtml",""
"Diablo II","Weapons","Dagger","Dagger","Normal","Normal / Magic","https://classic.battle.net/diablo2exp/items/normal/daggers.shtml",""
"Diablo II","Weapons","Dagger","Dirk","Normal","Normal / Magic","https://classic.battle.net/diablo2exp/items/normal/daggers.shtml",""
"Diablo II","Weapons","Dagger","Exceptional Daggers","Exceptional","Normal / Magic","https://classic.battle.net/diablo2exp/items/exceptional/daggers.shtml",""
"Diablo II","Weapons","Dagger","Fanged Knife","Elite","Normal / Magic","https://classic.battle.net/diablo2exp/items/elite/daggers.shtml",""
"Diablo II","Weapons","Dagger","Kris","Normal","Normal / Magic","https://classic.battle.net/diablo2exp/items/normal/daggers.shtml",""
"Diablo II","Weapons","Dagger","Legend Spike","Elite","Normal / Magic","https://classic.battle.net/diablo2exp/items/elite/daggers.shtml",""
"Diablo II","Weapons","Dagger","Mithril Point","Elite","Normal / Magic","https://classic.battle.net/diablo2exp/items/elite/daggers.shtml",""
"Diablo II","Weapons","Dagger","Rondel","Exceptional","Normal / Magic","https://classic.battle.net/diablo2exp/items/exceptional/daggers.shtml",""
"Diablo II","Weapons","Dagger","Stiletto","Exceptional","Normal / Magic","https://classic.battle.net/diablo2exp/items/exceptional/daggers.shtml",""
"Diablo II","Weapons","Javelin","Balrog Spear","Elite","Normal / Magic","https://classic.battle.net/diablo2exp/items/elite/javelins.shtml",""
"Diablo II","Weapons","Javelin","Exceptional Javelins","Exceptional","Normal / Magic","https://classic.battle.net/diablo2exp/items/exceptional/javelins.shtml",""
"Diablo II","Weapons","Javelin","Ghost Glaive","Elite","Normal / Magic","https://classic.battle.net/diablo2exp/items/elite/javelins.shtml",""
"Diablo II","Weapons","Javelin","Glaive","Normal","Normal / Magic","https://classic.battle.net/diablo2exp/items/normal/javelins.shtml",""
"Diablo II","Weapons","Javelin","Great Pilum","Exceptional","Normal / Magic","https://classic.battle.net/diablo2exp/items/exceptional/javelins.shtml",""
"Diablo II","Weapons","Javelin","Harpoon","Exceptional","Normal / Magic","https://classic.battle.net/diablo2exp/items/exceptional/javelins.shtml",""
"Diablo II","Weapons","Javelin","Hyperion Javelin","Elite","Normal / Magic","https://classic.battle.net/diablo2exp/items/elite/javelins.shtml",""
"Diablo II","Weapons","Javelin","Javelin","Normal","Normal / Magic","https://classic.battle.net/diablo2exp/items/normal/javelins.shtml",""
"Diablo II","Weapons","Javelin","Pilum","Normal","Normal / Magic","https://classic.battle.net/diablo2exp/items/normal/javelins.shtml",""
"Diablo II","Weapons","Javelin","Short Spear","Normal","Normal / Magic","https://classic.battle.net/diablo2exp/items/normal/javelins.shtml",""
"Diablo II","Weapons","Javelin","Simbilan","Exceptional","Normal / Magic","https://classic.battle.net/diablo2exp/items/exceptional/javelins.shtml",""
"Diablo II","Weapons","Javelin","Spiculum","Exceptional","Normal / Magic","https://classic.battle.net/diablo2exp/items/exceptional/javelins.shtml",""
"Diablo II","Weapons","Javelin","Stygian Pilum","Elite","Normal / Magic","https://classic.battle.net/diablo2exp/items/elite/javelins.shtml",""
"Diablo II","Weapons","Javelin","Throwing Spear","Normal","Normal / Magic","https://classic.battle.net/diablo2exp/items/normal/javelins.shtml",""
"Diablo II","Weapons","Javelin","Winged Harpoon","Elite","Normal / Magic","https://classic.battle.net/diablo2exp/items/elite/javelins.shtml",""
"Diablo II","Weapons","Mace","Barbed Club","Exceptional","Normal / Magic","https://classic.battle.net/diablo2exp/items/exceptional/maces.shtml",""
"Diablo II","Weapons","Mace","Battle Hammer","Exceptional","Normal / Magic","https://classic.battle.net/diablo2exp/items/exceptional/maces.shtml",""
"Diablo II","Weapons","Mace","Club","Normal","Normal / Magic","https://classic.battle.net/diablo2exp/items/normal/maces.shtml",""
"Diablo II","Weapons","Mace","Devil Star","Elite","Normal / Magic","https://classic.battle.net/diablo2exp/items/elite/maces.shtml",""
"Diablo II","Weapons","Mace","Exceptional Mace Classes: Clubs, Maces and Hammers","Exceptional","Normal / Magic","https://classic.battle.net/diablo2exp/items/exceptional/maces.shtml",""
"Diablo II","Weapons","Mace","Flail","Normal","Normal / Magic","https://classic.battle.net/diablo2exp/items/normal/maces.shtml",""
"Diablo II","Weapons","Mace","Flanged Mace","Exceptional","Normal / Magic","https://classic.battle.net/diablo2exp/items/exceptional/maces.shtml",""
"Diablo II","Weapons","Mace","Great Maul","Normal","Normal / Magic","https://classic.battle.net/diablo2exp/items/normal/maces.shtml",""
"Diablo II","Weapons","Mace","Jagged Star","Exceptional","Normal / Magic","https://classic.battle.net/diablo2exp/items/exceptional/maces.shtml",""
"Diablo II","Weapons","Mace","Knout","Exceptional","Normal / Magic","https://classic.battle.net/diablo2exp/items/exceptional/maces.shtml",""
"Diablo II","Weapons","Mace","Legendary Mallet","Elite","Normal / Magic","https://classic.battle.net/diablo2exp/items/elite/maces.shtml",""
"Diablo II","Weapons","Mace","Mace","Normal","Normal / Magic","https://classic.battle.net/diablo2exp/items/normal/maces.shtml",""
"Diablo II","Weapons","Mace","Martel de Fer","Exceptional","Normal / Magic","https://classic.battle.net/diablo2exp/items/exceptional/maces.shtml",""
"Diablo II","Weapons","Mace","Maul","Normal","Normal / Magic","https://classic.battle.net/diablo2exp/items/normal/maces.shtml",""
"Diablo II","Weapons","Mace","Morning Star","Normal","Normal / Magic","https://classic.battle.net/diablo2exp/items/normal/maces.shtml",""
"Diablo II","Weapons","Mace","Ogre Maul","Elite","Normal / Magic","https://classic.battle.net/diablo2exp/items/elite/maces.shtml",""
"Diablo II","Weapons","Mace","Reinforced Mace","Elite","Normal / Magic","https://classic.battle.net/diablo2exp/items/elite/maces.shtml",""
"Diablo II","Weapons","Mace","Scourge","Elite","Normal / Magic","https://classic.battle.net/diablo2exp/items/elite/maces.shtml",""
"Diablo II","Weapons","Mace","Spiked Club","Normal","Normal / Magic","https://classic.battle.net/diablo2exp/items/normal/maces.shtml",""
"Diablo II","Weapons","Mace","Thunder Maul","Elite","Normal / Magic","https://classic.battle.net/diablo2exp/items/elite/maces.shtml",""
"Diablo II","Weapons","Mace","Truncheon","Elite","Normal / Magic","https://classic.battle.net/diablo2exp/items/elite/maces.shtml",""
"Diablo II","Weapons","Mace","Tyrant Club","Elite","Normal / Magic","https://classic.battle.net/diablo2exp/items/elite/maces.shtml",""
"Diablo II","Weapons","Mace","War Club","Exceptional","Normal / Magic","https://classic.battle.net/diablo2exp/items/exceptional/maces.shtml",""
"Diablo II","Weapons","Mace","War Hammer","Normal","Normal / Magic","https://classic.battle.net/diablo2exp/items/normal/maces.shtml",""
"Diablo II","Weapons","Polearm","Bardiche","Normal","Normal / Magic","https://classic.battle.net/diablo2exp/items/normal/polearms.shtml",""
"Diablo II","Weapons","Polearm","Battle Scythe","Exceptional","Normal / Magic","https://classic.battle.net/diablo2exp/items/exceptional/polearms.shtml",""
"Diablo II","Weapons","Polearm","Bec-De-Corbin","Exceptional","Normal / Magic","https://classic.battle.net/diablo2exp/items/exceptional/polearms.shtml",""
"Diablo II","Weapons","Polearm","Bill","Exceptional","Normal / Magic","https://classic.battle.net/diablo2exp/items/exceptional/polearms.shtml",""
"Diablo II","Weapons","Polearm","Colossus Voulge","Elite","Normal / Magic","https://classic.battle.net/diablo2exp/items/elite/polearms.shtml",""
"Diablo II","Weapons","Polearm","Cryptic Axe","Elite","Normal / Magic","https://classic.battle.net/diablo2exp/items/elite/polearms.shtml",""
"Diablo II","Weapons","Polearm","Exceptional Polearms","Exceptional","Normal / Magic","https://classic.battle.net/diablo2exp/items/exceptional/polearms.shtml",""
"Diablo II","Weapons","Polearm","Giant Thresher","Elite","Normal / Magic","https://classic.battle.net/diablo2exp/items/elite/polearms.shtml",""
"Diablo II","Weapons","Polearm","Great Poleaxe","Elite","Normal / Magic","https://classic.battle.net/diablo2exp/items/elite/polearms.shtml",""
"Diablo II","Weapons","Polearm","Grim Scythe","Exceptional","Normal / Magic","https://classic.battle.net/diablo2exp/items/exceptional/polearms.shtml",""
"Diablo II","Weapons","Polearm","Halberd","Normal","Normal / Magic","https://classic.battle.net/diablo2exp/items/normal/polearms.shtml",""
"Diablo II","Weapons","Polearm","Ogre Axe","Elite","Normal / Magic","https://classic.battle.net/diablo2exp/items/elite/polearms.shtml",""
"Diablo II","Weapons","Polearm","Partizan","Exceptional","Normal / Magic","https://classic.battle.net/diablo2exp/items/exceptional/polearms.shtml",""
"Diablo II","Weapons","Polearm","Poleaxe","Normal","Normal / Magic","https://classic.battle.net/diablo2exp/items/normal/polearms.shtml",""
"Diablo II","Weapons","Polearm","Scythe","Normal","Normal / Magic","https://classic.battle.net/diablo2exp/items/normal/polearms.shtml",""
"Diablo II","Weapons","Polearm","Thresher","Elite","Normal / Magic","https://classic.battle.net/diablo2exp/items/elite/polearms.shtml",""
"Diablo II","Weapons","Polearm","Voulge","Normal","Normal / Magic","https://classic.battle.net/diablo2exp/items/normal/polearms.shtml",""
"Diablo II","Weapons","Polearm","War Scythe","Normal","Normal / Magic","https://classic.battle.net/diablo2exp/items/normal/polearms.shtml",""
"Diablo II","Weapons","Scepter","Caduceus","Elite","Normal / Magic","https://classic.battle.net/diablo2exp/items/elite/scepters.shtml",""
"Diablo II","Weapons","Scepter","Divine Scepter","Exceptional","Normal / Magic","https://classic.battle.net/diablo2exp/items/exceptional/scepters.shtml",""
"Diablo II","Weapons","Scepter","Exceptional Scepters","Exceptional","Normal / Magic","https://classic.battle.net/diablo2exp/items/exceptional/scepters.shtml",""
"Diablo II","Weapons","Scepter","Grand Scepter","Normal","Normal / Magic","https://classic.battle.net/diablo2exp/items/normal/scepters.shtml",""
"Diablo II","Weapons","Scepter","Holy Water Sprinkler","Exceptional","Normal / Magic","https://classic.battle.net/diablo2exp/items/exceptional/scepters.shtml",""
"Diablo II","Weapons","Scepter","Mighty Scepter","Elite","Normal / Magic","https://classic.battle.net/diablo2exp/items/elite/scepters.shtml",""
"Diablo II","Weapons","Scepter","Scepter","Normal","Normal / Magic","https://classic.battle.net/diablo2exp/items/normal/scepters.shtml",""
"Diablo II","Weapons","Scepter","Seraph Rod","Elite","Normal / Magic","https://classic.battle.net/diablo2exp/items/elite/scepters.shtml",""
"Diablo II","Weapons","Scepter","War Scepter","Normal","Normal / Magic","https://classic.battle.net/diablo2exp/items/normal/scepters.shtml",""
"Diablo II","Weapons","Sorceress orb","Clasped Orb","Normal","Normal / Magic","https://classic.battle.net/diablo2exp/items/normal/orbs.shtml",""
"Diablo II","Weapons","Sorceress orb","Cloudy Sphere","Exceptional","Normal / Magic","https://classic.battle.net/diablo2exp/items/exceptional/orbs.shtml",""
"Diablo II","Weapons","Sorceress orb","Crystalline Globe","Exceptional","Normal / Magic","https://classic.battle.net/diablo2exp/items/exceptional/orbs.shtml",""
"Diablo II","Weapons","Sorceress orb","Demon Heart","Elite","Normal / Magic","https://classic.battle.net/diablo2exp/items/elite/orbs.shtml",""
"Diablo II","Weapons","Sorceress orb","Dimensional Shard","Elite","Normal / Magic","https://classic.battle.net/diablo2exp/items/elite/orbs.shtml",""
"Diablo II","Weapons","Sorceress orb","Eagle Orb","Normal","Normal / Magic","https://classic.battle.net/diablo2exp/items/normal/orbs.shtml",""
"Diablo II","Weapons","Sorceress orb","Eldritch Orb","Elite","Normal / Magic","https://classic.battle.net/diablo2exp/items/elite/orbs.shtml",""
"Diablo II","Weapons","Sorceress orb","Glowing Orb","Exceptional","Normal / Magic","https://classic.battle.net/diablo2exp/items/exceptional/orbs.shtml",""
"Diablo II","Weapons","Sorceress orb","Heavenly Stone","Elite","Normal / Magic","https://classic.battle.net/diablo2exp/items/elite/orbs.shtml",""
"Diablo II","Weapons","Sorceress orb","Jared's Stone","Normal","Normal / Magic","https://classic.battle.net/diablo2exp/items/normal/orbs.shtml",""
"Diablo II","Weapons","Sorceress orb","Sacred Globe","Normal","Normal / Magic","https://classic.battle.net/diablo2exp/items/normal/orbs.shtml",""
"Diablo II","Weapons","Sorceress orb","Smoked Sphere","Normal","Normal / Magic","https://classic.battle.net/diablo2exp/items/normal/orbs.shtml",""
"Diablo II","Weapons","Sorceress orb","Sparkling Ball","Exceptional","Normal / Magic","https://classic.battle.net/diablo2exp/items/exceptional/orbs.shtml",""
"Diablo II","Weapons","Sorceress orb","Swirling Crystal","Exceptional","Normal / Magic","https://classic.battle.net/diablo2exp/items/exceptional/orbs.shtml",""
"Diablo II","Weapons","Sorceress orb","Vortex Orb","Elite","Normal / Magic","https://classic.battle.net/diablo2exp/items/elite/orbs.shtml",""
"Diablo II","Weapons","Spear","Brandistock","Normal","Normal / Magic","https://classic.battle.net/diablo2exp/items/normal/spears.shtml",""
"Diablo II","Weapons","Spear","Exceptional Spears","Exceptional","Normal / Magic","https://classic.battle.net/diablo2exp/items/exceptional/spears.shtml",""
"Diablo II","Weapons","Spear","Fuscina","Exceptional","Normal / Magic","https://classic.battle.net/diablo2exp/items/exceptional/spears.shtml",""
"Diablo II","Weapons","Spear","Ghost Spear","Elite","Normal / Magic","https://classic.battle.net/diablo2exp/items/elite/spears.shtml",""
"Diablo II","Weapons","Spear","Hyperion Spear","Elite","Normal / Magic","https://classic.battle.net/diablo2exp/items/elite/spears.shtml",""
"Diablo II","Weapons","Spear","Lance","Exceptional","Normal / Magic","https://classic.battle.net/diablo2exp/items/exceptional/spears.shtml",""
"Diablo II","Weapons","Spear","Mancatcher","Elite","Normal / Magic","https://classic.battle.net/diablo2exp/items/elite/spears.shtml",""
"Diablo II","Weapons","Spear","Pike","Normal","Normal / Magic","https://classic.battle.net/diablo2exp/items/normal/spears.shtml",""
"Diablo II","Weapons","Spear","Spear","Normal","Normal / Magic","https://classic.battle.net/diablo2exp/items/normal/spears.shtml",""
"Diablo II","Weapons","Spear","Spetum","Normal","Normal / Magic","https://classic.battle.net/diablo2exp/items/normal/spears.shtml",""
"Diablo II","Weapons","Spear","Stygian Pike","Elite","Normal / Magic","https://classic.battle.net/diablo2exp/items/elite/spears.shtml",""
"Diablo II","Weapons","Spear","Trident","Normal","Normal / Magic","https://classic.battle.net/diablo2exp/items/normal/spears.shtml",""
"Diablo II","Weapons","Spear","War Fork","Exceptional","Normal / Magic","https://classic.battle.net/diablo2exp/items/exceptional/spears.shtml",""
"Diablo II","Weapons","Spear","War Pike","Elite","Normal / Magic","https://classic.battle.net/diablo2exp/items/elite/spears.shtml",""
"Diablo II","Weapons","Spear","Yari","Exceptional","Normal / Magic","https://classic.battle.net/diablo2exp/items/exceptional/spears.shtml",""
"Diablo II","Weapons","Staff","Archon Staff","Elite","Normal / Magic","https://classic.battle.net/diablo2exp/items/elite/staves.shtml",""
"Diablo II","Weapons","Staff","Battle Staff","Normal","Normal / Magic","https://classic.battle.net/diablo2exp/items/normal/staves.shtml",""
"Diablo II","Weapons","Staff","Cedar Staff","Exceptional","Normal / Magic","https://classic.battle.net/diablo2exp/items/exceptional/staves.shtml",""
"Diablo II","Weapons","Staff","Elder Staff","Elite","Normal / Magic","https://classic.battle.net/diablo2exp/items/elite/staves.shtml",""
"Diablo II","Weapons","Staff","Exceptional Staves","Exceptional","Normal / Magic","https://classic.battle.net/diablo2exp/items/exceptional/staves.shtml",""
"Diablo II","Weapons","Staff","Gnarled Staff","Normal","Normal / Magic","https://classic.battle.net/diablo2exp/items/normal/staves.shtml",""
"Diablo II","Weapons","Staff","Gothic Staff","Exceptional","Normal / Magic","https://classic.battle.net/diablo2exp/items/exceptional/staves.shtml",""
"Diablo II","Weapons","Staff","Long Staff","Normal","Normal / Magic","https://classic.battle.net/diablo2exp/items/normal/staves.shtml",""
"Diablo II","Weapons","Staff","Quarterstaff","Exceptional","Normal / Magic","https://classic.battle.net/diablo2exp/items/exceptional/staves.shtml",""
"Diablo II","Weapons","Staff","Rune Staff","Exceptional","Normal / Magic","https://classic.battle.net/diablo2exp/items/exceptional/staves.shtml",""
"Diablo II","Weapons","Staff","Shillelagh","Elite","Normal / Magic","https://classic.battle.net/diablo2exp/items/elite/staves.shtml",""
"Diablo II","Weapons","Staff","Short Staff","Normal","Normal / Magic","https://classic.battle.net/diablo2exp/items/normal/staves.shtml",""
"Diablo II","Weapons","Staff","Stalagmite","Elite","Normal / Magic","https://classic.battle.net/diablo2exp/items/elite/staves.shtml",""
"Diablo II","Weapons","Staff","Walking Stick","Elite","Normal / Magic","https://classic.battle.net/diablo2exp/items/elite/staves.shtml",""
"Diablo II","Weapons","Staff","War Staff","Normal","Normal / Magic","https://classic.battle.net/diablo2exp/items/normal/staves.shtml",""
"Diablo II","Weapons","Sword","Ancient Sword","Exceptional","Normal / Magic","https://classic.battle.net/diablo2exp/items/exceptional/swords.shtml",""
"Diablo II","Weapons","Sword","Ataghan","Elite","Normal / Magic","https://classic.battle.net/diablo2exp/items/elite/swords.shtml",""
"Diablo II","Weapons","Sword","Balrog Blade","Elite","Normal / Magic","https://classic.battle.net/diablo2exp/items/elite/swords.shtml",""
"Diablo II","Weapons","Sword","Bastard Sword","Normal","Normal / Magic","https://classic.battle.net/diablo2exp/items/normal/swords.shtml",""
"Diablo II","Weapons","Sword","Battle Sword","Exceptional","Normal / Magic","https://classic.battle.net/diablo2exp/items/exceptional/swords.shtml",""
"Diablo II","Weapons","Sword","Broad Sword","Normal","Normal / Magic","https://classic.battle.net/diablo2exp/items/normal/swords.shtml",""
"Diablo II","Weapons","Sword","Champion Sword","Elite","Normal / Magic","https://classic.battle.net/diablo2exp/items/elite/swords.shtml",""
"Diablo II","Weapons","Sword","Claymore","Normal","Normal / Magic","https://classic.battle.net/diablo2exp/items/normal/swords.shtml",""
"Diablo II","Weapons","Sword","Colossus Blade","Elite","Normal / Magic","https://classic.battle.net/diablo2exp/items/elite/swords.shtml",""
"Diablo II","Weapons","Sword","Colossus Sword","Elite","Normal / Magic","https://classic.battle.net/diablo2exp/items/elite/swords.shtml",""
"Diablo II","Weapons","Sword","Conquest Sword","Elite","Normal / Magic","https://classic.battle.net/diablo2exp/items/elite/swords.shtml",""
"Diablo II","Weapons","Sword","Cryptic Sword","Elite","Normal / Magic","https://classic.battle.net/diablo2exp/items/elite/swords.shtml",""
"Diablo II","Weapons","Sword","Crystal Sword","Normal","Normal / Magic","https://classic.battle.net/diablo2exp/items/normal/swords.shtml",""
"Diablo II","Weapons","Sword","Cutlass","Exceptional","Normal / Magic","https://classic.battle.net/diablo2exp/items/exceptional/swords.shtml",""
"Diablo II","Weapons","Sword","Dacian Falx","Exceptional","Normal / Magic","https://classic.battle.net/diablo2exp/items/exceptional/swords.shtml",""
"Diablo II","Weapons","Sword","Dimensional Blade","Exceptional","Normal / Magic","https://classic.battle.net/diablo2exp/items/exceptional/swords.shtml",""
"Diablo II","Weapons","Sword","Elegant Blade","Elite","Normal / Magic","https://classic.battle.net/diablo2exp/items/elite/swords.shtml",""
"Diablo II","Weapons","Sword","Espandon","Exceptional","Normal / Magic","https://classic.battle.net/diablo2exp/items/exceptional/swords.shtml",""
"Diablo II","Weapons","Sword","Exceptional Swords","Exceptional","Normal / Magic","https://classic.battle.net/diablo2exp/items/exceptional/swords.shtml",""
"Diablo II","Weapons","Sword","Executioner Sword","Exceptional","Normal / Magic","https://classic.battle.net/diablo2exp/items/exceptional/swords.shtml",""
"Diablo II","Weapons","Sword","Falcata","Elite","Normal / Magic","https://classic.battle.net/diablo2exp/items/elite/swords.shtml",""
"Diablo II","Weapons","Sword","Falchion","Normal","Normal / Magic","https://classic.battle.net/diablo2exp/items/normal/swords.shtml",""
"Diablo II","Weapons","Sword","Flamberge","Normal","Normal / Magic","https://classic.battle.net/diablo2exp/items/normal/swords.shtml",""
"Diablo II","Weapons","Sword","Giant Sword","Normal","Normal / Magic","https://classic.battle.net/diablo2exp/items/normal/swords.shtml",""
"Diablo II","Weapons","Sword","Gothic Sword","Exceptional","Normal / Magic","https://classic.battle.net/diablo2exp/items/exceptional/swords.shtml",""
"Diablo II","Weapons","Sword","Great Sword","Normal","Normal / Magic","https://classic.battle.net/diablo2exp/items/normal/swords.shtml",""
"Diablo II","Weapons","Sword","Highland Blade","Elite","Normal / Magic","https://classic.battle.net/diablo2exp/items/elite/swords.shtml",""
"Diablo II","Weapons","Sword","Hydra Edge","Elite","Normal / Magic","https://classic.battle.net/diablo2exp/items/elite/swords.shtml",""
"Diablo II","Weapons","Sword","Legend Sword","Elite","Normal / Magic","https://classic.battle.net/diablo2exp/items/elite/swords.shtml",""
"Diablo II","Weapons","Sword","Long Sword","Normal","Normal / Magic","https://classic.battle.net/diablo2exp/items/normal/swords.shtml",""
"Diablo II","Weapons","Sword","Mythical Sword","Elite","Normal / Magic","https://classic.battle.net/diablo2exp/items/elite/swords.shtml",""
"Diablo II","Weapons","Sword","Phase Blade","Elite","Normal / Magic","https://classic.battle.net/diablo2exp/items/elite/swords.shtml",""
"Diablo II","Weapons","Sword","Rune Sword","Exceptional","Normal / Magic","https://classic.battle.net/diablo2exp/items/exceptional/swords.shtml",""
"Diablo II","Weapons","Sword","Sabre","Normal","Normal / Magic","https://classic.battle.net/diablo2exp/items/normal/swords.shtml",""
"Diablo II","Weapons","Sword","Scimitar","Normal","Normal / Magic","https://classic.battle.net/diablo2exp/items/normal/swords.shtml",""
"Diablo II","Weapons","Sword","Shamshir","Exceptional","Normal / Magic","https://classic.battle.net/diablo2exp/items/exceptional/swords.shtml",""
"Diablo II","Weapons","Sword","Short Sword","Normal","Normal / Magic","https://classic.battle.net/diablo2exp/items/normal/swords.shtml",""
"Diablo II","Weapons","Sword","Tulwar","Exceptional","Normal / Magic","https://classic.battle.net/diablo2exp/items/exceptional/swords.shtml",""
"Diablo II","Weapons","Sword","Tusk Sword","Exceptional","Normal / Magic","https://classic.battle.net/diablo2exp/items/exceptional/swords.shtml",""
"Diablo II","Weapons","Sword","Two-handed Sword","Normal","Normal / Magic","https://classic.battle.net/diablo2exp/items/normal/swords.shtml",""
"Diablo II","Weapons","Sword","War Sword","Normal","Normal / Magic","https://classic.battle.net/diablo2exp/items/normal/swords.shtml",""
"Diablo II","Weapons","Sword","Zweihander","Exceptional","Normal / Magic","https://classic.battle.net/diablo2exp/items/exceptional/swords.shtml",""
"Diablo II","Weapons","Throwing weapon","Balanced Axe","Normal","Normal / Magic","https://classic.battle.net/diablo2exp/items/normal/throw.shtml",""
"Diablo II","Weapons","Throwing weapon","Balanced Knife","Normal","Normal / Magic","https://classic.battle.net/diablo2exp/items/normal/throw.shtml",""
"Diablo II","Weapons","Throwing weapon","Exceptional Throwing Weapons","Exceptional","Normal / Magic","https://classic.battle.net/diablo2exp/items/exceptional/throw.shtml",""
"Diablo II","Weapons","Throwing weapon","Flying Axe","Elite","Normal / Magic","https://classic.battle.net/diablo2exp/items/elite/throw.shtml",""
"Diablo II","Weapons","Throwing weapon","Flying Knife","Elite","Normal / Magic","https://classic.battle.net/diablo2exp/items/elite/throw.shtml",""
"Diablo II","Weapons","Throwing weapon","Francisca","Exceptional","Normal / Magic","https://classic.battle.net/diablo2exp/items/exceptional/throw.shtml",""
"Diablo II","Weapons","Throwing weapon","Hurlbat","Exceptional","Normal / Magic","https://classic.battle.net/diablo2exp/items/exceptional/throw.shtml",""
"Diablo II","Weapons","Throwing weapon","Throwing Axe","Normal","Normal / Magic","https://classic.battle.net/diablo2exp/items/normal/throw.shtml",""
"Diablo II","Weapons","Throwing weapon","Throwing Knife","Normal","Normal / Magic","https://classic.battle.net/diablo2exp/items/normal/throw.shtml",""
"Diablo II","Weapons","Throwing weapon","War Dart","Exceptional","Normal / Magic","https://classic.battle.net/diablo2exp/items/exceptional/throw.shtml",""
"Diablo II","Weapons","Throwing weapon","Winged Axe","Elite","Normal / Magic","https://classic.battle.net/diablo2exp/items/elite/throw.shtml",""
"Diablo II","Weapons","Throwing weapon","Winged Knife","Elite","Normal / Magic","https://classic.battle.net/diablo2exp/items/elite/throw.shtml",""
"Diablo II","Weapons","Wand","Bone Wand","Normal","Normal / Magic","https://classic.battle.net/diablo2exp/items/normal/wands.shtml",""
"Diablo II","Weapons","Wand","Exceptional Wands","Exceptional","Normal / Magic","https://classic.battle.net/diablo2exp/items/exceptional/wands.shtml",""
"Diablo II","Weapons","Wand","Ghost Wand","Elite","Normal / Magic","https://classic.battle.net/diablo2exp/items/elite/wands.shtml",""
"Diablo II","Weapons","Wand","Grave Wand","Exceptional","Normal / Magic","https://classic.battle.net/diablo2exp/items/exceptional/wands.shtml",""
"Diablo II","Weapons","Wand","Grim Wand","Normal","Normal / Magic","https://classic.battle.net/diablo2exp/items/normal/wands.shtml",""
"Diablo II","Weapons","Wand","Lich Wand","Elite","Normal / Magic","https://classic.battle.net/diablo2exp/items/elite/wands.shtml",""
"Diablo II","Weapons","Wand","Petrified Wand","Exceptional","Normal / Magic","https://classic.battle.net/diablo2exp/items/exceptional/wands.shtml",""
"Diablo II","Weapons","Wand","Polished Wand","Elite","Normal / Magic","https://classic.battle.net/diablo2exp/items/elite/wands.shtml",""
"Diablo II","Weapons","Wand","Tomb Wand","Exceptional","Normal / Magic","https://classic.battle.net/diablo2exp/items/exceptional/wands.shtml",""
"Diablo II","Weapons","Wand","Unearthed Wand","Elite","Normal / Magic","https://classic.battle.net/diablo2exp/items/elite/wands.shtml",""
"Diablo II","Weapons","Wand","Wand","Normal","Normal / Magic","https://classic.battle.net/diablo2exp/items/normal/wands.shtml",""
"Diablo II","Weapons","Wand","Yew Wand","Normal","Normal / Magic","https://classic.battle.net/diablo2exp/items/normal/wands.shtml",""
"Diablo III","Armour","Boots","Archon Greaves","Base","Base type (white/grey/blue)","https://eu.diablo3.blizzard.com/en-gb/item/archon-greaves-Boots_206",""
"Diablo III","Armour","Boots","Ascended Greaves","Base","Base type (white/grey/blue)","https://eu.diablo3.blizzard.com/en-gb/artisan/blacksmith/recipe/sovereign-ascended-greaves","Base name listed through a crafting recipe in Blizzard item guide; recipe bonuses excluded."
"Diablo III","Armour","Boots","Astral Greaves","Base","Base type (white/grey/blue)","https://eu.diablo3.blizzard.com/en-gb/item/astral-greaves-Boots_202",""
"Diablo III","Armour","Boots","Balor Treads","Base","Base type (white/grey/blue)","https://eu.diablo3.blizzard.com/en-gb/artisan/blacksmith/recipe/glorious-balor-treads","Base name listed through a crafting recipe in Blizzard item guide; recipe bonuses excluded."
"Diablo III","Armour","Boots","Battle Greaves","Base","Base type (white/grey/blue)","https://eu.diablo3.blizzard.com/en-gb/artisan/blacksmith/recipe/resplendent-battle-greaves","Base name listed through a crafting recipe in Blizzard item guide; recipe bonuses excluded."
"Diablo III","Armour","Boots","Boots","Base","Base type (white/grey/blue)","https://eu.diablo3.blizzard.com/en-gb/artisan/blacksmith/recipe/apprentice-boots","Base name listed through a crafting recipe in Blizzard item guide; recipe bonuses excluded."
"Diablo III","Armour","Boots","Brogans","Base","Base type (white/grey/blue)","https://eu.diablo3.blizzard.com/en-gb/artisan/blacksmith/recipe/illustrious-brogans","Base name listed through a crafting recipe in Blizzard item guide; recipe bonuses excluded."
"Diablo III","Armour","Boots","Chain Boots","Base","Base type (white/grey/blue)","https://eu.diablo3.blizzard.com/en-gb/artisan/blacksmith/recipe/journeyman-chain-boots","Base name listed through a crafting recipe in Blizzard item guide; recipe bonuses excluded."
"Diablo III","Armour","Boots","Doom Treads","Base","Base type (white/grey/blue)","https://eu.diablo3.blizzard.com/en-gb/item/doom-treads-Boots_204",""
"Diablo III","Armour","Boots","Greaves","Base","Base type (white/grey/blue)","https://eu.diablo3.blizzard.com/en-gb/artisan/blacksmith/recipe/master-greaves","Base name listed through a crafting recipe in Blizzard item guide; recipe bonuses excluded."
"Diablo III","Armour","Boots","Heavy Boots","Base","Base type (white/grey/blue)","https://eu.diablo3.blizzard.com/en-gb/artisan/blacksmith/recipe/apprentice-heavy-boots","Base name listed through a crafting recipe in Blizzard item guide; recipe bonuses excluded."
"Diablo III","Armour","Boots","Heavy Sabatons","Base","Base type (white/grey/blue)","https://eu.diablo3.blizzard.com/en-gb/artisan/blacksmith/recipe/magnificent-heavy-sabatons","Base name listed through a crafting recipe in Blizzard item guide; recipe bonuses excluded."
"Diablo III","Armour","Boots","Rakkisgard Greaves","Base","Base type (white/grey/blue)","https://eu.diablo3.blizzard.com/en-gb/artisan/blacksmith/recipe/exquisite-rakkisgard-greaves","Base name listed through a crafting recipe in Blizzard item guide; recipe bonuses excluded."
"Diablo III","Armour","Boots","Sabatons","Base","Base type (white/grey/blue)","https://eu.diablo3.blizzard.com/en-gb/artisan/blacksmith/recipe/adept-sabatons","Base name listed through a crafting recipe in Blizzard item guide; recipe bonuses excluded."
"Diablo III","Armour","Boots","Shoes","Base","Base type (white/grey/blue)","https://eu.diablo3.blizzard.com/en-gb/item/shoes-Boots_001",""
"Diablo III","Armour","Boots","Silk Shoes","Base","Base type (white/grey/blue)","https://eu.diablo3.blizzard.com/en-gb/artisan/blacksmith/recipe/grand-master-silk-shoes","Base name listed through a crafting recipe in Blizzard item guide; recipe bonuses excluded."
"Diablo III","Armour","Boots","Sovereign Greaves","Base","Base type (white/grey/blue)","https://eu.diablo3.blizzard.com/en-gb/artisan/blacksmith/recipe/exalted-greaves","Base name listed through a crafting recipe in Blizzard item guide; recipe bonuses excluded."
"Diablo III","Armour","Boots","Treads","Base","Base type (white/grey/blue)","https://eu.diablo3.blizzard.com/en-gb/item/treads-Boots_103",""
"Diablo III","Armour","Boots","Warlord Boots","Base","Base type (white/grey/blue)","https://eu.diablo3.blizzard.com/en-gb/item/warlord-boots-Boots_203",""
"Diablo III","Armour","Bracers","Armbands","Base","Base type (white/grey/blue)","https://eu.diablo3.blizzard.com/en-gb/item/armbands-Bracers_202",""
"Diablo III","Armour","Bracers","Armguards","Base","Base type (white/grey/blue)","https://eu.diablo3.blizzard.com/en-gb/item/armguards-Bracers_204",""
"Diablo III","Armour","Bracers","Armplates","Base","Base type (white/grey/blue)","https://eu.diablo3.blizzard.com/en-gb/artisan/blacksmith/recipe/exalted-armplates","Base name listed through a crafting recipe in Blizzard item guide; recipe bonuses excluded."
"Diablo III","Armour","Bracers","Armwraps","Base","Base type (white/grey/blue)","https://eu.diablo3.blizzard.com/en-gb/artisan/blacksmith/recipe/glorious-armwraps","Base name listed through a crafting recipe in Blizzard item guide; recipe bonuses excluded."
"Diablo III","Armour","Bracers","Ascended Bracers","Base","Base type (white/grey/blue)","https://eu.diablo3.blizzard.com/en-gb/artisan/blacksmith/recipe/sovereign-ascended-bracers","Base name listed through a crafting recipe in Blizzard item guide; recipe bonuses excluded."
"Diablo III","Armour","Bracers","Bindings","Base","Base type (white/grey/blue)","https://eu.diablo3.blizzard.com/en-gb/item/bindings-Bracers_003",""
"Diablo III","Armour","Bracers","Bracelets","Base","Base type (white/grey/blue)","https://eu.diablo3.blizzard.com/en-gb/artisan/blacksmith/recipe/adept-bracelets","Base name listed through a crafting recipe in Blizzard item guide; recipe bonuses excluded."
"Diablo III","Armour","Bracers","Bracers","Base","Base type (white/grey/blue)","https://eu.diablo3.blizzard.com/en-gb/item/bracers-Bracers_001",""
"Diablo III","Armour","Bracers","Leather Cuffs","Base","Base type (white/grey/blue)","https://eu.diablo3.blizzard.com/en-gb/item/leather-cuffs-Bracers_002",""
"Diablo III","Armour","Bracers","Mail Bands","Base","Base type (white/grey/blue)","https://eu.diablo3.blizzard.com/en-gb/artisan/blacksmith/recipe/master-mail-bands","Base name listed through a crafting recipe in Blizzard item guide; recipe bonuses excluded."
"Diablo III","Armour","Bracers","Rakkisgard Bracers","Base","Base type (white/grey/blue)","https://eu.diablo3.blizzard.com/en-gb/artisan/blacksmith/recipe/exquisite-rakkisgard-bracers","Base name listed through a crafting recipe in Blizzard item guide; recipe bonuses excluded."
"Diablo III","Armour","Bracers","Razorspikes","Base","Base type (white/grey/blue)","https://eu.diablo3.blizzard.com/en-gb/item/razorspikes-Bracers_206",""
"Diablo III","Armour","Bracers","Stabilizers","Base","Base type (white/grey/blue)","https://eu.diablo3.blizzard.com/en-gb/artisan/blacksmith/recipe/illustrious-stabilizers","Base name listed through a crafting recipe in Blizzard item guide; recipe bonuses excluded."
"Diablo III","Armour","Bracers","Vambraces","Base","Base type (white/grey/blue)","https://eu.diablo3.blizzard.com/en-gb/artisan/blacksmith/recipe/journeyman-vambraces","Base name listed through a crafting recipe in Blizzard item guide; recipe bonuses excluded."
"Diablo III","Armour","Bracers","Warbands","Base","Base type (white/grey/blue)","https://eu.diablo3.blizzard.com/en-gb/item/warbands-Bracers_203",""
"Diablo III","Armour","Bracers","Wristbands","Base","Base type (white/grey/blue)","https://eu.diablo3.blizzard.com/en-gb/item/wristbands-Bracers_102",""
"Diablo III","Armour","Bracers","Wristguards","Base","Base type (white/grey/blue)","https://eu.diablo3.blizzard.com/en-gb/artisan/blacksmith/recipe/magnificent-wristguards","Base name listed through a crafting recipe in Blizzard item guide; recipe bonuses excluded."
"Diablo III","Armour","Bracers","Wristplates","Base","Base type (white/grey/blue)","https://eu.diablo3.blizzard.com/en-gb/artisan/blacksmith/recipe/resplendent-wristplates","Base name listed through a crafting recipe in Blizzard item guide; recipe bonuses excluded."
"Diablo III","Armour","Bracers","Wristwraps","Base","Base type (white/grey/blue)","https://eu.diablo3.blizzard.com/en-gb/artisan/blacksmith/recipe/grand-master-wristwraps","Base name listed through a crafting recipe in Blizzard item guide; recipe bonuses excluded."
"Diablo III","Armour","Chest Armor","Archon Armor","Base","Base type (white/grey/blue)","https://eu.diablo3.blizzard.com/en-gb/item/archon-armor-ChestArmor_206",""
"Diablo III","Armour","Chest Armor","Ascended Armor","Base","Base type (white/grey/blue)","https://eu.diablo3.blizzard.com/en-gb/artisan/blacksmith/recipe/sovereign-ascended-armor","Base name listed through a crafting recipe in Blizzard item guide; recipe bonuses excluded."
"Diablo III","Armour","Chest Armor","Astral Mail","Base","Base type (white/grey/blue)","https://eu.diablo3.blizzard.com/en-gb/item/astral-mail-ChestArmor_202",""
"Diablo III","Armour","Chest Armor","Balor Armor","Base","Base type (white/grey/blue)","https://eu.diablo3.blizzard.com/en-gb/artisan/blacksmith/recipe/glorious-balor-armor","Base name listed through a crafting recipe in Blizzard item guide; recipe bonuses excluded."
"Diablo III","Armour","Chest Armor","Banded Cuirass","Base","Base type (white/grey/blue)","https://eu.diablo3.blizzard.com/en-gb/artisan/blacksmith/recipe/adept-banded-cuirass","Base name listed through a crafting recipe in Blizzard item guide; recipe bonuses excluded."
"Diablo III","Armour","Chest Armor","Battle Armor","Base","Base type (white/grey/blue)","https://eu.diablo3.blizzard.com/en-gb/artisan/blacksmith/recipe/magnificent-battle-armor","Base name listed through a crafting recipe in Blizzard item guide; recipe bonuses excluded."
"Diablo III","Armour","Chest Armor","Boneweave Hauberk","Base","Base type (white/grey/blue)","https://eu.diablo3.blizzard.com/en-gb/artisan/blacksmith/recipe/resplendent-boneweave-hauberk","Base name listed through a crafting recipe in Blizzard item guide; recipe bonuses excluded."
"Diablo III","Armour","Chest Armor","Brigandine Coat","Base","Base type (white/grey/blue)","https://eu.diablo3.blizzard.com/en-gb/artisan/blacksmith/recipe/apprentice-brigandine-coat","Base name listed through a crafting recipe in Blizzard item guide; recipe bonuses excluded."
"Diablo III","Armour","Chest Armor","Chain Mail","Base","Base type (white/grey/blue)","https://eu.diablo3.blizzard.com/en-gb/artisan/blacksmith/recipe/apprentice-chain-mail","Base name listed through a crafting recipe in Blizzard item guide; recipe bonuses excluded."
"Diablo III","Armour","Chest Armor","Cloth Tunic","Base","Base type (white/grey/blue)","https://eu.diablo3.blizzard.com/en-gb/item/cloth-tunic-ChestArmor_001",""
"Diablo III","Armour","Chest Armor","Doom Armor","Base","Base type (white/grey/blue)","https://eu.diablo3.blizzard.com/en-gb/item/doom-armor-ChestArmor_204",""
"Diablo III","Armour","Chest Armor","Etched Jacket","Base","Base type (white/grey/blue)","https://eu.diablo3.blizzard.com/en-gb/artisan/blacksmith/recipe/illustrious-etched-jacket","Base name listed through a crafting recipe in Blizzard item guide; recipe bonuses excluded."
"Diablo III","Armour","Chest Armor","Hide Tunic","Base","Base type (white/grey/blue)","https://eu.diablo3.blizzard.com/en-gb/artisan/blacksmith/recipe/apprentice-hide-tunic","Base name listed through a crafting recipe in Blizzard item guide; recipe bonuses excluded."
"Diablo III","Armour","Chest Armor","Jazeraint Mail","Base","Base type (white/grey/blue)","https://eu.diablo3.blizzard.com/en-gb/item/jazeraint-mail-ChestArmor_103",""
"Diablo III","Armour","Chest Armor","Leather Doublet","Base","Base type (white/grey/blue)","https://eu.diablo3.blizzard.com/en-gb/item/leather-doublet-ChestArmor_002",""
"Diablo III","Armour","Chest Armor","Plate Mail","Base","Base type (white/grey/blue)","https://eu.diablo3.blizzard.com/en-gb/artisan/blacksmith/recipe/master-plate-mail","Base name listed through a crafting recipe in Blizzard item guide; recipe bonuses excluded."
"Diablo III","Armour","Chest Armor","Rakkisgard Armor","Base","Base type (white/grey/blue)","https://eu.diablo3.blizzard.com/en-gb/artisan/blacksmith/recipe/exquisite-rakkisgard-armor","Base name listed through a crafting recipe in Blizzard item guide; recipe bonuses excluded."
"Diablo III","Armour","Chest Armor","Sovereign Mail","Base","Base type (white/grey/blue)","https://eu.diablo3.blizzard.com/en-gb/artisan/blacksmith/recipe/exalted-mail","Base name listed through a crafting recipe in Blizzard item guide; recipe bonuses excluded."
"Diablo III","Armour","Chest Armor","Splint Cuirass","Base","Base type (white/grey/blue)","https://eu.diablo3.blizzard.com/en-gb/artisan/blacksmith/recipe/journeyman-splint-cuirass","Base name listed through a crafting recipe in Blizzard item guide; recipe bonuses excluded."
"Diablo III","Armour","Chest Armor","Stygian Harness","Base","Base type (white/grey/blue)","https://eu.diablo3.blizzard.com/en-gb/artisan/blacksmith/recipe/grand-master-stygian-harness","Base name listed through a crafting recipe in Blizzard item guide; recipe bonuses excluded."
"Diablo III","Armour","Chest Armor","Warlord Plate","Base","Base type (white/grey/blue)","https://eu.diablo3.blizzard.com/en-gb/item/warlord-plate-ChestArmor_203",""
"Diablo III","Armour","Cloak","Ascended Cloak","Base","Base type (white/grey/blue)","https://eu.diablo3.blizzard.com/en-gb/artisan/blacksmith/recipe/sovereign-ascended-cloak","Base name listed through a crafting recipe in Blizzard item guide; recipe bonuses excluded."
"Diablo III","Armour","Cloak","Cape","Base","Base type (white/grey/blue)","https://eu.diablo3.blizzard.com/en-gb/item/cape-Cloak_003",""
"Diablo III","Armour","Cloak","Cardinal","Base","Base type (white/grey/blue)","https://eu.diablo3.blizzard.com/en-gb/item/cardinal-Cloak_104",""
"Diablo III","Armour","Cloak","Death Shroud","Base","Base type (white/grey/blue)","https://eu.diablo3.blizzard.com/en-gb/item/death-shroud-Cloak_202",""
"Diablo III","Armour","Cloak","Dread Cloak","Base","Base type (white/grey/blue)","https://eu.diablo3.blizzard.com/en-gb/item/dread-cloak-Cloak_204",""
"Diablo III","Armour","Cloak","Hunter Cloak","Base","Base type (white/grey/blue)","https://eu.diablo3.blizzard.com/en-gb/item/hunter-cloak-Cloak_001",""
"Diablo III","Armour","Cloak","Lurker Shroud","Base","Base type (white/grey/blue)","https://eu.diablo3.blizzard.com/en-gb/item/lurker-shroud-Cloak_102",""
"Diablo III","Armour","Cloak","Mantle","Base","Base type (white/grey/blue)","https://eu.diablo3.blizzard.com/en-gb/item/mantle-Cloak_004a",""
"Diablo III","Armour","Cloak","Rakkisgard Cloak","Base","Base type (white/grey/blue)","https://eu.diablo3.blizzard.com/en-gb/item/rakkisgard-cloak-Cloak_205",""
"Diablo III","Armour","Cloak","Shroud","Base","Base type (white/grey/blue)","https://eu.diablo3.blizzard.com/en-gb/item/shroud-Cloak_002",""
"Diablo III","Armour","Cloak","Stalker Cape","Base","Base type (white/grey/blue)","https://eu.diablo3.blizzard.com/en-gb/item/stalker-cape-Cloak_203",""
"Diablo III","Armour","Cloak","Tabard","Base","Base type (white/grey/blue)","https://eu.diablo3.blizzard.com/en-gb/item/tabard-Cloak_004",""
"Diablo III","Armour","Cloak","Talma","Base","Base type (white/grey/blue)","https://eu.diablo3.blizzard.com/en-gb/item/talma-Cloak_103",""
"Diablo III","Armour","Cloak","Veteran Cloak","Base","Base type (white/grey/blue)","https://eu.diablo3.blizzard.com/en-gb/item/veteran-cloak-Cloak_201",""
"Diablo III","Armour","Cloak","Wrap","Base","Base type (white/grey/blue)","https://eu.diablo3.blizzard.com/en-gb/item/wrap-Cloak_101",""
"Diablo III","Armour","Crusader Shield","Adamantine Blason","Base","Base type (white/grey/blue)","https://eu.diablo3.blizzard.com/en-gb/item/adamantine-blason-CrusaderShield_205",""
"Diablo III","Armour","Crusader Shield","Blazoned Shield","Base","Base type (white/grey/blue)","https://eu.diablo3.blizzard.com/en-gb/item/blazoned-shield-CrusaderShield_104",""
"Diablo III","Armour","Crusader Shield","Chased Shield","Base","Base type (white/grey/blue)","https://eu.diablo3.blizzard.com/en-gb/item/chased-shield-CrusaderShield_105",""
"Diablo III","Armour","Crusader Shield","Conquest Shield","Base","Base type (white/grey/blue)","https://eu.diablo3.blizzard.com/en-gb/item/conquest-shield-CrusaderShield_106",""
"Diablo III","Armour","Crusader Shield","Crown Shield","Base","Base type (white/grey/blue)","https://eu.diablo3.blizzard.com/en-gb/item/crown-shield-CrusaderShield_007",""
"Diablo III","Armour","Crusader Shield","Crusader Shield","Base","Base type (white/grey/blue)","https://eu.diablo3.blizzard.com/en-gb/item/crusader-shield-CrusaderShield_000",""
"Diablo III","Armour","Crusader Shield","Embossed Shield","Base","Base type (white/grey/blue)","https://eu.diablo3.blizzard.com/en-gb/item/embossed-shield-CrusaderShield_005",""
"Diablo III","Armour","Crusader Shield","Enduring Guardian","Base","Base type (white/grey/blue)","https://eu.diablo3.blizzard.com/en-gb/item/enduring-guardian-CrusaderShield_202",""
"Diablo III","Armour","Crusader Shield","Gilded Shield","Base","Base type (white/grey/blue)","https://eu.diablo3.blizzard.com/en-gb/item/gilded-shield-CrusaderShield_101",""
"Diablo III","Armour","Crusader Shield","Heavy Shield","Base","Base type (white/grey/blue)","https://eu.diablo3.blizzard.com/en-gb/item/heavy-shield-CrusaderShield_206",""
"Diablo III","Armour","Crusader Shield","Heraldic Heater","Base","Base type (white/grey/blue)","https://eu.diablo3.blizzard.com/en-gb/item/heraldic-heater-CrusaderShield_004",""
"Diablo III","Armour","Crusader Shield","Imperial Kite","Base","Base type (white/grey/blue)","https://eu.diablo3.blizzard.com/en-gb/item/imperial-kite-CrusaderShield_107",""
"Diablo III","Armour","Crusader Shield","Protector Shield","Base","Base type (white/grey/blue)","https://eu.diablo3.blizzard.com/en-gb/item/protector-shield-CrusaderShield_006",""
"Diablo III","Armour","Crusader Shield","Raptor Shield","Base","Base type (white/grey/blue)","https://eu.diablo3.blizzard.com/en-gb/item/raptor-shield-CrusaderShield_204",""
"Diablo III","Armour","Crusader Shield","Righteous Defender","Base","Base type (white/grey/blue)","https://eu.diablo3.blizzard.com/en-gb/item/righteous-defender-CrusaderShield_201",""
"Diablo III","Armour","Crusader Shield","Royal Shield","Base","Base type (white/grey/blue)","https://eu.diablo3.blizzard.com/en-gb/item/royal-shield-CrusaderShield_003",""
"Diablo III","Armour","Crusader Shield","Sacred Scutum","Base","Base type (white/grey/blue)","https://eu.diablo3.blizzard.com/en-gb/item/sacred-scutum-CrusaderShield_002",""
"Diablo III","Armour","Crusader Shield","Stalwart Guardian","Base","Base type (white/grey/blue)","https://eu.diablo3.blizzard.com/en-gb/artisan/blacksmith/recipe/sovereign-stalwart-guardian","Base name listed through a crafting recipe in Blizzard item guide; recipe bonuses excluded."
"Diablo III","Armour","Crusader Shield","Wall Shield","Base","Base type (white/grey/blue)","https://eu.diablo3.blizzard.com/en-gb/item/wall-shield-CrusaderShield_102",""
"Diablo III","Armour","Crusader Shield","Zakara Heater","Base","Base type (white/grey/blue)","https://eu.diablo3.blizzard.com/en-gb/item/zakara-heater-CrusaderShield_103",""
"Diablo III","Armour","Crusader Shield","Zealous Protector","Base","Base type (white/grey/blue)","https://eu.diablo3.blizzard.com/en-gb/item/zealous-protector-CrusaderShield_203",""
"Diablo III","Armour","Pants","Archon Faulds","Base","Base type (white/grey/blue)","https://eu.diablo3.blizzard.com/en-gb/item/archon-faulds-Pants_206",""
"Diablo III","Armour","Pants","Ascended Faulds","Base","Base type (white/grey/blue)","https://eu.diablo3.blizzard.com/en-gb/artisan/blacksmith/recipe/sovereign-ascended-faulds","Base name listed through a crafting recipe in Blizzard item guide; recipe bonuses excluded."
"Diablo III","Armour","Pants","Boneweave Faulds","Base","Base type (white/grey/blue)","https://eu.diablo3.blizzard.com/en-gb/artisan/blacksmith/recipe/resplendent-boneweave-faulds","Base name listed through a crafting recipe in Blizzard item guide; recipe bonuses excluded."
"Diablo III","Armour","Pants","Chain Leggings","Base","Base type (white/grey/blue)","https://eu.diablo3.blizzard.com/en-gb/artisan/blacksmith/recipe/apprentice-chain-leggings","Base name listed through a crafting recipe in Blizzard item guide; recipe bonuses excluded."
"Diablo III","Armour","Pants","Chausses","Base","Base type (white/grey/blue)","https://eu.diablo3.blizzard.com/en-gb/artisan/blacksmith/recipe/illustrious-chausses","Base name listed through a crafting recipe in Blizzard item guide; recipe bonuses excluded."
"Diablo III","Armour","Pants","Cloth Pants","Base","Base type (white/grey/blue)","https://eu.diablo3.blizzard.com/en-gb/item/cloth-pants-Pants_001",""
"Diablo III","Armour","Pants","Etched Pants","Base","Base type (white/grey/blue)","https://eu.diablo3.blizzard.com/en-gb/artisan/blacksmith/recipe/grand-master-etched-pants","Base name listed through a crafting recipe in Blizzard item guide; recipe bonuses excluded."
"Diablo III","Armour","Pants","Faulds","Base","Base type (white/grey/blue)","https://eu.diablo3.blizzard.com/en-gb/artisan/blacksmith/recipe/journeyman-faulds","Base name listed through a crafting recipe in Blizzard item guide; recipe bonuses excluded."
"Diablo III","Armour","Pants","Hide Breeches","Base","Base type (white/grey/blue)","https://eu.diablo3.blizzard.com/en-gb/artisan/blacksmith/recipe/apprentice-hide-breeches","Base name listed through a crafting recipe in Blizzard item guide; recipe bonuses excluded."
"Diablo III","Armour","Pants","Leather Pants","Base","Base type (white/grey/blue)","https://eu.diablo3.blizzard.com/en-gb/item/leather-pants-Pants_002",""
"Diablo III","Armour","Pants","Leg Guards","Base","Base type (white/grey/blue)","https://eu.diablo3.blizzard.com/en-gb/artisan/blacksmith/recipe/glorious-leg-guards","Base name listed through a crafting recipe in Blizzard item guide; recipe bonuses excluded."
"Diablo III","Armour","Pants","Legwraps","Base","Base type (white/grey/blue)","https://eu.diablo3.blizzard.com/en-gb/artisan/blacksmith/recipe/master-legwraps","Base name listed through a crafting recipe in Blizzard item guide; recipe bonuses excluded."
"Diablo III","Armour","Pants","Plate Leggings","Base","Base type (white/grey/blue)","https://eu.diablo3.blizzard.com/en-gb/artisan/blacksmith/recipe/adept-plate-leggings","Base name listed through a crafting recipe in Blizzard item guide; recipe bonuses excluded."
"Diablo III","Armour","Pants","Poleyns","Base","Base type (white/grey/blue)","https://eu.diablo3.blizzard.com/en-gb/item/poleyns-Pants_202",""
"Diablo III","Armour","Pants","Rakkisgard Leg Plates","Base","Base type (white/grey/blue)","https://eu.diablo3.blizzard.com/en-gb/artisan/blacksmith/recipe/exquisite-rakkisgard-leg-plates","Base name listed through a crafting recipe in Blizzard item guide; recipe bonuses excluded."
"Diablo III","Armour","Pants","Rough Hide Leggings","Base","Base type (white/grey/blue)","https://eu.diablo3.blizzard.com/en-gb/artisan/blacksmith/recipe/apprentice-rough-hide-leggings","Base name listed through a crafting recipe in Blizzard item guide; recipe bonuses excluded."
"Diablo III","Armour","Pants","Schynbalds","Base","Base type (white/grey/blue)","https://eu.diablo3.blizzard.com/en-gb/item/schynbalds-Pants_204",""
"Diablo III","Armour","Pants","Sovereign Tassets","Base","Base type (white/grey/blue)","https://eu.diablo3.blizzard.com/en-gb/artisan/blacksmith/recipe/exalted-tassets","Base name listed through a crafting recipe in Blizzard item guide; recipe bonuses excluded."
"Diablo III","Armour","Pants","Tassets","Base","Base type (white/grey/blue)","https://eu.diablo3.blizzard.com/en-gb/artisan/blacksmith/recipe/magnificent-tassets","Base name listed through a crafting recipe in Blizzard item guide; recipe bonuses excluded."
"Diablo III","Armour","Pants","Warlord Leg Plates","Base","Base type (white/grey/blue)","https://eu.diablo3.blizzard.com/en-gb/item/warlord-leg-plates-Pants_203",""
"Diablo III","Armour","Shield","Aegis","Base","Base type (white/grey/blue)","https://eu.diablo3.blizzard.com/en-gb/item/aegis-Shield_205_104",""
"Diablo III","Armour","Shield","Ascended Shield","Base","Base type (white/grey/blue)","https://eu.diablo3.blizzard.com/en-gb/artisan/blacksmith/recipe/sovereign-ascended-shield","Base name listed through a crafting recipe in Blizzard item guide; recipe bonuses excluded."
"Diablo III","Armour","Shield","Aspis","Base","Base type (white/grey/blue)","https://eu.diablo3.blizzard.com/en-gb/artisan/blacksmith/recipe/glorious-hoplon","Base name listed through a crafting recipe in Blizzard item guide; recipe bonuses excluded."
"Diablo III","Armour","Shield","Bone Shield","Base","Base type (white/grey/blue)","https://eu.diablo3.blizzard.com/en-gb/artisan/blacksmith/recipe/resplendent-bone-shield","Base name listed through a crafting recipe in Blizzard item guide; recipe bonuses excluded."
"Diablo III","Armour","Shield","Buckler","Base","Base type (white/grey/blue)","https://eu.diablo3.blizzard.com/en-gb/item/buckler-Shield_000",""
"Diablo III","Armour","Shield","Defender","Base","Base type (white/grey/blue)","https://eu.diablo3.blizzard.com/en-gb/item/defender-Shield_203_104",""
"Diablo III","Armour","Shield","Dread Shield","Base","Base type (white/grey/blue)","https://eu.diablo3.blizzard.com/en-gb/item/dread-shield-Shield_206",""
"Diablo III","Armour","Shield","Gothic Shield","Base","Base type (white/grey/blue)","https://eu.diablo3.blizzard.com/en-gb/artisan/blacksmith/recipe/adept-gothic-shield","Base name listed through a crafting recipe in Blizzard item guide; recipe bonuses excluded."
"Diablo III","Armour","Shield","Heater Shield","Base","Base type (white/grey/blue)","https://eu.diablo3.blizzard.com/en-gb/artisan/blacksmith/recipe/apprentice-heater-shield","Base name listed through a crafting recipe in Blizzard item guide; recipe bonuses excluded."
"Diablo III","Armour","Shield","Hoplon","Base","Base type (white/grey/blue)","https://eu.diablo3.blizzard.com/en-gb/item/hoplon-Shield_202",""
"Diablo III","Armour","Shield","Ironwood Shield","Base","Base type (white/grey/blue)","https://eu.diablo3.blizzard.com/en-gb/item/ironwood-shield-Shield_104",""
"Diablo III","Armour","Shield","Kite Shield","Base","Base type (white/grey/blue)","https://eu.diablo3.blizzard.com/en-gb/artisan/blacksmith/recipe/apprentice-kite-shield","Base name listed through a crafting recipe in Blizzard item guide; recipe bonuses excluded."
"Diablo III","Armour","Shield","Knight Shield","Base","Base type (white/grey/blue)","https://eu.diablo3.blizzard.com/en-gb/artisan/blacksmith/recipe/illustrious-knight-shield","Base name listed through a crafting recipe in Blizzard item guide; recipe bonuses excluded."
"Diablo III","Armour","Shield","Large Shield","Base","Base type (white/grey/blue)","https://eu.diablo3.blizzard.com/en-gb/artisan/blacksmith/recipe/journeyman-large-shield","Base name listed through a crafting recipe in Blizzard item guide; recipe bonuses excluded."
"Diablo III","Armour","Shield","Pavise","Base","Base type (white/grey/blue)","https://eu.diablo3.blizzard.com/en-gb/artisan/blacksmith/recipe/magnificent-pavise","Base name listed through a crafting recipe in Blizzard item guide; recipe bonuses excluded."
"Diablo III","Armour","Shield","Pelta","Base","Base type (white/grey/blue)","https://eu.diablo3.blizzard.com/en-gb/artisan/blacksmith/recipe/master-pelta","Base name listed through a crafting recipe in Blizzard item guide; recipe bonuses excluded."
"Diablo III","Armour","Shield","Rakkisgard Shield","Base","Base type (white/grey/blue)","https://eu.diablo3.blizzard.com/en-gb/artisan/blacksmith/recipe/exquisite-rakkisgard-shield","Base name listed through a crafting recipe in Blizzard item guide; recipe bonuses excluded."
"Diablo III","Armour","Shield","Rondache","Base","Base type (white/grey/blue)","https://eu.diablo3.blizzard.com/en-gb/artisan/blacksmith/recipe/grand-master-rondache","Base name listed through a crafting recipe in Blizzard item guide; recipe bonuses excluded."
"Diablo III","Armour","Shield","Sacred Shield","Base","Base type (white/grey/blue)","https://eu.diablo3.blizzard.com/en-gb/item/sacred-shield-Shield_207_104",""
"Diablo III","Armour","Shield","Savior","Base","Base type (white/grey/blue)","https://eu.diablo3.blizzard.com/en-gb/item/savior-Shield_107",""
"Diablo III","Armour","Shield","Scutum","Base","Base type (white/grey/blue)","https://eu.diablo3.blizzard.com/en-gb/item/scutum-Shield_204_104",""
"Diablo III","Armour","Shield","Targe Shield","Base","Base type (white/grey/blue)","https://eu.diablo3.blizzard.com/en-gb/item/targe-shield-Shield_002",""
"Diablo III","Armour","Shield","Tower Shield","Base","Base type (white/grey/blue)","https://eu.diablo3.blizzard.com/en-gb/item/tower-shield-Shield_007",""
"Diablo III","Armour","Shoulders","Ailettes","Base","Base type (white/grey/blue)","https://eu.diablo3.blizzard.com/en-gb/item/ailettes-Shoulders_102",""
"Diablo III","Armour","Shoulders","Amice","Base","Base type (white/grey/blue)","https://eu.diablo3.blizzard.com/en-gb/artisan/blacksmith/recipe/journeyman-amice","Base name listed through a crafting recipe in Blizzard item guide; recipe bonuses excluded."
"Diablo III","Armour","Shoulders","Archon Spaulders","Base","Base type (white/grey/blue)","https://eu.diablo3.blizzard.com/en-gb/item/archon-spaulders-Shoulders_206",""
"Diablo III","Armour","Shoulders","Ascended Pauldrons","Base","Base type (white/grey/blue)","https://eu.diablo3.blizzard.com/en-gb/artisan/blacksmith/recipe/sovereign-ascended-pauldrons","Base name listed through a crafting recipe in Blizzard item guide; recipe bonuses excluded."
"Diablo III","Armour","Shoulders","Balor Pauldrons","Base","Base type (white/grey/blue)","https://eu.diablo3.blizzard.com/en-gb/artisan/blacksmith/recipe/glorious-balor-pauldrons","Base name listed through a crafting recipe in Blizzard item guide; recipe bonuses excluded."
"Diablo III","Armour","Shoulders","Doom Pauldrons","Base","Base type (white/grey/blue)","https://eu.diablo3.blizzard.com/en-gb/item/doom-pauldrons-Shoulders_204",""
"Diablo III","Armour","Shoulders","Epaulets","Base","Base type (white/grey/blue)","https://eu.diablo3.blizzard.com/en-gb/artisan/blacksmith/recipe/resplendent-epaulets","Base name listed through a crafting recipe in Blizzard item guide; recipe bonuses excluded."
"Diablo III","Armour","Shoulders","Espaliers","Base","Base type (white/grey/blue)","https://eu.diablo3.blizzard.com/en-gb/item/espaliers-Shoulders_202",""
"Diablo III","Armour","Shoulders","Etched Mantle","Base","Base type (white/grey/blue)","https://eu.diablo3.blizzard.com/en-gb/artisan/blacksmith/recipe/grand-master-etched-mantle","Base name listed through a crafting recipe in Blizzard item guide; recipe bonuses excluded."
"Diablo III","Armour","Shoulders","Leather Mantle","Base","Base type (white/grey/blue)","https://eu.diablo3.blizzard.com/en-gb/item/leather-mantle-Shoulders_002",""
"Diablo III","Armour","Shoulders","Pallium","Base","Base type (white/grey/blue)","https://eu.diablo3.blizzard.com/en-gb/artisan/blacksmith/recipe/exalted-pallium","Base name listed through a crafting recipe in Blizzard item guide; recipe bonuses excluded."
"Diablo III","Armour","Shoulders","Pauldrons","Base","Base type (white/grey/blue)","https://eu.diablo3.blizzard.com/en-gb/artisan/blacksmith/recipe/illustrious-pauldrons","Base name listed through a crafting recipe in Blizzard item guide; recipe bonuses excluded."
"Diablo III","Armour","Shoulders","Rakkisgard Pauldrons","Base","Base type (white/grey/blue)","https://eu.diablo3.blizzard.com/en-gb/artisan/blacksmith/recipe/exquisite-rakkisgard-pauldrons","Base name listed through a crafting recipe in Blizzard item guide; recipe bonuses excluded."
"Diablo III","Armour","Shoulders","Shoulder Guards","Base","Base type (white/grey/blue)","https://eu.diablo3.blizzard.com/en-gb/item/shoulder-guards-Shoulders_003",""
"Diablo III","Armour","Shoulders","Shoulder Plates","Base","Base type (white/grey/blue)","https://eu.diablo3.blizzard.com/en-gb/artisan/blacksmith/recipe/master-shoulder-plates","Base name listed through a crafting recipe in Blizzard item guide; recipe bonuses excluded."
"Diablo III","Armour","Shoulders","Sode","Base","Base type (white/grey/blue)","https://eu.diablo3.blizzard.com/en-gb/artisan/blacksmith/recipe/magnificent-sode","Base name listed through a crafting recipe in Blizzard item guide; recipe bonuses excluded."
"Diablo III","Armour","Shoulders","Spaulders","Base","Base type (white/grey/blue)","https://eu.diablo3.blizzard.com/en-gb/artisan/blacksmith/recipe/adept-spaulders","Base name listed through a crafting recipe in Blizzard item guide; recipe bonuses excluded."
"Diablo III","Armour","Shoulders","Warlord Spaulders","Base","Base type (white/grey/blue)","https://eu.diablo3.blizzard.com/en-gb/item/warlord-spaulders-Shoulders_203",""
"Diablo III","Belts","Belt","Archon Sash","Base","Base type (white/grey/blue)","https://eu.diablo3.blizzard.com/en-gb/artisan/blacksmith/recipe/sovereign-ascended-sash","Base name listed through a crafting recipe in Blizzard item guide; recipe bonuses excluded."
"Diablo III","Belts","Belt","Binding Rope","Base","Base type (white/grey/blue)","https://eu.diablo3.blizzard.com/en-gb/artisan/blacksmith/recipe/journeyman-binding-rope","Base name listed through a crafting recipe in Blizzard item guide; recipe bonuses excluded."
"Diablo III","Belts","Belt","Chain Belt","Base","Base type (white/grey/blue)","https://eu.diablo3.blizzard.com/en-gb/artisan/blacksmith/recipe/adept-chain-belt","Base name listed through a crafting recipe in Blizzard item guide; recipe bonuses excluded."
"Diablo III","Belts","Belt","Cinch","Base","Base type (white/grey/blue)","https://eu.diablo3.blizzard.com/en-gb/artisan/blacksmith/recipe/resplendent-cinch","Base name listed through a crafting recipe in Blizzard item guide; recipe bonuses excluded."
"Diablo III","Belts","Belt","Cincture","Base","Base type (white/grey/blue)","https://eu.diablo3.blizzard.com/en-gb/item/cincture-Belt_203",""
"Diablo III","Belts","Belt","Cord","Base","Base type (white/grey/blue)","https://eu.diablo3.blizzard.com/en-gb/item/cord-Belt_004",""
"Diablo III","Belts","Belt","Cupola","Base","Base type (white/grey/blue)","https://eu.diablo3.blizzard.com/en-gb/artisan/blacksmith/recipe/magnificent-cupola","Base name listed through a crafting recipe in Blizzard item guide; recipe bonuses excluded."
"Diablo III","Belts","Belt","Girdle","Base","Base type (white/grey/blue)","https://eu.diablo3.blizzard.com/en-gb/item/girdle-Belt_204",""
"Diablo III","Belts","Belt","Grasp","Base","Base type (white/grey/blue)","https://eu.diablo3.blizzard.com/en-gb/artisan/blacksmith/recipe/glorious-grasp","Base name listed through a crafting recipe in Blizzard item guide; recipe bonuses excluded."
"Diablo III","Belts","Belt","Heaven Strand","Base","Base type (white/grey/blue)","https://eu.diablo3.blizzard.com/en-gb/artisan/blacksmith/recipe/exalted-heaven-strand","Base name listed through a crafting recipe in Blizzard item guide; recipe bonuses excluded."
"Diablo III","Belts","Belt","Hide Belt","Base","Base type (white/grey/blue)","https://eu.diablo3.blizzard.com/en-gb/artisan/blacksmith/recipe/apprentice-hide-belt","Base name listed through a crafting recipe in Blizzard item guide; recipe bonuses excluded."
"Diablo III","Belts","Belt","High Scabbard","Base","Base type (white/grey/blue)","https://eu.diablo3.blizzard.com/en-gb/item/high-scabbard-Belt_206",""
"Diablo III","Belts","Belt","Leather Belt","Base","Base type (white/grey/blue)","https://eu.diablo3.blizzard.com/en-gb/artisan/blacksmith/recipe/apprentice-leather-belt","Base name listed through a crafting recipe in Blizzard item guide; recipe bonuses excluded."
"Diablo III","Belts","Belt","Sash","Base","Base type (white/grey/blue)","https://eu.diablo3.blizzard.com/en-gb/item/sash-Belt_001",""
"Diablo III","Belts","Belt","Sheath","Base","Base type (white/grey/blue)","https://eu.diablo3.blizzard.com/en-gb/item/sheath-Belt_202",""
"Diablo III","Belts","Belt","Silk Sash","Base","Base type (white/grey/blue)","https://eu.diablo3.blizzard.com/en-gb/artisan/blacksmith/recipe/master-silk-sash","Base name listed through a crafting recipe in Blizzard item guide; recipe bonuses excluded."
"Diablo III","Belts","Belt","Strand","Base","Base type (white/grey/blue)","https://eu.diablo3.blizzard.com/en-gb/artisan/blacksmith/recipe/illustrious-strand","Base name listed through a crafting recipe in Blizzard item guide; recipe bonuses excluded."
"Diablo III","Belts","Belt","Waistwrap","Base","Base type (white/grey/blue)","https://eu.diablo3.blizzard.com/en-gb/artisan/blacksmith/recipe/grandmaster-waistwrap","Base name listed through a crafting recipe in Blizzard item guide; recipe bonuses excluded."
"Diablo III","Belts","Belt","War Belt","Base","Base type (white/grey/blue)","https://eu.diablo3.blizzard.com/en-gb/artisan/blacksmith/recipe/exquisite-war-belt","Base name listed through a crafting recipe in Blizzard item guide; recipe bonuses excluded."
"Diablo III","Belts","Mighty Belt","Baldric","Base","Base type (white/grey/blue)","https://eu.diablo3.blizzard.com/en-gb/item/baldric-BarbBelt_101",""
"Diablo III","Belts","Mighty Belt","Black Iron Belt","Base","Base type (white/grey/blue)","https://eu.diablo3.blizzard.com/en-gb/item/black-iron-belt-BarbBelt_004a",""
"Diablo III","Belts","Mighty Belt","Blade Harness","Base","Base type (white/grey/blue)","https://eu.diablo3.blizzard.com/en-gb/item/blade-harness-BarbBelt_102",""
"Diablo III","Belts","Mighty Belt","Braid","Base","Base type (white/grey/blue)","https://eu.diablo3.blizzard.com/en-gb/item/braid-BarbBelt_003",""
"Diablo III","Belts","Mighty Belt","Bronze Links","Base","Base type (white/grey/blue)","https://eu.diablo3.blizzard.com/en-gb/item/bronze-links-BarbBelt_202",""
"Diablo III","Belts","Mighty Belt","Grand Belt","Base","Base type (white/grey/blue)","https://eu.diablo3.blizzard.com/en-gb/item/grand-belt-BarbBelt_004",""
"Diablo III","Belts","Mighty Belt","Grand Chain","Base","Base type (white/grey/blue)","https://eu.diablo3.blizzard.com/en-gb/item/grand-chain-BarbBelt_204",""
"Diablo III","Belts","Mighty Belt","Harness","Base","Base type (white/grey/blue)","https://eu.diablo3.blizzard.com/en-gb/item/harness-BarbBelt_002",""
"Diablo III","Belts","Mighty Belt","Heavy Baldric","Base","Base type (white/grey/blue)","https://eu.diablo3.blizzard.com/en-gb/item/heavy-baldric-BarbBelt_203",""
"Diablo III","Belts","Mighty Belt","Iron Braid","Base","Base type (white/grey/blue)","https://eu.diablo3.blizzard.com/en-gb/item/iron-braid-BarbBelt_103",""
"Diablo III","Belts","Mighty Belt","Lock","Base","Base type (white/grey/blue)","https://eu.diablo3.blizzard.com/en-gb/item/lock-BarbBelt_201",""
"Diablo III","Belts","Mighty Belt","Mighty Scourge","Base","Base type (white/grey/blue)","https://eu.diablo3.blizzard.com/en-gb/artisan/blacksmith/recipe/sovereign-mighty-scourge","Base name listed through a crafting recipe in Blizzard item guide; recipe bonuses excluded."
"Diablo III","Belts","Mighty Belt","Platinum Lock","Base","Base type (white/grey/blue)","https://eu.diablo3.blizzard.com/en-gb/item/platinum-lock-BarbBelt_205",""
"Diablo III","Belts","Mighty Belt","Steel Chain","Base","Base type (white/grey/blue)","https://eu.diablo3.blizzard.com/en-gb/item/steel-chain-BarbBelt_104",""
"Diablo III","Belts","Mighty Belt","Warrior Belt","Base","Base type (white/grey/blue)","https://eu.diablo3.blizzard.com/en-gb/item/warrior-belt-BarbBelt_001",""
"Diablo III","Gloves","Gloves","Archon Gauntlets","Base","Base type (white/grey/blue)","https://eu.diablo3.blizzard.com/en-gb/item/archon-gauntlets-Gloves_206",""
"Diablo III","Gloves","Gloves","Ascended Gauntlets","Base","Base type (white/grey/blue)","https://eu.diablo3.blizzard.com/en-gb/artisan/blacksmith/recipe/sovereign-ascended-gloves","Base name listed through a crafting recipe in Blizzard item guide; recipe bonuses excluded."
"Diablo III","Gloves","Gloves","Balor Fists","Base","Base type (white/grey/blue)","https://eu.diablo3.blizzard.com/en-gb/artisan/blacksmith/recipe/glorious-balor-fists","Base name listed through a crafting recipe in Blizzard item guide; recipe bonuses excluded."
"Diablo III","Gloves","Gloves","Battle Gauntlets","Base","Base type (white/grey/blue)","https://eu.diablo3.blizzard.com/en-gb/artisan/blacksmith/recipe/magnificent-battle-gauntlets","Base name listed through a crafting recipe in Blizzard item guide; recipe bonuses excluded."
"Diablo III","Gloves","Gloves","Boneweave Gauntlets","Base","Base type (white/grey/blue)","https://eu.diablo3.blizzard.com/en-gb/artisan/blacksmith/recipe/resplendent-boneweave-gauntlets","Base name listed through a crafting recipe in Blizzard item guide; recipe bonuses excluded."
"Diablo III","Gloves","Gloves","Chain Gloves","Base","Base type (white/grey/blue)","https://eu.diablo3.blizzard.com/en-gb/artisan/blacksmith/recipe/apprentice-chain-gloves","Base name listed through a crafting recipe in Blizzard item guide; recipe bonuses excluded."
"Diablo III","Gloves","Gloves","Etched Gloves","Base","Base type (white/grey/blue)","https://eu.diablo3.blizzard.com/en-gb/item/etched-gloves-Gloves_102",""
"Diablo III","Gloves","Gloves","Gauntlets","Base","Base type (white/grey/blue)","https://eu.diablo3.blizzard.com/en-gb/artisan/blacksmith/recipe/adept-gauntlets","Base name listed through a crafting recipe in Blizzard item guide; recipe bonuses excluded."
"Diablo III","Gloves","Gloves","Gloves","Base","Base type (white/grey/blue)","https://eu.diablo3.blizzard.com/en-gb/item/gloves-Gloves_001",""
"Diablo III","Gloves","Gloves","Grips","Base","Base type (white/grey/blue)","https://eu.diablo3.blizzard.com/en-gb/artisan/blacksmith/recipe/grand-master-grips","Base name listed through a crafting recipe in Blizzard item guide; recipe bonuses excluded."
"Diablo III","Gloves","Gloves","Hide Gloves","Base","Base type (white/grey/blue)","https://eu.diablo3.blizzard.com/en-gb/artisan/blacksmith/recipe/apprentice-hide-gloves","Base name listed through a crafting recipe in Blizzard item guide; recipe bonuses excluded."
"Diablo III","Gloves","Gloves","Leather Gloves","Base","Base type (white/grey/blue)","https://eu.diablo3.blizzard.com/en-gb/item/leather-gloves-Gloves_002",""
"Diablo III","Gloves","Gloves","Manifers","Base","Base type (white/grey/blue)","https://eu.diablo3.blizzard.com/en-gb/item/manifers-Gloves_202",""
"Diablo III","Gloves","Gloves","Plated Gauntlets","Base","Base type (white/grey/blue)","https://eu.diablo3.blizzard.com/en-gb/artisan/blacksmith/recipe/master-plated-gauntlets","Base name listed through a crafting recipe in Blizzard item guide; recipe bonuses excluded."
"Diablo III","Gloves","Gloves","Rakkisgard Gauntlets","Base","Base type (white/grey/blue)","https://eu.diablo3.blizzard.com/en-gb/artisan/blacksmith/recipe/exquisite-rakkisgard-gauntlets","Base name listed through a crafting recipe in Blizzard item guide; recipe bonuses excluded."
"Diablo III","Gloves","Gloves","Sovereign Vambraces","Base","Base type (white/grey/blue)","https://eu.diablo3.blizzard.com/en-gb/artisan/blacksmith/recipe/exalted-vambraces","Base name listed through a crafting recipe in Blizzard item guide; recipe bonuses excluded."
"Diablo III","Gloves","Gloves","Splint Mail Gloves","Base","Base type (white/grey/blue)","https://eu.diablo3.blizzard.com/en-gb/artisan/blacksmith/recipe/journeyman-splint-mail-gloves","Base name listed through a crafting recipe in Blizzard item guide; recipe bonuses excluded."
"Diablo III","Gloves","Gloves","Stranglers","Base","Base type (white/grey/blue)","https://eu.diablo3.blizzard.com/en-gb/item/stranglers-Gloves_204",""
"Diablo III","Gloves","Gloves","Vambraces","Base","Base type (white/grey/blue)","https://eu.diablo3.blizzard.com/en-gb/artisan/blacksmith/recipe/illustrious-vambraces","Base name listed through a crafting recipe in Blizzard item guide; recipe bonuses excluded."
"Diablo III","Gloves","Gloves","Warlord Gauntlets","Base","Base type (white/grey/blue)","https://eu.diablo3.blizzard.com/en-gb/item/warlord-gauntlets-Gloves_203",""
"Diablo III","Helms","Helm","Archon Crown","Base","Base type (white/grey/blue)","https://eu.diablo3.blizzard.com/en-gb/item/archon-crown-Helm_206",""
"Diablo III","Helms","Helm","Arming Cap","Base","Base type (white/grey/blue)","https://eu.diablo3.blizzard.com/en-gb/artisan/blacksmith/recipe/apprentice-arming-cap","Base name listed through a crafting recipe in Blizzard item guide; recipe bonuses excluded."
"Diablo III","Helms","Helm","Ascended Crown","Base","Base type (white/grey/blue)","https://eu.diablo3.blizzard.com/en-gb/artisan/blacksmith/recipe/sovereign-ascended-crown","Base name listed through a crafting recipe in Blizzard item guide; recipe bonuses excluded."
"Diablo III","Helms","Helm","Basinet","Base","Base type (white/grey/blue)","https://eu.diablo3.blizzard.com/en-gb/item/basinet-Helm_102",""
"Diablo III","Helms","Helm","Casque","Base","Base type (white/grey/blue)","https://eu.diablo3.blizzard.com/en-gb/artisan/blacksmith/recipe/magnificent-casque","Base name listed through a crafting recipe in Blizzard item guide; recipe bonuses excluded."
"Diablo III","Helms","Helm","Chain Hood","Base","Base type (white/grey/blue)","https://eu.diablo3.blizzard.com/en-gb/artisan/blacksmith/recipe/journeyman-chain-hood","Base name listed through a crafting recipe in Blizzard item guide; recipe bonuses excluded."
"Diablo III","Helms","Helm","Coif","Base","Base type (white/grey/blue)","https://eu.diablo3.blizzard.com/en-gb/artisan/blacksmith/recipe/apprentice-coif","Base name listed through a crafting recipe in Blizzard item guide; recipe bonuses excluded."
"Diablo III","Helms","Helm","Crown","Base","Base type (white/grey/blue)","https://eu.diablo3.blizzard.com/en-gb/artisan/blacksmith/recipe/grand-master-crown","Base name listed through a crafting recipe in Blizzard item guide; recipe bonuses excluded."
"Diablo III","Helms","Helm","Great Helm","Base","Base type (white/grey/blue)","https://eu.diablo3.blizzard.com/en-gb/artisan/blacksmith/recipe/resplendent-great-helm","Base name listed through a crafting recipe in Blizzard item guide; recipe bonuses excluded."
"Diablo III","Helms","Helm","Hellscape Mask","Base","Base type (white/grey/blue)","https://eu.diablo3.blizzard.com/en-gb/item/hellscape-mask-Helm_204",""
"Diablo III","Helms","Helm","Helmet","Base","Base type (white/grey/blue)","https://eu.diablo3.blizzard.com/en-gb/artisan/blacksmith/recipe/adept-helmet","Base name listed through a crafting recipe in Blizzard item guide; recipe bonuses excluded."
"Diablo III","Helms","Helm","Hounskull","Base","Base type (white/grey/blue)","https://eu.diablo3.blizzard.com/en-gb/artisan/blacksmith/recipe/glorious-hounskull","Base name listed through a crafting recipe in Blizzard item guide; recipe bonuses excluded."
"Diablo III","Helms","Helm","Klappvisier","Base","Base type (white/grey/blue)","https://eu.diablo3.blizzard.com/en-gb/artisan/blacksmith/recipe/illustrious-klappvisier","Base name listed through a crafting recipe in Blizzard item guide; recipe bonuses excluded."
"Diablo III","Helms","Helm","Leather Hood","Base","Base type (white/grey/blue)","https://eu.diablo3.blizzard.com/en-gb/item/leather-hood-Helm_002",""
"Diablo III","Helms","Helm","Plated Helm","Base","Base type (white/grey/blue)","https://eu.diablo3.blizzard.com/en-gb/artisan/blacksmith/recipe/master-plated-helm","Base name listed through a crafting recipe in Blizzard item guide; recipe bonuses excluded."
"Diablo III","Helms","Helm","Rakkisgard Helm","Base","Base type (white/grey/blue)","https://eu.diablo3.blizzard.com/en-gb/artisan/blacksmith/recipe/exquisite-rakkisgard-helm","Base name listed through a crafting recipe in Blizzard item guide; recipe bonuses excluded."
"Diablo III","Helms","Helm","Sovereign Helm","Base","Base type (white/grey/blue)","https://eu.diablo3.blizzard.com/en-gb/artisan/blacksmith/recipe/exalted-helm","Base name listed through a crafting recipe in Blizzard item guide; recipe bonuses excluded."
"Diablo III","Helms","Helm","Stechhelm","Base","Base type (white/grey/blue)","https://eu.diablo3.blizzard.com/en-gb/item/stechhelm-Helm_202",""
"Diablo III","Helms","Helm","Zischagge","Base","Base type (white/grey/blue)","https://eu.diablo3.blizzard.com/en-gb/item/zischagge-Helm_203",""
"Diablo III","Helms","Spirit Stone","Ascended Stone","Base","Base type (white/grey/blue)","https://eu.diablo3.blizzard.com/en-gb/artisan/blacksmith/recipe/sovereign-ascended-stone","Base name listed through a crafting recipe in Blizzard item guide; recipe bonuses excluded."
"Diablo III","Helms","Spirit Stone","Ghost Sight","Base","Base type (white/grey/blue)","https://eu.diablo3.blizzard.com/en-gb/item/ghost-sight-SpiritStone_203",""
"Diablo III","Helms","Spirit Stone","Glass Star","Base","Base type (white/grey/blue)","https://eu.diablo3.blizzard.com/en-gb/item/glass-star-SpiritStone_001",""
"Diablo III","Helms","Spirit Stone","Igneous Studs","Base","Base type (white/grey/blue)","https://eu.diablo3.blizzard.com/en-gb/item/igneous-studs-SpiritStone_104",""
"Diablo III","Helms","Spirit Stone","Insight Stone","Base","Base type (white/grey/blue)","https://eu.diablo3.blizzard.com/en-gb/item/insight-stone-SpiritStone_205",""
"Diablo III","Helms","Spirit Stone","Meditation Crystal","Base","Base type (white/grey/blue)","https://eu.diablo3.blizzard.com/en-gb/item/meditation-crystal-SpiritStone_004a",""
"Diablo III","Helms","Spirit Stone","Meditator","Base","Base type (white/grey/blue)","https://eu.diablo3.blizzard.com/en-gb/item/meditator-SpiritStone_202",""
"Diablo III","Helms","Spirit Stone","Onyx Cluster","Base","Base type (white/grey/blue)","https://eu.diablo3.blizzard.com/en-gb/item/onyx-cluster-SpiritStone_004",""
"Diablo III","Helms","Spirit Stone","Prism","Base","Base type (white/grey/blue)","https://eu.diablo3.blizzard.com/en-gb/item/prism-SpiritStone_102",""
"Diablo III","Helms","Spirit Stone","Seer Shard","Base","Base type (white/grey/blue)","https://eu.diablo3.blizzard.com/en-gb/item/seer-shard-SpiritStone_103",""
"Diablo III","Helms","Spirit Stone","Solarius","Base","Base type (white/grey/blue)","https://eu.diablo3.blizzard.com/en-gb/item/solarius-SpiritStone_201",""
"Diablo III","Helms","Spirit Stone","Star Crown","Base","Base type (white/grey/blue)","https://eu.diablo3.blizzard.com/en-gb/item/star-crown-SpiritStone_204",""
"Diablo III","Helms","Spirit Stone","Sunstone","Base","Base type (white/grey/blue)","https://eu.diablo3.blizzard.com/en-gb/item/sunstone-SpiritStone_101",""
"Diablo III","Helms","Spirit Stone","Third Eye","Base","Base type (white/grey/blue)","https://eu.diablo3.blizzard.com/en-gb/item/third-eye-SpiritStone_003",""
"Diablo III","Helms","Spirit Stone","Thought Mirror","Base","Base type (white/grey/blue)","https://eu.diablo3.blizzard.com/en-gb/item/thought-mirror-SpiritStone_002",""
"Diablo III","Helms","Voodoo Mask","Ascended Mask","Base","Base type (white/grey/blue)","https://eu.diablo3.blizzard.com/en-gb/artisan/blacksmith/recipe/sovereign-ascended-mask","Base name listed through a crafting recipe in Blizzard item guide; recipe bonuses excluded."
"Diablo III","Helms","Voodoo Mask","Burial Mask","Base","Base type (white/grey/blue)","https://eu.diablo3.blizzard.com/en-gb/item/burial-mask-VoodooMask_102",""
"Diablo III","Helms","Voodoo Mask","Chieftain Mask","Base","Base type (white/grey/blue)","https://eu.diablo3.blizzard.com/en-gb/item/chieftain-mask-VoodooMask_003",""
"Diablo III","Helms","Voodoo Mask","Deva","Base","Base type (white/grey/blue)","https://eu.diablo3.blizzard.com/en-gb/item/deva-VoodooMask_204",""
"Diablo III","Helms","Voodoo Mask","Manitou Mask","Base","Base type (white/grey/blue)","https://eu.diablo3.blizzard.com/en-gb/item/manitou-mask-VoodooMask_203",""
"Diablo III","Helms","Voodoo Mask","Naga Mask","Base","Base type (white/grey/blue)","https://eu.diablo3.blizzard.com/en-gb/item/naga-mask-VoodooMask_103",""
"Diablo III","Helms","Voodoo Mask","Screaming Mask","Base","Base type (white/grey/blue)","https://eu.diablo3.blizzard.com/en-gb/item/screaming-mask-VoodooMask_201",""
"Diablo III","Helms","Voodoo Mask","Shaman Mask","Base","Base type (white/grey/blue)","https://eu.diablo3.blizzard.com/en-gb/item/shaman-mask-VoodooMask_002",""
"Diablo III","Helms","Voodoo Mask","Spirit Mask","Base","Base type (white/grey/blue)","https://eu.diablo3.blizzard.com/en-gb/item/spirit-mask-VoodooMask_004",""
"Diablo III","Helms","Voodoo Mask","Totemic Mask","Base","Base type (white/grey/blue)","https://eu.diablo3.blizzard.com/en-gb/item/totemic-mask-VoodooMask_004a",""
"Diablo III","Helms","Voodoo Mask","Tribal Mask","Base","Base type (white/grey/blue)","https://eu.diablo3.blizzard.com/en-gb/item/tribal-mask-VoodooMask_001",""
"Diablo III","Helms","Voodoo Mask","Umbra Mask","Base","Base type (white/grey/blue)","https://eu.diablo3.blizzard.com/en-gb/item/umbra-mask-VoodooMask_104",""
"Diablo III","Helms","Voodoo Mask","Underworld Mask","Base","Base type (white/grey/blue)","https://eu.diablo3.blizzard.com/en-gb/item/underworld-mask-VoodooMask_202",""
"Diablo III","Helms","Voodoo Mask","Woodwraith Bark","Base","Base type (white/grey/blue)","https://eu.diablo3.blizzard.com/en-gb/item/woodwraith-bark-VoodooMask_101",""
"Diablo III","Helms","Wizard Hat","Archmage Headpiece","Base","Base type (white/grey/blue)","https://eu.diablo3.blizzard.com/en-gb/item/archmage-headpiece-WizardHat_203",""
"Diablo III","Helms","Wizard Hat","Ascended Headpiece","Base","Base type (white/grey/blue)","https://eu.diablo3.blizzard.com/en-gb/artisan/blacksmith/recipe/sovereign-ascended-headpiece","Base name listed through a crafting recipe in Blizzard item guide; recipe bonuses excluded."
"Diablo III","Helms","Wizard Hat","Charlatan Cap","Base","Base type (white/grey/blue)","https://eu.diablo3.blizzard.com/en-gb/item/charlatan-cap-WizardHat_004",""
"Diablo III","Helms","Wizard Hat","Conjurer Shade","Base","Base type (white/grey/blue)","https://eu.diablo3.blizzard.com/en-gb/item/conjurer-shade-WizardHat_101",""
"Diablo III","Helms","Wizard Hat","Elder Hat","Base","Base type (white/grey/blue)","https://eu.diablo3.blizzard.com/en-gb/item/elder-hat-WizardHat_204",""
"Diablo III","Helms","Wizard Hat","Journey Mask","Base","Base type (white/grey/blue)","https://eu.diablo3.blizzard.com/en-gb/item/journey-mask-WizardHat_002",""
"Diablo III","Helms","Wizard Hat","Mage Crown","Base","Base type (white/grey/blue)","https://eu.diablo3.blizzard.com/en-gb/item/mage-crown-WizardHat_004a",""
"Diablo III","Helms","Wizard Hat","Mentor Cap","Base","Base type (white/grey/blue)","https://eu.diablo3.blizzard.com/en-gb/item/mentor-cap-WizardHat_103",""
"Diablo III","Helms","Wizard Hat","Mystic Shade","Base","Base type (white/grey/blue)","https://eu.diablo3.blizzard.com/en-gb/item/mystic-shade-WizardHat_102",""
"Diablo III","Helms","Wizard Hat","Sage Hat","Base","Base type (white/grey/blue)","https://eu.diablo3.blizzard.com/en-gb/item/sage-hat-WizardHat_201",""
"Diablo III","Helms","Wizard Hat","Scholarly Fez","Base","Base type (white/grey/blue)","https://eu.diablo3.blizzard.com/en-gb/item/scholarly-fez-WizardHat_003",""
"Diablo III","Helms","Wizard Hat","Sinister Mask","Base","Base type (white/grey/blue)","https://eu.diablo3.blizzard.com/en-gb/item/sinister-mask-WizardHat_202",""
"Diablo III","Helms","Wizard Hat","Traveler Hat","Base","Base type (white/grey/blue)","https://eu.diablo3.blizzard.com/en-gb/item/traveler-hat-WizardHat_104",""
"Diablo III","Helms","Wizard Hat","Vizier Hat","Base","Base type (white/grey/blue)","https://eu.diablo3.blizzard.com/en-gb/item/vizier-hat-WizardHat_205",""
"Diablo III","Helms","Wizard Hat","Wanderer Hat","Base","Base type (white/grey/blue)","https://eu.diablo3.blizzard.com/en-gb/item/wanderer-hat-WizardHat_001",""
"Diablo III","Weapons","Axe","Adze","Base","Base type (white/grey/blue)","https://eu.diablo3.blizzard.com/en-gb/artisan/blacksmith/recipe/magnificent-adze","Base name listed through a crafting recipe in Blizzard item guide; recipe bonuses excluded."
"Diablo III","Weapons","Axe","Arch Axe","Base","Base type (white/grey/blue)","https://eu.diablo3.blizzard.com/en-gb/item/arch-axe-Axe_1H_207",""
"Diablo III","Weapons","Axe","Arreat Axe","Base","Base type (white/grey/blue)","https://eu.diablo3.blizzard.com/en-gb/artisan/blacksmith/recipe/exalted-galraki","Base name listed through a crafting recipe in Blizzard item guide; recipe bonuses excluded."
"Diablo III","Weapons","Axe","Balestarius","Base","Base type (white/grey/blue)","https://eu.diablo3.blizzard.com/en-gb/item/balestarius-Axe_1H_204",""
"Diablo III","Weapons","Axe","Battle Axe","Base","Base type (white/grey/blue)","https://eu.diablo3.blizzard.com/en-gb/artisan/blacksmith/recipe/journeyman-battle-axe","Base name listed through a crafting recipe in Blizzard item guide; recipe bonuses excluded."
"Diablo III","Weapons","Axe","Broad Axe","Base","Base type (white/grey/blue)","https://eu.diablo3.blizzard.com/en-gb/item/broad-axe-Axe_1H_002",""
"Diablo III","Weapons","Axe","Bullova","Base","Base type (white/grey/blue)","https://eu.diablo3.blizzard.com/en-gb/artisan/blacksmith/recipe/illustrious-bullova","Base name listed through a crafting recipe in Blizzard item guide; recipe bonuses excluded."
"Diablo III","Weapons","Axe","Chopper","Base","Base type (white/grey/blue)","https://eu.diablo3.blizzard.com/en-gb/artisan/blacksmith/recipe/resplendent-masakari","Base name listed through a crafting recipe in Blizzard item guide; recipe bonuses excluded."
"Diablo III","Weapons","Axe","Crescent Axe","Base","Base type (white/grey/blue)","https://eu.diablo3.blizzard.com/en-gb/artisan/blacksmith/recipe/glorious-crescent-axe","Base name listed through a crafting recipe in Blizzard item guide; recipe bonuses excluded."
"Diablo III","Weapons","Axe","Dire Axe","Base","Base type (white/grey/blue)","https://eu.diablo3.blizzard.com/en-gb/artisan/blacksmith/recipe/sovereign-dire-axe","Base name listed through a crafting recipe in Blizzard item guide; recipe bonuses excluded."
"Diablo III","Weapons","Axe","Double Axe","Base","Base type (white/grey/blue)","https://eu.diablo3.blizzard.com/en-gb/artisan/blacksmith/recipe/apprentice-heavy-axe","Base name listed through a crafting recipe in Blizzard item guide; recipe bonuses excluded."
"Diablo III","Weapons","Axe","Executioner's Axe","Base","Base type (white/grey/blue)","https://eu.diablo3.blizzard.com/en-gb/artisan/blacksmith/recipe/exquisite-executioners-axe","Base name listed through a crafting recipe in Blizzard item guide; recipe bonuses excluded."
"Diablo III","Weapons","Axe","Galraki","Base","Base type (white/grey/blue)","https://eu.diablo3.blizzard.com/en-gb/item/galraki-Axe_1H_206",""
"Diablo III","Weapons","Axe","Hand Axe","Base","Base type (white/grey/blue)","https://eu.diablo3.blizzard.com/en-gb/item/hand-axe-Axe_1H_001",""
"Diablo III","Weapons","Axe","Hatchet","Base","Base type (white/grey/blue)","https://eu.diablo3.blizzard.com/en-gb/artisan/blacksmith/recipe/master-hatchet","Base name listed through a crafting recipe in Blizzard item guide; recipe bonuses excluded."
"Diablo III","Weapons","Axe","Heavy Axe","Base","Base type (white/grey/blue)","https://eu.diablo3.blizzard.com/en-gb/item/heavy-axe-Axe_1H_004",""
"Diablo III","Weapons","Axe","Marauder Axe","Base","Base type (white/grey/blue)","https://eu.diablo3.blizzard.com/en-gb/item/marauder-axe-Axe_1H_006",""
"Diablo III","Weapons","Axe","Masakari","Base","Base type (white/grey/blue)","https://eu.diablo3.blizzard.com/en-gb/item/masakari-Axe_1H_107",""
"Diablo III","Weapons","Axe","Ono","Base","Base type (white/grey/blue)","https://eu.diablo3.blizzard.com/en-gb/artisan/blacksmith/recipe/grand-master-ono","Base name listed through a crafting recipe in Blizzard item guide; recipe bonuses excluded."
"Diablo III","Weapons","Axe","Skartaran Axe","Base","Base type (white/grey/blue)","https://eu.diablo3.blizzard.com/en-gb/item/skartaran-axe-Axe_1H_205",""
"Diablo III","Weapons","Axe","Soldier Axe","Base","Base type (white/grey/blue)","https://eu.diablo3.blizzard.com/en-gb/artisan/blacksmith/recipe/adept-soldier-axe","Base name listed through a crafting recipe in Blizzard item guide; recipe bonuses excluded."
"Diablo III","Weapons","Axe","Tomahawk","Base","Base type (white/grey/blue)","https://eu.diablo3.blizzard.com/en-gb/item/tomahawk-Axe_1H_201",""
"Diablo III","Weapons","Axe","Toporok","Base","Base type (white/grey/blue)","https://eu.diablo3.blizzard.com/en-gb/item/toporok-Axe_1H_106",""
"Diablo III","Weapons","Axe","Weathered Hand Axe","Base","Base type (white/grey/blue)","https://eu.diablo3.blizzard.com/en-gb/item/weathered-hand-axe-Axe_1H_000",""
"Diablo III","Weapons","Bow","Battle Bow","Base","Base type (white/grey/blue)","https://eu.diablo3.blizzard.com/en-gb/item/battle-bow-Bow_006",""
"Diablo III","Weapons","Bow","Composite Bow","Base","Base type (white/grey/blue)","https://eu.diablo3.blizzard.com/en-gb/artisan/blacksmith/recipe/illustrious-composite-bow","Base name listed through a crafting recipe in Blizzard item guide; recipe bonuses excluded."
"Diablo III","Weapons","Bow","Daikyu","Base","Base type (white/grey/blue)","https://eu.diablo3.blizzard.com/en-gb/artisan/blacksmith/recipe/magnificent-daikyu","Base name listed through a crafting recipe in Blizzard item guide; recipe bonuses excluded."
"Diablo III","Weapons","Bow","Doubleshot","Base","Base type (white/grey/blue)","https://eu.diablo3.blizzard.com/en-gb/artisan/blacksmith/recipe/sovereign-doubleshot","Base name listed through a crafting recipe in Blizzard item guide; recipe bonuses excluded."
"Diablo III","Weapons","Bow","Hankyu","Base","Base type (white/grey/blue)","https://eu.diablo3.blizzard.com/en-gb/artisan/blacksmith/recipe/resplendent-higoyumi","Base name listed through a crafting recipe in Blizzard item guide; recipe bonuses excluded."
"Diablo III","Weapons","Bow","Higoyumi","Base","Base type (white/grey/blue)","https://eu.diablo3.blizzard.com/en-gb/item/higoyumi-Bow_201",""
"Diablo III","Weapons","Bow","Hunting Bow","Base","Base type (white/grey/blue)","https://eu.diablo3.blizzard.com/en-gb/artisan/blacksmith/recipe/adept-hunting-bow","Base name listed through a crafting recipe in Blizzard item guide; recipe bonuses excluded."
"Diablo III","Weapons","Bow","Long Bow","Base","Base type (white/grey/blue)","https://eu.diablo3.blizzard.com/en-gb/artisan/blacksmith/recipe/apprentice-long-bow","Base name listed through a crafting recipe in Blizzard item guide; recipe bonuses excluded."
"Diablo III","Weapons","Bow","Longshot Bow","Base","Base type (white/grey/blue)","https://eu.diablo3.blizzard.com/en-gb/item/longshot-bow-Bow_203",""
"Diablo III","Weapons","Bow","Maruki","Base","Base type (white/grey/blue)","https://eu.diablo3.blizzard.com/en-gb/artisan/blacksmith/recipe/grand-master-maruki","Base name listed through a crafting recipe in Blizzard item guide; recipe bonuses excluded."
"Diablo III","Weapons","Bow","Phantom Bow","Base","Base type (white/grey/blue)","https://eu.diablo3.blizzard.com/en-gb/item/phantom-bow-Bow_205",""
"Diablo III","Weapons","Bow","Ranger Bow","Base","Base type (white/grey/blue)","https://eu.diablo3.blizzard.com/en-gb/artisan/blacksmith/recipe/glorious-ranger-bow","Base name listed through a crafting recipe in Blizzard item guide; recipe bonuses excluded."
"Diablo III","Weapons","Bow","Recurve Bow","Base","Base type (white/grey/blue)","https://eu.diablo3.blizzard.com/en-gb/artisan/blacksmith/recipe/journeyman-recurve-bow","Base name listed through a crafting recipe in Blizzard item guide; recipe bonuses excluded."
"Diablo III","Weapons","Bow","Revenant Bow","Base","Base type (white/grey/blue)","https://eu.diablo3.blizzard.com/en-gb/item/revenant-bow-Bow_206",""
"Diablo III","Weapons","Bow","Short Bow","Base","Base type (white/grey/blue)","https://eu.diablo3.blizzard.com/en-gb/item/short-bow-Bow_001",""
"Diablo III","Weapons","Bow","Siege Bow","Base","Base type (white/grey/blue)","https://eu.diablo3.blizzard.com/en-gb/artisan/blacksmith/recipe/master-siege-bow","Base name listed through a crafting recipe in Blizzard item guide; recipe bonuses excluded."
"Diablo III","Weapons","Bow","Sniper Bow","Base","Base type (white/grey/blue)","https://eu.diablo3.blizzard.com/en-gb/artisan/blacksmith/recipe/exalted-phantom-bow","Base name listed through a crafting recipe in Blizzard item guide; recipe bonuses excluded."
"Diablo III","Weapons","Bow","Twinbow","Base","Base type (white/grey/blue)","https://eu.diablo3.blizzard.com/en-gb/artisan/blacksmith/recipe/exquisite-twin-bow","Base name listed through a crafting recipe in Blizzard item guide; recipe bonuses excluded."
"Diablo III","Weapons","Bow","Warden Bow","Base","Base type (white/grey/blue)","https://eu.diablo3.blizzard.com/en-gb/artisan/blacksmith/recipe/apprentice-warden-bow","Base name listed through a crafting recipe in Blizzard item guide; recipe bonuses excluded."
"Diablo III","Weapons","Bow","Yumi","Base","Base type (white/grey/blue)","https://eu.diablo3.blizzard.com/en-gb/item/yumi-Bow_103",""
"Diablo III","Weapons","Ceremonial Knife","Beast Tusk","Base","Base type (white/grey/blue)","https://eu.diablo3.blizzard.com/en-gb/artisan/blacksmith/recipe/magnificent-beast-tusk","Base name listed through a crafting recipe in Blizzard item guide; recipe bonuses excluded."
"Diablo III","Weapons","Ceremonial Knife","Bone Saw","Base","Base type (white/grey/blue)","https://eu.diablo3.blizzard.com/en-gb/artisan/blacksmith/recipe/illustrious-bone-saw","Base name listed through a crafting recipe in Blizzard item guide; recipe bonuses excluded."
"Diablo III","Weapons","Ceremonial Knife","Exquisite Knife","Base","Base type (white/grey/blue)","https://eu.diablo3.blizzard.com/en-gb/artisan/blacksmith/recipe/exalted-exquisite-knife","Base name listed through a crafting recipe in Blizzard item guide; recipe bonuses excluded."
"Diablo III","Weapons","Ceremonial Knife","Flayer","Base","Base type (white/grey/blue)","https://eu.diablo3.blizzard.com/en-gb/artisan/blacksmith/recipe/grand-master-flayer","Base name listed through a crafting recipe in Blizzard item guide; recipe bonuses excluded."
"Diablo III","Weapons","Ceremonial Knife","Flesh Ripper","Base","Base type (white/grey/blue)","https://eu.diablo3.blizzard.com/en-gb/item/flesh-ripper-CeremonialDagger_1H_205",""
"Diablo III","Weapons","Ceremonial Knife","Flint Knife","Base","Base type (white/grey/blue)","https://eu.diablo3.blizzard.com/en-gb/artisan/blacksmith/recipe/adept-flint-knife","Base name listed through a crafting recipe in Blizzard item guide; recipe bonuses excluded."
"Diablo III","Weapons","Ceremonial Knife","Jagged Edge","Base","Base type (white/grey/blue)","https://eu.diablo3.blizzard.com/en-gb/item/jagged-edge-CeremonialDagger_1H_003",""
"Diablo III","Weapons","Ceremonial Knife","Kris Blade","Base","Base type (white/grey/blue)","https://eu.diablo3.blizzard.com/en-gb/item/kris-blade-CeremonialDagger_1H_002",""
"Diablo III","Weapons","Ceremonial Knife","Obsidian Edge","Base","Base type (white/grey/blue)","https://eu.diablo3.blizzard.com/en-gb/artisan/blacksmith/recipe/glorious-obsidian-edge","Base name listed through a crafting recipe in Blizzard item guide; recipe bonuses excluded."
"Diablo III","Weapons","Ceremonial Knife","Obsidian Skiver","Base","Base type (white/grey/blue)","https://eu.diablo3.blizzard.com/en-gb/artisan/blacksmith/recipe/exquisite-obsidian-skiver","Base name listed through a crafting recipe in Blizzard item guide; recipe bonuses excluded."
"Diablo III","Weapons","Ceremonial Knife","Ox Bone Blade","Base","Base type (white/grey/blue)","https://eu.diablo3.blizzard.com/en-gb/artisan/blacksmith/recipe/master-sacrifice-blade","Base name listed through a crafting recipe in Blizzard item guide; recipe bonuses excluded."
"Diablo III","Weapons","Ceremonial Knife","Sacrifice Blade","Base","Base type (white/grey/blue)","https://eu.diablo3.blizzard.com/en-gb/item/sacrifice-blade-CeremonialDagger_1H_101",""
"Diablo III","Weapons","Ceremonial Knife","Scalping Razor","Base","Base type (white/grey/blue)","https://eu.diablo3.blizzard.com/en-gb/artisan/blacksmith/recipe/resplendent-scalping-razor","Base name listed through a crafting recipe in Blizzard item guide; recipe bonuses excluded."
"Diablo III","Weapons","Ceremonial Knife","Simple Knife","Base","Base type (white/grey/blue)","https://eu.diablo3.blizzard.com/en-gb/item/simple-knife-CeremonialDagger_1H_000",""
"Diablo III","Weapons","Ceremonial Knife","Skin Cutter","Base","Base type (white/grey/blue)","https://eu.diablo3.blizzard.com/en-gb/item/skin-cutter-CeremonialDagger_1H_203",""
"Diablo III","Weapons","Ceremonial Knife","Stone Knife","Base","Base type (white/grey/blue)","https://eu.diablo3.blizzard.com/en-gb/item/stone-knife-CeremonialDagger_1H_001",""
"Diablo III","Weapons","Ceremonial Knife","Tecpatl","Base","Base type (white/grey/blue)","https://eu.diablo3.blizzard.com/en-gb/artisan/blacksmith/recipe/sovereign-tecpatl","Base name listed through a crafting recipe in Blizzard item guide; recipe bonuses excluded."
"Diablo III","Weapons","Ceremonial Knife","Veil Piercer","Base","Base type (white/grey/blue)","https://eu.diablo3.blizzard.com/en-gb/item/veil-piercer-CeremonialDagger_1H_206",""
"Diablo III","Weapons","Crossbow","Arbalest","Base","Base type (white/grey/blue)","https://eu.diablo3.blizzard.com/en-gb/artisan/blacksmith/recipe/apprentice-crossbow","Base name listed through a crafting recipe in Blizzard item guide; recipe bonuses excluded."
"Diablo III","Weapons","Crossbow","Chokonu","Base","Base type (white/grey/blue)","https://eu.diablo3.blizzard.com/en-gb/artisan/blacksmith/recipe/magnificent-chokonu","Base name listed through a crafting recipe in Blizzard item guide; recipe bonuses excluded."
"Diablo III","Weapons","Crossbow","Cranequin","Base","Base type (white/grey/blue)","https://eu.diablo3.blizzard.com/en-gb/item/cranequin-Crossbow_202",""
"Diablo III","Weapons","Crossbow","Crossbow","Base","Base type (white/grey/blue)","https://eu.diablo3.blizzard.com/en-gb/item/crossbow-Crossbow_002",""
"Diablo III","Weapons","Crossbow","Doomcaster","Base","Base type (white/grey/blue)","https://eu.diablo3.blizzard.com/en-gb/item/doomcaster-Crossbow_206",""
"Diablo III","Weapons","Crossbow","Dread Crossbow","Base","Base type (white/grey/blue)","https://eu.diablo3.blizzard.com/en-gb/artisan/blacksmith/recipe/glorious-dread-crossbow","Base name listed through a crafting recipe in Blizzard item guide; recipe bonuses excluded."
"Diablo III","Weapons","Crossbow","Heavy Crossbow","Base","Base type (white/grey/blue)","https://eu.diablo3.blizzard.com/en-gb/item/heavy-crossbow-Crossbow_003",""
"Diablo III","Weapons","Crossbow","Heavy Siege Crossbow","Base","Base type (white/grey/blue)","https://eu.diablo3.blizzard.com/en-gb/artisan/blacksmith/recipe/illustrious-slingbow","Base name listed through a crafting recipe in Blizzard item guide; recipe bonuses excluded."
"Diablo III","Weapons","Crossbow","Hellion Crossbow","Base","Base type (white/grey/blue)","https://eu.diablo3.blizzard.com/en-gb/item/hellion-crossbow-Crossbow_207",""
"Diablo III","Weapons","Crossbow","Lian Nu","Base","Base type (white/grey/blue)","https://eu.diablo3.blizzard.com/en-gb/artisan/blacksmith/recipe/journeyman-lian-nu","Base name listed through a crafting recipe in Blizzard item guide; recipe bonuses excluded."
"Diablo III","Weapons","Crossbow","Light Crossbow","Base","Base type (white/grey/blue)","https://eu.diablo3.blizzard.com/en-gb/item/light-crossbow-Crossbow_001",""
"Diablo III","Weapons","Crossbow","Nayin","Base","Base type (white/grey/blue)","https://eu.diablo3.blizzard.com/en-gb/artisan/blacksmith/recipe/exalted-doomcaster","Base name listed through a crafting recipe in Blizzard item guide; recipe bonuses excluded."
"Diablo III","Weapons","Crossbow","Oxybeles","Base","Base type (white/grey/blue)","https://eu.diablo3.blizzard.com/en-gb/artisan/blacksmith/recipe/sovereign-oxybeles","Base name listed through a crafting recipe in Blizzard item guide; recipe bonuses excluded."
"Diablo III","Weapons","Crossbow","Porcupine","Base","Base type (white/grey/blue)","https://eu.diablo3.blizzard.com/en-gb/artisan/blacksmith/recipe/adept-porcupine","Base name listed through a crafting recipe in Blizzard item guide; recipe bonuses excluded."
"Diablo III","Weapons","Crossbow","Quarrelbow","Base","Base type (white/grey/blue)","https://eu.diablo3.blizzard.com/en-gb/artisan/blacksmith/recipe/grand-master-heavy-siege-crossbow","Base name listed through a crafting recipe in Blizzard item guide; recipe bonuses excluded."
"Diablo III","Weapons","Crossbow","Rampart Bow","Base","Base type (white/grey/blue)","https://eu.diablo3.blizzard.com/en-gb/artisan/blacksmith/recipe/exquisite-rampart-bow","Base name listed through a crafting recipe in Blizzard item guide; recipe bonuses excluded."
"Diablo III","Weapons","Crossbow","Scorpion","Base","Base type (white/grey/blue)","https://eu.diablo3.blizzard.com/en-gb/artisan/blacksmith/recipe/resplendent-scorpion","Base name listed through a crafting recipe in Blizzard item guide; recipe bonuses excluded."
"Diablo III","Weapons","Crossbow","Siege Crossbow","Base","Base type (white/grey/blue)","https://eu.diablo3.blizzard.com/en-gb/artisan/blacksmith/recipe/master-crossbow","Base name listed through a crafting recipe in Blizzard item guide; recipe bonuses excluded."
"Diablo III","Weapons","Crossbow","Slingbow","Base","Base type (white/grey/blue)","https://eu.diablo3.blizzard.com/en-gb/item/slingbow-Crossbow_104",""
"Diablo III","Weapons","Crossbow","Stonebow","Base","Base type (white/grey/blue)","https://eu.diablo3.blizzard.com/en-gb/item/stonebow-Crossbow_205",""
"Diablo III","Weapons","Crossbow","War Caster","Base","Base type (white/grey/blue)","https://eu.diablo3.blizzard.com/en-gb/item/war-caster-Crossbow_106",""
"Diablo III","Weapons","Crossbow","War Crossbow","Base","Base type (white/grey/blue)","https://eu.diablo3.blizzard.com/en-gb/item/war-crossbow-Crossbow_006",""
"Diablo III","Weapons","Crossbow","Windlass","Base","Base type (white/grey/blue)","https://eu.diablo3.blizzard.com/en-gb/item/windlass-Crossbow_201",""
"Diablo III","Weapons","Dagger","Basilard","Base","Base type (white/grey/blue)","https://eu.diablo3.blizzard.com/en-gb/item/basilard-Dagger_205",""
"Diablo III","Weapons","Dagger","Cinquedea","Base","Base type (white/grey/blue)","https://eu.diablo3.blizzard.com/en-gb/artisan/blacksmith/recipe/exalted-piercer","Base name listed through a crafting recipe in Blizzard item guide; recipe bonuses excluded."
"Diablo III","Weapons","Dagger","Dagger","Base","Base type (white/grey/blue)","https://eu.diablo3.blizzard.com/en-gb/item/dagger-Dagger_004",""
"Diablo III","Weapons","Dagger","Darkblade","Base","Base type (white/grey/blue)","https://eu.diablo3.blizzard.com/en-gb/item/darkblade-Dagger_207",""
"Diablo III","Weapons","Dagger","Jagged Dagger","Base","Base type (white/grey/blue)","https://eu.diablo3.blizzard.com/en-gb/artisan/blacksmith/recipe/grand-master-jagged-dagger","Base name listed through a crafting recipe in Blizzard item guide; recipe bonuses excluded."
"Diablo III","Weapons","Dagger","Kindjal","Base","Base type (white/grey/blue)","https://eu.diablo3.blizzard.com/en-gb/item/kindjal-Dagger_102",""
"Diablo III","Weapons","Dagger","Kingsport Blade","Base","Base type (white/grey/blue)","https://eu.diablo3.blizzard.com/en-gb/artisan/blacksmith/recipe/exquisite-kingsport-blade","Base name listed through a crafting recipe in Blizzard item guide; recipe bonuses excluded."
"Diablo III","Weapons","Dagger","Kukri","Base","Base type (white/grey/blue)","https://eu.diablo3.blizzard.com/en-gb/item/kukri-Dagger_201",""
"Diablo III","Weapons","Dagger","Main Gauche","Base","Base type (white/grey/blue)","https://eu.diablo3.blizzard.com/en-gb/item/main-gauche-Dagger_106",""
"Diablo III","Weapons","Dagger","Pavade","Base","Base type (white/grey/blue)","https://eu.diablo3.blizzard.com/en-gb/artisan/blacksmith/recipe/glorious-pavade","Base name listed through a crafting recipe in Blizzard item guide; recipe bonuses excluded."
"Diablo III","Weapons","Dagger","Piercer","Base","Base type (white/grey/blue)","https://eu.diablo3.blizzard.com/en-gb/item/piercer-Dagger_206",""
"Diablo III","Weapons","Dagger","Poignard","Base","Base type (white/grey/blue)","https://eu.diablo3.blizzard.com/en-gb/artisan/blacksmith/recipe/journeyman-dagger","Base name listed through a crafting recipe in Blizzard item guide; recipe bonuses excluded."
"Diablo III","Weapons","Dagger","Pugio","Base","Base type (white/grey/blue)","https://eu.diablo3.blizzard.com/en-gb/artisan/blacksmith/recipe/illustrious-pugio","Base name listed through a crafting recipe in Blizzard item guide; recipe bonuses excluded."
"Diablo III","Weapons","Dagger","Punyal","Base","Base type (white/grey/blue)","https://eu.diablo3.blizzard.com/en-gb/artisan/blacksmith/recipe/sovereign-punyal","Base name listed through a crafting recipe in Blizzard item guide; recipe bonuses excluded."
"Diablo III","Weapons","Dagger","Rondel","Base","Base type (white/grey/blue)","https://eu.diablo3.blizzard.com/en-gb/item/rondel-Dagger_104",""
"Diablo III","Weapons","Dagger","Scramasax","Base","Base type (white/grey/blue)","https://eu.diablo3.blizzard.com/en-gb/artisan/blacksmith/recipe/magnificent-scramasax","Base name listed through a crafting recipe in Blizzard item guide; recipe bonuses excluded."
"Diablo III","Weapons","Dagger","Shiv","Base","Base type (white/grey/blue)","https://eu.diablo3.blizzard.com/en-gb/item/shiv-Dagger_002",""
"Diablo III","Weapons","Dagger","Short Dagger","Base","Base type (white/grey/blue)","https://eu.diablo3.blizzard.com/en-gb/artisan/blacksmith/recipe/apprentice-shiv","Base name listed through a crafting recipe in Blizzard item guide; recipe bonuses excluded."
"Diablo III","Weapons","Dagger","Simple Dagger","Base","Base type (white/grey/blue)","https://eu.diablo3.blizzard.com/en-gb/item/simple-dagger-Dagger_001",""
"Diablo III","Weapons","Dagger","Skain","Base","Base type (white/grey/blue)","https://eu.diablo3.blizzard.com/en-gb/item/skain-Dagger_204",""
"Diablo III","Weapons","Dagger","Skiver","Base","Base type (white/grey/blue)","https://eu.diablo3.blizzard.com/en-gb/artisan/blacksmith/recipe/master-skiver","Base name listed through a crafting recipe in Blizzard item guide; recipe bonuses excluded."
"Diablo III","Weapons","Dagger","Spine","Base","Base type (white/grey/blue)","https://eu.diablo3.blizzard.com/en-gb/artisan/blacksmith/recipe/resplendent-spine","Base name listed through a crafting recipe in Blizzard item guide; recipe bonuses excluded."
"Diablo III","Weapons","Dagger","Stiletto","Base","Base type (white/grey/blue)","https://eu.diablo3.blizzard.com/en-gb/artisan/blacksmith/recipe/adept-stiletto","Base name listed through a crafting recipe in Blizzard item guide; recipe bonuses excluded."
"Diablo III","Weapons","Daibo","Drevko","Base","Base type (white/grey/blue)","https://eu.diablo3.blizzard.com/en-gb/item/drevko-CombatStaff_2H_203",""
"Diablo III","Weapons","Daibo","Eiku","Base","Base type (white/grey/blue)","https://eu.diablo3.blizzard.com/en-gb/item/eiku-CombatStaff_2H_003",""
"Diablo III","Weapons","Daibo","Grand Taiji","Base","Base type (white/grey/blue)","https://eu.diablo3.blizzard.com/en-gb/item/grand-taiji-CombatStaff_2H_204",""
"Diablo III","Weapons","Daibo","Guru Staff","Base","Base type (white/grey/blue)","https://eu.diablo3.blizzard.com/en-gb/item/guru-staff-CombatStaff_2H_206",""
"Diablo III","Weapons","Daibo","Iron Judgement","Base","Base type (white/grey/blue)","https://eu.diablo3.blizzard.com/en-gb/item/iron-judgement-CombatStaff_2H_301",""
"Diablo III","Weapons","Daibo","Jodo Staff","Base","Base type (white/grey/blue)","https://eu.diablo3.blizzard.com/en-gb/item/jodo-staff-CombatStaff_2H_101",""
"Diablo III","Weapons","Daibo","Lathi","Base","Base type (white/grey/blue)","https://eu.diablo3.blizzard.com/en-gb/item/lathi-CombatStaff_2H_201",""
"Diablo III","Weapons","Daibo","Sibat","Base","Base type (white/grey/blue)","https://eu.diablo3.blizzard.com/en-gb/item/sibat-CombatStaff_2H_102",""
"Diablo III","Weapons","Daibo","Silambam","Base","Base type (white/grey/blue)","https://eu.diablo3.blizzard.com/en-gb/item/silambam-CombatStaff_2H_202",""
"Diablo III","Weapons","Daibo","Spade","Base","Base type (white/grey/blue)","https://eu.diablo3.blizzard.com/en-gb/item/spade-CombatStaff_2H_002",""
"Diablo III","Weapons","Daibo","Svardstav","Base","Base type (white/grey/blue)","https://eu.diablo3.blizzard.com/en-gb/item/svardstav-CombatStaff_2H_104",""
"Diablo III","Weapons","Daibo","Taiji","Base","Base type (white/grey/blue)","https://eu.diablo3.blizzard.com/en-gb/item/taiji-CombatStaff_2H_004",""
"Diablo III","Weapons","Daibo","Trost","Base","Base type (white/grey/blue)","https://eu.diablo3.blizzard.com/en-gb/item/trost-CombatStaff_2H_103",""
"Diablo III","Weapons","Daibo","Whirlwind Staff","Base","Base type (white/grey/blue)","https://eu.diablo3.blizzard.com/en-gb/artisan/blacksmith/recipe/sovereign-whirlwind-staff","Base name listed through a crafting recipe in Blizzard item guide; recipe bonuses excluded."
"Diablo III","Weapons","Daibo","Wooden Bo","Base","Base type (white/grey/blue)","https://eu.diablo3.blizzard.com/en-gb/item/wooden-bo-CombatStaff_2H_001",""
"Diablo III","Weapons","Daibo","Zhezl","Base","Base type (white/grey/blue)","https://eu.diablo3.blizzard.com/en-gb/item/zhezl-CombatStaff_2H_205",""
"Diablo III","Weapons","Fist Weapon","Breaker","Base","Base type (white/grey/blue)","https://eu.diablo3.blizzard.com/en-gb/item/breaker-FistWeapon_1H_101",""
"Diablo III","Weapons","Fist Weapon","Claw","Base","Base type (white/grey/blue)","https://eu.diablo3.blizzard.com/en-gb/artisan/blacksmith/recipe/illustrious-claw","Base name listed through a crafting recipe in Blizzard item guide; recipe bonuses excluded."
"Diablo III","Weapons","Fist Weapon","Demon Fang","Base","Base type (white/grey/blue)","https://eu.diablo3.blizzard.com/en-gb/item/demon-fang-FistWeapon_1H_203",""
"Diablo III","Weapons","Fist Weapon","Golden Talon","Base","Base type (white/grey/blue)","https://eu.diablo3.blizzard.com/en-gb/item/golden-talon-FistWeapon_1H_205",""
"Diablo III","Weapons","Fist Weapon","Grappler","Base","Base type (white/grey/blue)","https://eu.diablo3.blizzard.com/en-gb/artisan/blacksmith/recipe/resplendent-grappler","Base name listed through a crafting recipe in Blizzard item guide; recipe bonuses excluded."
"Diablo III","Weapons","Fist Weapon","Hammer Hand","Base","Base type (white/grey/blue)","https://eu.diablo3.blizzard.com/en-gb/artisan/blacksmith/recipe/glorious-hammer-hand","Base name listed through a crafting recipe in Blizzard item guide; recipe bonuses excluded."
"Diablo III","Weapons","Fist Weapon","Heaven Hand","Base","Base type (white/grey/blue)","https://eu.diablo3.blizzard.com/en-gb/item/heaven-hand-FistWeapon_1H_206",""
"Diablo III","Weapons","Fist Weapon","Iron Fist","Base","Base type (white/grey/blue)","https://eu.diablo3.blizzard.com/en-gb/artisan/blacksmith/recipe/grand-master-iron-fist","Base name listed through a crafting recipe in Blizzard item guide; recipe bonuses excluded."
"Diablo III","Weapons","Fist Weapon","Kastet","Base","Base type (white/grey/blue)","https://eu.diablo3.blizzard.com/en-gb/artisan/blacksmith/recipe/magnificent-kastet","Base name listed through a crafting recipe in Blizzard item guide; recipe bonuses excluded."
"Diablo III","Weapons","Fist Weapon","Knuckles","Base","Base type (white/grey/blue)","https://eu.diablo3.blizzard.com/en-gb/item/knuckles-FistWeapon_1H_001",""
"Diablo III","Weapons","Fist Weapon","Piercer","Base","Base type (white/grey/blue)","https://eu.diablo3.blizzard.com/en-gb/artisan/blacksmith/recipe/master-breaker","Base name listed through a crafting recipe in Blizzard item guide; recipe bonuses excluded."
"Diablo III","Weapons","Fist Weapon","Pulverizer","Base","Base type (white/grey/blue)","https://eu.diablo3.blizzard.com/en-gb/artisan/blacksmith/recipe/exalted-golden-talon","Base name listed through a crafting recipe in Blizzard item guide; recipe bonuses excluded."
"Diablo III","Weapons","Fist Weapon","Shuko","Base","Base type (white/grey/blue)","https://eu.diablo3.blizzard.com/en-gb/artisan/blacksmith/recipe/adept-shuko","Base name listed through a crafting recipe in Blizzard item guide; recipe bonuses excluded."
"Diablo III","Weapons","Fist Weapon","Spiked Fist","Base","Base type (white/grey/blue)","https://eu.diablo3.blizzard.com/en-gb/artisan/blacksmith/recipe/exquisite-spiked-fist","Base name listed through a crafting recipe in Blizzard item guide; recipe bonuses excluded."
"Diablo III","Weapons","Fist Weapon","Spikes","Base","Base type (white/grey/blue)","https://eu.diablo3.blizzard.com/en-gb/item/spikes-FistWeapon_1H_002",""
"Diablo III","Weapons","Fist Weapon","Suwaiya","Base","Base type (white/grey/blue)","https://eu.diablo3.blizzard.com/en-gb/artisan/blacksmith/recipe/sovereign-suwaiya","Base name listed through a crafting recipe in Blizzard item guide; recipe bonuses excluded."
"Diablo III","Weapons","Fist Weapon","Talon","Base","Base type (white/grey/blue)","https://eu.diablo3.blizzard.com/en-gb/item/talon-FistWeapon_1H_003",""
"Diablo III","Weapons","Fist Weapon","Worn Knuckles","Base","Base type (white/grey/blue)","https://eu.diablo3.blizzard.com/en-gb/item/worn-knuckles-FistWeapon_1H_000",""
"Diablo III","Weapons","Flail","Ball and Chain","Base","Base type (white/grey/blue)","https://eu.diablo3.blizzard.com/en-gb/artisan/blacksmith/recipe/master-flail","Base name listed through a crafting recipe in Blizzard item guide; recipe bonuses excluded."
"Diablo III","Weapons","Flail","Barbed Flail","Base","Base type (white/grey/blue)","https://eu.diablo3.blizzard.com/en-gb/item/barbed-flail-Flail_1H_003",""
"Diablo III","Weapons","Flail","Chain Mace","Base","Base type (white/grey/blue)","https://eu.diablo3.blizzard.com/en-gb/artisan/blacksmith/recipe/grandmaster-chain-mace","Base name listed through a crafting recipe in Blizzard item guide; recipe bonuses excluded."
"Diablo III","Weapons","Flail","Flail","Base","Base type (white/grey/blue)","https://eu.diablo3.blizzard.com/en-gb/artisan/blacksmith/recipe/adept-flail","Base name listed through a crafting recipe in Blizzard item guide; recipe bonuses excluded."
"Diablo III","Weapons","Flail","Giant's Flail","Base","Base type (white/grey/blue)","https://eu.diablo3.blizzard.com/en-gb/artisan/blacksmith/recipe/exquisite-giants-flail","Base name listed through a crafting recipe in Blizzard item guide; recipe bonuses excluded."
"Diablo III","Weapons","Flail","Grandfather Flail","Base","Base type (white/grey/blue)","https://eu.diablo3.blizzard.com/en-gb/artisan/blacksmith/recipe/sovereign-grandfather-flail","Base name listed through a crafting recipe in Blizzard item guide; recipe bonuses excluded."
"Diablo III","Weapons","Flail","Imposing Flail","Base","Base type (white/grey/blue)","https://eu.diablo3.blizzard.com/en-gb/artisan/blacksmith/recipe/magnificent-imposing-flail","Base name listed through a crafting recipe in Blizzard item guide; recipe bonuses excluded."
"Diablo III","Weapons","Flail","Iron Whip","Base","Base type (white/grey/blue)","https://eu.diablo3.blizzard.com/en-gb/item/iron-whip-Flail_1H_002",""
"Diablo III","Weapons","Flail","Knout","Base","Base type (white/grey/blue)","https://eu.diablo3.blizzard.com/en-gb/item/knout-Flail_1H_202",""
"Diablo III","Weapons","Flail","Painbringer","Base","Base type (white/grey/blue)","https://eu.diablo3.blizzard.com/en-gb/artisan/blacksmith/recipe/glorious-knout","Base name listed through a crafting recipe in Blizzard item guide; recipe bonuses excluded."
"Diablo III","Weapons","Flail","Royal Guardian","Base","Base type (white/grey/blue)","https://eu.diablo3.blizzard.com/en-gb/artisan/blacksmith/recipe/resplendent-royal-guardian","Base name listed through a crafting recipe in Blizzard item guide; recipe bonuses excluded."
"Diablo III","Weapons","Flail","Rusty Flail","Base","Base type (white/grey/blue)","https://eu.diablo3.blizzard.com/en-gb/item/rusty-flail-Flail_1H_000",""
"Diablo III","Weapons","Flail","Shredder","Base","Base type (white/grey/blue)","https://eu.diablo3.blizzard.com/en-gb/artisan/blacksmith/recipe/illustrious-shredder","Base name listed through a crafting recipe in Blizzard item guide; recipe bonuses excluded."
"Diablo III","Weapons","Flail","Spiked Flail","Base","Base type (white/grey/blue)","https://eu.diablo3.blizzard.com/en-gb/item/spiked-flail-Flail_1H_001",""
"Diablo III","Weapons","Flail","Thresher","Base","Base type (white/grey/blue)","https://eu.diablo3.blizzard.com/en-gb/artisan/blacksmith/recipe/journeyman-thresher","Base name listed through a crafting recipe in Blizzard item guide; recipe bonuses excluded."
"Diablo III","Weapons","Flail","Wicked Flail","Base","Base type (white/grey/blue)","https://eu.diablo3.blizzard.com/en-gb/artisan/blacksmith/recipe/exalted-wicked-flail","Base name listed through a crafting recipe in Blizzard item guide; recipe bonuses excluded."
"Diablo III","Weapons","Hand Crossbow","Arcus","Base","Base type (white/grey/blue)","https://eu.diablo3.blizzard.com/en-gb/artisan/blacksmith/recipe/illustrious-arcus","Base name listed through a crafting recipe in Blizzard item guide; recipe bonuses excluded."
"Diablo III","Weapons","Hand Crossbow","Blade Spitter","Base","Base type (white/grey/blue)","https://eu.diablo3.blizzard.com/en-gb/artisan/blacksmith/recipe/exalted-bolt-caster","Base name listed through a crafting recipe in Blizzard item guide; recipe bonuses excluded."
"Diablo III","Weapons","Hand Crossbow","Bolt Caster","Base","Base type (white/grey/blue)","https://eu.diablo3.blizzard.com/en-gb/item/bolt-caster-HandXbow_207",""
"Diablo III","Weapons","Hand Crossbow","Bolt Rack","Base","Base type (white/grey/blue)","https://eu.diablo3.blizzard.com/en-gb/artisan/blacksmith/recipe/resplendent-sling-pistol","Base name listed through a crafting recipe in Blizzard item guide; recipe bonuses excluded."
"Diablo III","Weapons","Hand Crossbow","Cranequin","Base","Base type (white/grey/blue)","https://eu.diablo3.blizzard.com/en-gb/item/cranequin-HandXbow_105",""
"Diablo III","Weapons","Hand Crossbow","Crosslock","Base","Base type (white/grey/blue)","https://eu.diablo3.blizzard.com/en-gb/artisan/blacksmith/recipe/grand-master-crosslock","Base name listed through a crafting recipe in Blizzard item guide; recipe bonuses excluded."
"Diablo III","Weapons","Hand Crossbow","Exorcist","Base","Base type (white/grey/blue)","https://eu.diablo3.blizzard.com/en-gb/item/exorcist-HandXbow_208",""
"Diablo III","Weapons","Hand Crossbow","Hand Crossbow","Base","Base type (white/grey/blue)","https://eu.diablo3.blizzard.com/en-gb/artisan/blacksmith/recipe/apprentice-hand-crossbow","Base name listed through a crafting recipe in Blizzard item guide; recipe bonuses excluded."
"Diablo III","Weapons","Hand Crossbow","Heavy Arcus","Base","Base type (white/grey/blue)","https://eu.diablo3.blizzard.com/en-gb/item/heavy-arcus-HandXbow_107",""
"Diablo III","Weapons","Hand Crossbow","Heavy Cranequin","Base","Base type (white/grey/blue)","https://eu.diablo3.blizzard.com/en-gb/item/heavy-cranequin-HandXbow_205",""
"Diablo III","Weapons","Hand Crossbow","Heavy Stake Thrower","Base","Base type (white/grey/blue)","https://eu.diablo3.blizzard.com/en-gb/item/heavy-stake-thrower-HandXbow_008",""
"Diablo III","Weapons","Hand Crossbow","Initiate's Hand Crossbow","Base","Base type (white/grey/blue)","https://eu.diablo3.blizzard.com/en-gb/item/initiates-hand-crossbow-HandXbow_000",""
"Diablo III","Weapons","Hand Crossbow","Light Hand Crossbow","Base","Base type (white/grey/blue)","https://eu.diablo3.blizzard.com/en-gb/item/light-hand-crossbow-HandXbow_002",""
"Diablo III","Weapons","Hand Crossbow","Lionblade Bow","Base","Base type (white/grey/blue)","https://eu.diablo3.blizzard.com/en-gb/artisan/blacksmith/recipe/exquisite-lionblade-bow","Base name listed through a crafting recipe in Blizzard item guide; recipe bonuses excluded."
"Diablo III","Weapons","Hand Crossbow","Nail Spitter","Base","Base type (white/grey/blue)","https://eu.diablo3.blizzard.com/en-gb/artisan/blacksmith/recipe/adept-nail-spitter","Base name listed through a crafting recipe in Blizzard item guide; recipe bonuses excluded."
"Diablo III","Weapons","Hand Crossbow","Penetrator","Base","Base type (white/grey/blue)","https://eu.diablo3.blizzard.com/en-gb/artisan/blacksmith/recipe/sovereign-penetrator","Base name listed through a crafting recipe in Blizzard item guide; recipe bonuses excluded."
"Diablo III","Weapons","Hand Crossbow","Quillshot","Base","Base type (white/grey/blue)","https://eu.diablo3.blizzard.com/en-gb/artisan/blacksmith/recipe/journeyman-quillshot","Base name listed through a crafting recipe in Blizzard item guide; recipe bonuses excluded."
"Diablo III","Weapons","Hand Crossbow","Runic Arcus","Base","Base type (white/grey/blue)","https://eu.diablo3.blizzard.com/en-gb/item/runic-arcus-HandXbow_206",""
"Diablo III","Weapons","Hand Crossbow","Runic Sling Pistol","Base","Base type (white/grey/blue)","https://eu.diablo3.blizzard.com/en-gb/item/runic-sling-pistol-HandXbow_201",""
"Diablo III","Weapons","Hand Crossbow","Siege Lock","Base","Base type (white/grey/blue)","https://eu.diablo3.blizzard.com/en-gb/item/siege-lock-HandXbow_103",""
"Diablo III","Weapons","Hand Crossbow","Simple Hand Crossbow","Base","Base type (white/grey/blue)","https://eu.diablo3.blizzard.com/en-gb/artisan/blacksmith/recipe/apprentice-light-hand-crossbow","Base name listed through a crafting recipe in Blizzard item guide; recipe bonuses excluded."
"Diablo III","Weapons","Hand Crossbow","Sling Pistol","Base","Base type (white/grey/blue)","https://eu.diablo3.blizzard.com/en-gb/artisan/blacksmith/recipe/master-heavy-sling-pistol","Base name listed through a crafting recipe in Blizzard item guide; recipe bonuses excluded."
"Diablo III","Weapons","Hand Crossbow","Slinglock","Base","Base type (white/grey/blue)","https://eu.diablo3.blizzard.com/en-gb/item/slinglock-HandXbow_005",""
"Diablo III","Weapons","Hand Crossbow","Spine Thrower","Base","Base type (white/grey/blue)","https://eu.diablo3.blizzard.com/en-gb/artisan/blacksmith/recipe/magnificent-heavy-arcus","Base name listed through a crafting recipe in Blizzard item guide; recipe bonuses excluded."
"Diablo III","Weapons","Hand Crossbow","Splinter Shot","Base","Base type (white/grey/blue)","https://eu.diablo3.blizzard.com/en-gb/artisan/blacksmith/recipe/glorious-blade-spitter","Base name listed through a crafting recipe in Blizzard item guide; recipe bonuses excluded."
"Diablo III","Weapons","Hand Crossbow","Stake Thrower","Base","Base type (white/grey/blue)","https://eu.diablo3.blizzard.com/en-gb/item/stake-thrower-HandXbow_003",""
"Diablo III","Weapons","Hand Crossbow","Windlash","Base","Base type (white/grey/blue)","https://eu.diablo3.blizzard.com/en-gb/item/windlash-HandXbow_203",""
"Diablo III","Weapons","Mace","Bludgeon","Base","Base type (white/grey/blue)","https://eu.diablo3.blizzard.com/en-gb/artisan/blacksmith/recipe/grand-master-bludgeon","Base name listed through a crafting recipe in Blizzard item guide; recipe bonuses excluded."
"Diablo III","Weapons","Mace","Brutalizer","Base","Base type (white/grey/blue)","https://eu.diablo3.blizzard.com/en-gb/artisan/blacksmith/recipe/exquisite-brutalizer","Base name listed through a crafting recipe in Blizzard item guide; recipe bonuses excluded."
"Diablo III","Weapons","Mace","Club","Base","Base type (white/grey/blue)","https://eu.diablo3.blizzard.com/en-gb/item/club-Mace_1H_001",""
"Diablo III","Weapons","Mace","Crag Hammer","Base","Base type (white/grey/blue)","https://eu.diablo3.blizzard.com/en-gb/item/crag-hammer-Mace_1H_206",""
"Diablo III","Weapons","Mace","Cudgel","Base","Base type (white/grey/blue)","https://eu.diablo3.blizzard.com/en-gb/item/cudgel-Mace_1H_002",""
"Diablo III","Weapons","Mace","Death Mace","Base","Base type (white/grey/blue)","https://eu.diablo3.blizzard.com/en-gb/item/death-mace-Mace_1H_203",""
"Diablo III","Weapons","Mace","Demolisher","Base","Base type (white/grey/blue)","https://eu.diablo3.blizzard.com/en-gb/item/demolisher-Mace_1H_207",""
"Diablo III","Weapons","Mace","Flanged Mace","Base","Base type (white/grey/blue)","https://eu.diablo3.blizzard.com/en-gb/artisan/blacksmith/recipe/journeyman-mace","Base name listed through a crafting recipe in Blizzard item guide; recipe bonuses excluded."
"Diablo III","Weapons","Mace","Gada","Base","Base type (white/grey/blue)","https://eu.diablo3.blizzard.com/en-gb/artisan/blacksmith/recipe/magnificent-pernach","Base name listed through a crafting recipe in Blizzard item guide; recipe bonuses excluded."
"Diablo III","Weapons","Mace","Goedendag","Base","Base type (white/grey/blue)","https://eu.diablo3.blizzard.com/en-gb/artisan/blacksmith/recipe/exalted-crag-hammer","Base name listed through a crafting recipe in Blizzard item guide; recipe bonuses excluded."
"Diablo III","Weapons","Mace","Hammer","Base","Base type (white/grey/blue)","https://eu.diablo3.blizzard.com/en-gb/artisan/blacksmith/recipe/adept-hammer","Base name listed through a crafting recipe in Blizzard item guide; recipe bonuses excluded."
"Diablo III","Weapons","Mace","Heavy Hammer","Base","Base type (white/grey/blue)","https://eu.diablo3.blizzard.com/en-gb/item/heavy-hammer-Mace_1H_106",""
"Diablo III","Weapons","Mace","Mace","Base","Base type (white/grey/blue)","https://eu.diablo3.blizzard.com/en-gb/item/mace-Mace_1H_004",""
"Diablo III","Weapons","Mace","Morning Star","Base","Base type (white/grey/blue)","https://eu.diablo3.blizzard.com/en-gb/item/morning-star-Mace_1H_003",""
"Diablo III","Weapons","Mace","Pernach","Base","Base type (white/grey/blue)","https://eu.diablo3.blizzard.com/en-gb/item/pernach-Mace_1H_105",""
"Diablo III","Weapons","Mace","Skull Crusher","Base","Base type (white/grey/blue)","https://eu.diablo3.blizzard.com/en-gb/item/skull-crusher-Mace_1H_201",""
"Diablo III","Weapons","Mace","Skullsplitter","Base","Base type (white/grey/blue)","https://eu.diablo3.blizzard.com/en-gb/artisan/blacksmith/recipe/sovereign-skullsplitter","Base name listed through a crafting recipe in Blizzard item guide; recipe bonuses excluded."
"Diablo III","Weapons","Mace","Spiked Baton","Base","Base type (white/grey/blue)","https://eu.diablo3.blizzard.com/en-gb/item/spiked-baton-Mace_1H_102",""
"Diablo III","Weapons","Mace","Tripyor","Base","Base type (white/grey/blue)","https://eu.diablo3.blizzard.com/en-gb/item/tripyor-Mace_1H_204",""
"Diablo III","Weapons","Mace","Truncheon","Base","Base type (white/grey/blue)","https://eu.diablo3.blizzard.com/en-gb/artisan/blacksmith/recipe/glorious-death-mace","Base name listed through a crafting recipe in Blizzard item guide; recipe bonuses excluded."
"Diablo III","Weapons","Mace","War Gavel","Base","Base type (white/grey/blue)","https://eu.diablo3.blizzard.com/en-gb/artisan/blacksmith/recipe/master-war-cudgel","Base name listed through a crafting recipe in Blizzard item guide; recipe bonuses excluded."
"Diablo III","Weapons","Mace","War Hammer","Base","Base type (white/grey/blue)","https://eu.diablo3.blizzard.com/en-gb/artisan/blacksmith/recipe/resplendent-war-hammer","Base name listed through a crafting recipe in Blizzard item guide; recipe bonuses excluded."
"Diablo III","Weapons","Mace","War Mace","Base","Base type (white/grey/blue)","https://eu.diablo3.blizzard.com/en-gb/artisan/blacksmith/recipe/illustrious-war-mace","Base name listed through a crafting recipe in Blizzard item guide; recipe bonuses excluded."
"Diablo III","Weapons","Mighty Weapon","Caldean Sword","Base","Base type (white/grey/blue)","https://eu.diablo3.blizzard.com/en-gb/artisan/blacksmith/recipe/exquisite-caldean-sword","Base name listed through a crafting recipe in Blizzard item guide; recipe bonuses excluded."
"Diablo III","Weapons","Mighty Weapon","Carver","Base","Base type (white/grey/blue)","https://eu.diablo3.blizzard.com/en-gb/item/carver-MightyWeapon1H_002",""
"Diablo III","Weapons","Mighty Weapon","Chopsword","Base","Base type (white/grey/blue)","https://eu.diablo3.blizzard.com/en-gb/artisan/blacksmith/recipe/exalted-massacre-axe","Base name listed through a crafting recipe in Blizzard item guide; recipe bonuses excluded."
"Diablo III","Weapons","Mighty Weapon","Eviscerator","Base","Base type (white/grey/blue)","https://eu.diablo3.blizzard.com/en-gb/artisan/blacksmith/recipe/grand-master-eviscerator","Base name listed through a crafting recipe in Blizzard item guide; recipe bonuses excluded."
"Diablo III","Weapons","Mighty Weapon","Gutwrench","Base","Base type (white/grey/blue)","https://eu.diablo3.blizzard.com/en-gb/artisan/blacksmith/recipe/magnificent-gut-wrench","Base name listed through a crafting recipe in Blizzard item guide; recipe bonuses excluded."
"Diablo III","Weapons","Mighty Weapon","Limb Cleaver","Base","Base type (white/grey/blue)","https://eu.diablo3.blizzard.com/en-gb/artisan/blacksmith/recipe/sovereign-limb-cleaver","Base name listed through a crafting recipe in Blizzard item guide; recipe bonuses excluded."
"Diablo III","Weapons","Mighty Weapon","Machete","Base","Base type (white/grey/blue)","https://eu.diablo3.blizzard.com/en-gb/artisan/blacksmith/recipe/illustrious-reaver","Base name listed through a crafting recipe in Blizzard item guide; recipe bonuses excluded."
"Diablo III","Weapons","Mighty Weapon","Massacre Axe","Base","Base type (white/grey/blue)","https://eu.diablo3.blizzard.com/en-gb/item/massacre-axe-MightyWeapon1H_203",""
"Diablo III","Weapons","Mighty Weapon","Maw Axe","Base","Base type (white/grey/blue)","https://eu.diablo3.blizzard.com/en-gb/artisan/blacksmith/recipe/journeyman-maw-axe","Base name listed through a crafting recipe in Blizzard item guide; recipe bonuses excluded."
"Diablo III","Weapons","Mighty Weapon","Rage Blade","Base","Base type (white/grey/blue)","https://eu.diablo3.blizzard.com/en-gb/artisan/blacksmith/recipe/resplendent-rage-blade","Base name listed through a crafting recipe in Blizzard item guide; recipe bonuses excluded."
"Diablo III","Weapons","Mighty Weapon","Reaper","Base","Base type (white/grey/blue)","https://eu.diablo3.blizzard.com/en-gb/artisan/blacksmith/recipe/glorious-reaper","Base name listed through a crafting recipe in Blizzard item guide; recipe bonuses excluded."
"Diablo III","Weapons","Mighty Weapon","Reaver","Base","Base type (white/grey/blue)","https://eu.diablo3.blizzard.com/en-gb/item/reaver-MightyWeapon1H_102a",""
"Diablo III","Weapons","Mighty Weapon","Scythe","Base","Base type (white/grey/blue)","https://eu.diablo3.blizzard.com/en-gb/artisan/blacksmith/recipe/master-scythe","Base name listed through a crafting recipe in Blizzard item guide; recipe bonuses excluded."
"Diablo III","Weapons","Mighty Weapon","Sickle","Base","Base type (white/grey/blue)","https://eu.diablo3.blizzard.com/en-gb/item/sickle-MightyWeapon1H_001",""
"Diablo III","Weapons","Mighty Weapon","Slayer","Base","Base type (white/grey/blue)","https://eu.diablo3.blizzard.com/en-gb/item/slayer-MightyWeapon1H_204",""
"Diablo III","Weapons","Mighty Weapon","War Blade","Base","Base type (white/grey/blue)","https://eu.diablo3.blizzard.com/en-gb/artisan/blacksmith/recipe/adept-war-blade","Base name listed through a crafting recipe in Blizzard item guide; recipe bonuses excluded."
"Diablo III","Weapons","Mojo","Caged Horror","Base","Base type (white/grey/blue)","https://eu.diablo3.blizzard.com/en-gb/artisan/blacksmith/recipe/journeyman-caged-horror","Base name listed through a crafting recipe in Blizzard item guide; recipe bonuses excluded."
"Diablo III","Weapons","Mojo","Copperhead","Base","Base type (white/grey/blue)","https://eu.diablo3.blizzard.com/en-gb/artisan/blacksmith/recipe/resplendent-copperhead","Base name listed through a crafting recipe in Blizzard item guide; recipe bonuses excluded."
"Diablo III","Weapons","Mojo","Gris-Gris Moppet","Base","Base type (white/grey/blue)","https://eu.diablo3.blizzard.com/en-gb/artisan/blacksmith/recipe/grand-master-tzantza","Base name listed through a crafting recipe in Blizzard item guide; recipe bonuses excluded."
"Diablo III","Weapons","Mojo","Hollow Gaze","Base","Base type (white/grey/blue)","https://eu.diablo3.blizzard.com/en-gb/artisan/blacksmith/recipe/sovereign-thing-that-should-not-be","Base name listed through a crafting recipe in Blizzard item guide; recipe bonuses excluded."
"Diablo III","Weapons","Mojo","Kurastian Asp","Base","Base type (white/grey/blue)","https://eu.diablo3.blizzard.com/en-gb/item/kurastian-asp-Mojo_204",""
"Diablo III","Weapons","Mojo","Living Tentacle","Base","Base type (white/grey/blue)","https://eu.diablo3.blizzard.com/en-gb/artisan/blacksmith/recipe/magnificent-living-tentacle","Base name listed through a crafting recipe in Blizzard item guide; recipe bonuses excluded."
"Diablo III","Weapons","Mojo","Muttering Head","Base","Base type (white/grey/blue)","https://eu.diablo3.blizzard.com/en-gb/item/muttering-head-Mojo_202",""
"Diablo III","Weapons","Mojo","Shrunken Ghoul Head","Base","Base type (white/grey/blue)","https://eu.diablo3.blizzard.com/en-gb/artisan/blacksmith/recipe/master-moppet","Base name listed through a crafting recipe in Blizzard item guide; recipe bonuses excluded."
"Diablo III","Weapons","Mojo","Shrunken Head","Base","Base type (white/grey/blue)","https://eu.diablo3.blizzard.com/en-gb/item/shrunken-head-Mojo_002",""
"Diablo III","Weapons","Mojo","Skull Talisman","Base","Base type (white/grey/blue)","https://eu.diablo3.blizzard.com/en-gb/artisan/blacksmith/recipe/exquisite-skull-talisman","Base name listed through a crafting recipe in Blizzard item guide; recipe bonuses excluded."
"Diablo III","Weapons","Mojo","Tzantza","Base","Base type (white/grey/blue)","https://eu.diablo3.blizzard.com/en-gb/artisan/blacksmith/recipe/illustrious-juju","Base name listed through a crafting recipe in Blizzard item guide; recipe bonuses excluded."
"Diablo III","Weapons","Mojo","Unspeakable Thing","Base","Base type (white/grey/blue)","https://eu.diablo3.blizzard.com/en-gb/artisan/blacksmith/recipe/exalted-unspeakable-thing","Base name listed through a crafting recipe in Blizzard item guide; recipe bonuses excluded."
"Diablo III","Weapons","Mojo","Viper","Base","Base type (white/grey/blue)","https://eu.diablo3.blizzard.com/en-gb/artisan/blacksmith/recipe/adept-viper","Base name listed through a crafting recipe in Blizzard item guide; recipe bonuses excluded."
"Diablo III","Weapons","Mojo","Wanga Doll","Base","Base type (white/grey/blue)","https://eu.diablo3.blizzard.com/en-gb/item/wanga-doll-Mojo_001",""
"Diablo III","Weapons","Mojo","Wicker Man","Base","Base type (white/grey/blue)","https://eu.diablo3.blizzard.com/en-gb/artisan/blacksmith/recipe/glorious-wicker-man","Base name listed through a crafting recipe in Blizzard item guide; recipe bonuses excluded."
"Diablo III","Weapons","Phylactery","Blasphemer's Cinerary","Base","Base type (white/grey/blue)","https://eu.diablo3.blizzard.com/en-gb/item/blasphemers-cinerary-NecromancerTalisman_002_t7",""
"Diablo III","Weapons","Phylactery","Cursed Reliquary","Base","Base type (white/grey/blue)","https://eu.diablo3.blizzard.com/en-gb/item/cursed-reliquary-NecromancerTalisman_002_t5",""
"Diablo III","Weapons","Phylactery","Dark Remains","Base","Base type (white/grey/blue)","https://eu.diablo3.blizzard.com/en-gb/item/dark-remains-NecromancerTalisman_001_t3",""
"Diablo III","Weapons","Phylactery","Demonic Cinerary","Base","Base type (white/grey/blue)","https://eu.diablo3.blizzard.com/en-gb/item/demonic-cinerary-NecromancerTalisman_001_t2",""
"Diablo III","Weapons","Phylactery","Desiccated Heart","Base","Base type (white/grey/blue)","https://eu.diablo3.blizzard.com/en-gb/artisan/blacksmith/recipe/exsanguinated-heart","Base name listed through a crafting recipe in Blizzard item guide; recipe bonuses excluded."
"Diablo III","Weapons","Phylactery","Forbidden Cinerary","Base","Base type (white/grey/blue)","https://eu.diablo3.blizzard.com/en-gb/artisan/blacksmith/recipe/shattered-candle","Base name listed through a crafting recipe in Blizzard item guide; recipe bonuses excluded."
"Diablo III","Weapons","Phylactery","Golem Heart","Base","Base type (white/grey/blue)","https://eu.diablo3.blizzard.com/en-gb/item/golem-heart-NecromancerTalisman_002_t6",""
"Diablo III","Weapons","Phylactery","Granite Heart","Base","Base type (white/grey/blue)","https://eu.diablo3.blizzard.com/en-gb/item/granite-heart-NecromancerTalisman_002_t3",""
"Diablo III","Weapons","Phylactery","Horrifying Cinerary","Base","Base type (white/grey/blue)","https://eu.diablo3.blizzard.com/en-gb/item/horrifying-cinerary-NecromancerTalisman_003_t2",""
"Diablo III","Weapons","Phylactery","Incorruptible Soul","Base","Base type (white/grey/blue)","https://eu.diablo3.blizzard.com/en-gb/artisan/blacksmith/recipe/embalming-vessel","Base name listed through a crafting recipe in Blizzard item guide; recipe bonuses excluded."
"Diablo III","Weapons","Phylactery","Innocent Cinerary","Base","Base type (white/grey/blue)","https://eu.diablo3.blizzard.com/en-gb/item/innocent-cinerary-NecromancerTalisman_002_t4",""
"Diablo III","Weapons","Phylactery","Nephalem Heart","Base","Base type (white/grey/blue)","https://eu.diablo3.blizzard.com/en-gb/artisan/blacksmith/recipe/masters-reliquary","Base name listed through a crafting recipe in Blizzard item guide; recipe bonuses excluded."
"Diablo III","Weapons","Phylactery","Peasant Heart","Base","Base type (white/grey/blue)","https://eu.diablo3.blizzard.com/en-gb/item/peasant-heart-NecromancerTalisman_001_t4",""
"Diablo III","Weapons","Phylactery","Saint's Remains","Base","Base type (white/grey/blue)","https://eu.diablo3.blizzard.com/en-gb/item/saints-remains-NecromancerTalisman_002_t8",""
"Diablo III","Weapons","Phylactery","Soul Prison","Base","Base type (white/grey/blue)","https://eu.diablo3.blizzard.com/en-gb/item/soul-prison-NecromancerTalisman_002_t2",""
"Diablo III","Weapons","Polearm","Bardiche","Base","Base type (white/grey/blue)","https://eu.diablo3.blizzard.com/en-gb/item/bardiche-Polearm_001",""
"Diablo III","Weapons","Polearm","Battle Hache","Base","Base type (white/grey/blue)","https://eu.diablo3.blizzard.com/en-gb/item/battle-hache-Polearm_104",""
"Diablo III","Weapons","Polearm","Battle Halberd","Base","Base type (white/grey/blue)","https://eu.diablo3.blizzard.com/en-gb/item/battle-halberd-Polearm_107",""
"Diablo III","Weapons","Polearm","Bisento","Base","Base type (white/grey/blue)","https://eu.diablo3.blizzard.com/en-gb/item/bisento-Polearm_105",""
"Diablo III","Weapons","Polearm","Croc","Base","Base type (white/grey/blue)","https://eu.diablo3.blizzard.com/en-gb/item/croc-Polearm_103",""
"Diablo III","Weapons","Polearm","Dread Lance","Base","Base type (white/grey/blue)","https://eu.diablo3.blizzard.com/en-gb/item/dread-lance-Polearm_208",""
"Diablo III","Weapons","Polearm","Fauchard","Base","Base type (white/grey/blue)","https://eu.diablo3.blizzard.com/en-gb/item/fauchard-Polearm_202",""
"Diablo III","Weapons","Polearm","Glaive","Base","Base type (white/grey/blue)","https://eu.diablo3.blizzard.com/en-gb/item/glaive-Polearm_005",""
"Diablo III","Weapons","Polearm","Grand Halberd","Base","Base type (white/grey/blue)","https://eu.diablo3.blizzard.com/en-gb/item/grand-halberd-Polearm_207",""
"Diablo III","Weapons","Polearm","Great Pole Axe","Base","Base type (white/grey/blue)","https://eu.diablo3.blizzard.com/en-gb/item/great-pole-axe-Polearm_106",""
"Diablo III","Weapons","Polearm","Guisarme","Base","Base type (white/grey/blue)","https://eu.diablo3.blizzard.com/en-gb/item/guisarme-Polearm_003",""
"Diablo III","Weapons","Polearm","Hache","Base","Base type (white/grey/blue)","https://eu.diablo3.blizzard.com/en-gb/item/hache-Polearm_004",""
"Diablo III","Weapons","Polearm","Halberd","Base","Base type (white/grey/blue)","https://eu.diablo3.blizzard.com/en-gb/item/halberd-Polearm_007",""
"Diablo III","Weapons","Polearm","Kwan Dao","Base","Base type (white/grey/blue)","https://eu.diablo3.blizzard.com/en-gb/item/kwan-dao-Polearm_205",""
"Diablo III","Weapons","Polearm","Lance","Base","Base type (white/grey/blue)","https://eu.diablo3.blizzard.com/en-gb/item/lance-Polearm_008",""
"Diablo III","Weapons","Polearm","Lochaber Axe","Base","Base type (white/grey/blue)","https://eu.diablo3.blizzard.com/en-gb/item/lochaber-axe-Polearm_201",""
"Diablo III","Weapons","Polearm","Naginata","Base","Base type (white/grey/blue)","https://eu.diablo3.blizzard.com/en-gb/item/naginata-Polearm_102",""
"Diablo III","Weapons","Polearm","Partizan","Base","Base type (white/grey/blue)","https://eu.diablo3.blizzard.com/en-gb/item/partizan-Polearm_108",""
"Diablo III","Weapons","Polearm","Pike","Base","Base type (white/grey/blue)","https://eu.diablo3.blizzard.com/en-gb/item/pike-Polearm_002",""
"Diablo III","Weapons","Polearm","Pole Axe","Base","Base type (white/grey/blue)","https://eu.diablo3.blizzard.com/en-gb/item/pole-axe-Polearm_006",""
"Diablo III","Weapons","Polearm","Skewer","Base","Base type (white/grey/blue)","https://eu.diablo3.blizzard.com/en-gb/item/skewer-Polearm_203",""
"Diablo III","Weapons","Polearm","Trident","Base","Base type (white/grey/blue)","https://eu.diablo3.blizzard.com/en-gb/item/trident-Polearm_301",""
"Diablo III","Weapons","Polearm","Trishula","Base","Base type (white/grey/blue)","https://eu.diablo3.blizzard.com/en-gb/artisan/blacksmith/recipe/sovereign-infernal-polearm","Base name listed through a crafting recipe in Blizzard item guide; recipe bonuses excluded."
"Diablo III","Weapons","Polearm","Voulge","Base","Base type (white/grey/blue)","https://eu.diablo3.blizzard.com/en-gb/item/voulge-Polearm_101",""
"Diablo III","Weapons","Polearm","War Crest","Base","Base type (white/grey/blue)","https://eu.diablo3.blizzard.com/en-gb/item/war-crest-Polearm_204",""
"Diablo III","Weapons","Polearm","War Thresher","Base","Base type (white/grey/blue)","https://eu.diablo3.blizzard.com/en-gb/item/war-thresher-Polearm_206",""
"Diablo III","Weapons","Quiver","Ascended Quiver","Base","Base type (white/grey/blue)","https://eu.diablo3.blizzard.com/en-gb/artisan/blacksmith/recipe/sovereign-ascended-quiver","Base name listed through a crafting recipe in Blizzard item guide; recipe bonuses excluded."
"Diablo III","Weapons","Quiver","Assassin Quiver","Base","Base type (white/grey/blue)","https://eu.diablo3.blizzard.com/en-gb/artisan/blacksmith/recipe/adept-hunting-quiver","Base name listed through a crafting recipe in Blizzard item guide; recipe bonuses excluded."
"Diablo III","Weapons","Quiver","Barbed Quiver","Base","Base type (white/grey/blue)","https://eu.diablo3.blizzard.com/en-gb/artisan/blacksmith/recipe/grand-master-heavy-quiver","Base name listed through a crafting recipe in Blizzard item guide; recipe bonuses excluded."
"Diablo III","Weapons","Quiver","Bonetooth Quiver","Base","Base type (white/grey/blue)","https://eu.diablo3.blizzard.com/en-gb/item/bonetooth-quiver-Quiver_202",""
"Diablo III","Weapons","Quiver","Canvas Quiver","Base","Base type (white/grey/blue)","https://eu.diablo3.blizzard.com/en-gb/item/canvas-quiver-Quiver_002",""
"Diablo III","Weapons","Quiver","Consecrated Quiver","Base","Base type (white/grey/blue)","https://eu.diablo3.blizzard.com/en-gb/artisan/blacksmith/recipe/exalted-runic-quiver","Base name listed through a crafting recipe in Blizzard item guide; recipe bonuses excluded."
"Diablo III","Weapons","Quiver","Deadeye Quiver","Base","Base type (white/grey/blue)","https://eu.diablo3.blizzard.com/en-gb/artisan/blacksmith/recipe/glorious-deadeye-quiver","Base name listed through a crafting recipe in Blizzard item guide; recipe bonuses excluded."
"Diablo III","Weapons","Quiver","Hallowed Quiver","Base","Base type (white/grey/blue)","https://eu.diablo3.blizzard.com/en-gb/artisan/blacksmith/recipe/illustrious-barbed-quiver","Base name listed through a crafting recipe in Blizzard item guide; recipe bonuses excluded."
"Diablo III","Weapons","Quiver","Heavy Quiver","Base","Base type (white/grey/blue)","https://eu.diablo3.blizzard.com/en-gb/artisan/blacksmith/recipe/master-assassin-quiver","Base name listed through a crafting recipe in Blizzard item guide; recipe bonuses excluded."
"Diablo III","Weapons","Quiver","Hunting Quiver","Base","Base type (white/grey/blue)","https://eu.diablo3.blizzard.com/en-gb/artisan/blacksmith/recipe/journeyman-leather-quiver","Base name listed through a crafting recipe in Blizzard item guide; recipe bonuses excluded."
"Diablo III","Weapons","Quiver","Leather Quiver","Base","Base type (white/grey/blue)","https://eu.diablo3.blizzard.com/en-gb/item/leather-quiver-Quiver_003",""
"Diablo III","Weapons","Quiver","Quiver","Base","Base type (white/grey/blue)","https://eu.diablo3.blizzard.com/en-gb/item/quiver-Quiver_001",""
"Diablo III","Weapons","Quiver","Rakkisgard Quiver","Base","Base type (white/grey/blue)","https://eu.diablo3.blizzard.com/en-gb/artisan/blacksmith/recipe/exquisite-rakkisgard-quiver","Base name listed through a crafting recipe in Blizzard item guide; recipe bonuses excluded."
"Diablo III","Weapons","Quiver","Razorspine Quiver","Base","Base type (white/grey/blue)","https://eu.diablo3.blizzard.com/en-gb/artisan/blacksmith/recipe/resplendent-stalker-quiver","Base name listed through a crafting recipe in Blizzard item guide; recipe bonuses excluded."
"Diablo III","Weapons","Quiver","Runic Quiver","Base","Base type (white/grey/blue)","https://eu.diablo3.blizzard.com/en-gb/item/runic-quiver-Quiver_204",""
"Diablo III","Weapons","Quiver","Sanctified Quiver","Base","Base type (white/grey/blue)","https://eu.diablo3.blizzard.com/en-gb/item/sanctified-quiver-Quiver_205",""
"Diablo III","Weapons","Quiver","Stalker Quiver","Base","Base type (white/grey/blue)","https://eu.diablo3.blizzard.com/en-gb/item/stalker-quiver-Quiver_104",""
"Diablo III","Weapons","Scythe","Apprentice's Scythe","Base","Base type (white/grey/blue)","https://eu.diablo3.blizzard.com/en-gb/item/apprentices-scythe-Scythe_1H_000",""
"Diablo III","Weapons","Scythe","Arival","Base","Base type (white/grey/blue)","https://eu.diablo3.blizzard.com/en-gb/item/arival-Scythe_1H_002_t4",""
"Diablo III","Weapons","Scythe","Artisan Scythe","Base","Base type (white/grey/blue)","https://eu.diablo3.blizzard.com/en-gb/artisan/blacksmith/recipe/adept-scythe","Base name listed through a crafting recipe in Blizzard item guide; recipe bonuses excluded."
"Diablo III","Weapons","Scythe","Billhook","Base","Base type (white/grey/blue)","https://eu.diablo3.blizzard.com/en-gb/item/billhook-Scythe_1H_002_t3",""
"Diablo III","Weapons","Scythe","Bone Scythe","Base","Base type (white/grey/blue)","https://eu.diablo3.blizzard.com/en-gb/artisan/blacksmith/recipe/grandmaster-saber","Base name listed through a crafting recipe in Blizzard item guide; recipe bonuses excluded."
"Diablo III","Weapons","Scythe","Falx","Base","Base type (white/grey/blue)","https://eu.diablo3.blizzard.com/en-gb/artisan/blacksmith/recipe/journeyman-carve","Base name listed through a crafting recipe in Blizzard item guide; recipe bonuses excluded."
"Diablo III","Weapons","Scythe","Flensing Scythe","Base","Base type (white/grey/blue)","https://eu.diablo3.blizzard.com/en-gb/artisan/blacksmith/recipe/master-sickle","Base name listed through a crafting recipe in Blizzard item guide; recipe bonuses excluded."
"Diablo III","Weapons","Scythe","Harpe","Base","Base type (white/grey/blue)","https://eu.diablo3.blizzard.com/en-gb/item/harpe-Scythe_1H_001_t2",""
"Diablo III","Weapons","Scythe","Iron Scythe","Base","Base type (white/grey/blue)","https://eu.diablo3.blizzard.com/en-gb/item/iron-scythe-Scythe_1H_002_t7",""
"Diablo III","Weapons","Scythe","Kama","Base","Base type (white/grey/blue)","https://eu.diablo3.blizzard.com/en-gb/item/kama-Scythe_1H_001_t4",""
"Diablo III","Weapons","Scythe","Khopesh","Base","Base type (white/grey/blue)","https://eu.diablo3.blizzard.com/en-gb/item/khopesh-Scythe_1H_002_t2",""
"Diablo III","Weapons","Scythe","Primitive Scythe","Base","Base type (white/grey/blue)","https://eu.diablo3.blizzard.com/en-gb/item/primitive-scythe-Scythe_1H_002_t8",""
"Diablo III","Weapons","Scythe","Sacrificial Scythe","Base","Base type (white/grey/blue)","https://eu.diablo3.blizzard.com/en-gb/item/sacrificial-scythe-Scythe_1H_003_t2",""
"Diablo III","Weapons","Scythe","Shotel","Base","Base type (white/grey/blue)","https://eu.diablo3.blizzard.com/en-gb/item/shotel-Scythe_1H_001_t3",""
"Diablo III","Weapons","Scythe","Stone Scythe","Base","Base type (white/grey/blue)","https://eu.diablo3.blizzard.com/en-gb/item/stone-scythe-Scythe_1H_002_t5",""
"Diablo III","Weapons","Scythe","War Sickle","Base","Base type (white/grey/blue)","https://eu.diablo3.blizzard.com/en-gb/item/war-sickle-Scythe_1H_002_t6",""
"Diablo III","Weapons","Source","Codex","Base","Base type (white/grey/blue)","https://eu.diablo3.blizzard.com/en-gb/item/codex-Orb_202",""
"Diablo III","Weapons","Source","Cursed Skull","Base","Base type (white/grey/blue)","https://eu.diablo3.blizzard.com/en-gb/artisan/blacksmith/recipe/adept-cursed-skull","Base name listed through a crafting recipe in Blizzard item guide; recipe bonuses excluded."
"Diablo III","Weapons","Source","Demi Lich","Base","Base type (white/grey/blue)","https://eu.diablo3.blizzard.com/en-gb/item/demi-lich-Orb_204",""
"Diablo III","Weapons","Source","Eagle Orb","Base","Base type (white/grey/blue)","https://eu.diablo3.blizzard.com/en-gb/item/eagle-orb-Orb_001",""
"Diablo III","Weapons","Source","Fiendish Folio","Base","Base type (white/grey/blue)","https://eu.diablo3.blizzard.com/en-gb/artisan/blacksmith/recipe/illustrious-triad","Base name listed through a crafting recipe in Blizzard item guide; recipe bonuses excluded."
"Diablo III","Weapons","Source","Moschen Spheres","Base","Base type (white/grey/blue)","https://eu.diablo3.blizzard.com/en-gb/artisan/blacksmith/recipe/sovereign-moschen-spheres","Base name listed through a crafting recipe in Blizzard item guide; recipe bonuses excluded."
"Diablo III","Weapons","Source","Nether Orb","Base","Base type (white/grey/blue)","https://eu.diablo3.blizzard.com/en-gb/artisan/blacksmith/recipe/master-globe","Base name listed through a crafting recipe in Blizzard item guide; recipe bonuses excluded."
"Diablo III","Weapons","Source","Orbit Stones","Base","Base type (white/grey/blue)","https://eu.diablo3.blizzard.com/en-gb/artisan/blacksmith/recipe/exalted-orbit-stones","Base name listed through a crafting recipe in Blizzard item guide; recipe bonuses excluded."
"Diablo III","Weapons","Source","Power Sphere","Base","Base type (white/grey/blue)","https://eu.diablo3.blizzard.com/en-gb/artisan/blacksmith/recipe/glorious-codex","Base name listed through a crafting recipe in Blizzard item guide; recipe bonuses excluded."
"Diablo III","Weapons","Source","Puzzle Box","Base","Base type (white/grey/blue)","https://eu.diablo3.blizzard.com/en-gb/artisan/blacksmith/recipe/exquisite-puzzle-box","Base name listed through a crafting recipe in Blizzard item guide; recipe bonuses excluded."
"Diablo III","Weapons","Source","Sanctuary Globe","Base","Base type (white/grey/blue)","https://eu.diablo3.blizzard.com/en-gb/artisan/blacksmith/recipe/grand-master-fiendish-folio","Base name listed through a crafting recipe in Blizzard item guide; recipe bonuses excluded."
"Diablo III","Weapons","Source","Screaming Skull","Base","Base type (white/grey/blue)","https://eu.diablo3.blizzard.com/en-gb/artisan/blacksmith/recipe/resplendent-power-sphere","Base name listed through a crafting recipe in Blizzard item guide; recipe bonuses excluded."
"Diablo III","Weapons","Source","Smoked Spheres","Base","Base type (white/grey/blue)","https://eu.diablo3.blizzard.com/en-gb/artisan/blacksmith/recipe/journeyman-smoked-spheres","Base name listed through a crafting recipe in Blizzard item guide; recipe bonuses excluded."
"Diablo III","Weapons","Source","Spellbook","Base","Base type (white/grey/blue)","https://eu.diablo3.blizzard.com/en-gb/item/spellbook-Orb_002",""
"Diablo III","Weapons","Source","Triad","Base","Base type (white/grey/blue)","https://eu.diablo3.blizzard.com/en-gb/artisan/blacksmith/recipe/magnificent-screaming-skull","Base name listed through a crafting recipe in Blizzard item guide; recipe bonuses excluded."
"Diablo III","Weapons","Spear","Angon","Base","Base type (white/grey/blue)","https://eu.diablo3.blizzard.com/en-gb/item/angon-Spear_101",""
"Diablo III","Weapons","Spear","Assegai","Base","Base type (white/grey/blue)","https://eu.diablo3.blizzard.com/en-gb/item/assegai-Spear_102",""
"Diablo III","Weapons","Spear","Centurion Spear","Base","Base type (white/grey/blue)","https://eu.diablo3.blizzard.com/en-gb/item/centurion-spear-Spear_205",""
"Diablo III","Weapons","Spear","Disemboweler","Base","Base type (white/grey/blue)","https://eu.diablo3.blizzard.com/en-gb/artisan/blacksmith/recipe/sovereign-disembowler","Base name listed through a crafting recipe in Blizzard item guide; recipe bonuses excluded."
"Diablo III","Weapons","Spear","Fuscina","Base","Base type (white/grey/blue)","https://eu.diablo3.blizzard.com/en-gb/item/fuscina-Spear_002",""
"Diablo III","Weapons","Spear","Harpoon","Base","Base type (white/grey/blue)","https://eu.diablo3.blizzard.com/en-gb/item/harpoon-Spear_201",""
"Diablo III","Weapons","Spear","Hasta","Base","Base type (white/grey/blue)","https://eu.diablo3.blizzard.com/en-gb/item/hasta-Spear_004",""
"Diablo III","Weapons","Spear","Honed Spear","Base","Base type (white/grey/blue)","https://eu.diablo3.blizzard.com/en-gb/item/honed-spear-Spear_301",""
"Diablo III","Weapons","Spear","Impaler","Base","Base type (white/grey/blue)","https://eu.diablo3.blizzard.com/en-gb/item/impaler-Spear_202",""
"Diablo III","Weapons","Spear","Javelin","Base","Base type (white/grey/blue)","https://eu.diablo3.blizzard.com/en-gb/item/javelin-Spear_001",""
"Diablo III","Weapons","Spear","Pilum","Base","Base type (white/grey/blue)","https://eu.diablo3.blizzard.com/en-gb/item/pilum-Spear_005",""
"Diablo III","Weapons","Spear","Qiang","Base","Base type (white/grey/blue)","https://eu.diablo3.blizzard.com/en-gb/item/qiang-Spear_203",""
"Diablo III","Weapons","Spear","Spear","Base","Base type (white/grey/blue)","https://eu.diablo3.blizzard.com/en-gb/item/spear-Spear_003",""
"Diablo III","Weapons","Spear","Spontoon","Base","Base type (white/grey/blue)","https://eu.diablo3.blizzard.com/en-gb/item/spontoon-Spear_104",""
"Diablo III","Weapons","Spear","Vel","Base","Base type (white/grey/blue)","https://eu.diablo3.blizzard.com/en-gb/item/vel-Spear_204",""
"Diablo III","Weapons","Spear","War Spear","Base","Base type (white/grey/blue)","https://eu.diablo3.blizzard.com/en-gb/item/war-spear-Spear_103",""
"Diablo III","Weapons","Spear","Yari","Base","Base type (white/grey/blue)","https://eu.diablo3.blizzard.com/en-gb/item/yari-Spear_105",""
"Diablo III","Weapons","Staff","Arcane Staff","Base","Base type (white/grey/blue)","https://eu.diablo3.blizzard.com/en-gb/item/arcane-staff-Staff_107",""
"Diablo III","Weapons","Staff","Archaic Staff","Base","Base type (white/grey/blue)","https://eu.diablo3.blizzard.com/en-gb/item/archaic-staff-Staff_204",""
"Diablo III","Weapons","Staff","Battle Staff","Base","Base type (white/grey/blue)","https://eu.diablo3.blizzard.com/en-gb/artisan/blacksmith/recipe/master-battle-staff","Base name listed through a crafting recipe in Blizzard item guide; recipe bonuses excluded."
"Diablo III","Weapons","Staff","Bone Staff","Base","Base type (white/grey/blue)","https://eu.diablo3.blizzard.com/en-gb/artisan/blacksmith/recipe/adept-bone-staff","Base name listed through a crafting recipe in Blizzard item guide; recipe bonuses excluded."
"Diablo III","Weapons","Staff","Caduceus Staff","Base","Base type (white/grey/blue)","https://eu.diablo3.blizzard.com/en-gb/artisan/blacksmith/recipe/exquisite-caduceus-staff","Base name listed through a crafting recipe in Blizzard item guide; recipe bonuses excluded."
"Diablo III","Weapons","Staff","Conquest Staff","Base","Base type (white/grey/blue)","https://eu.diablo3.blizzard.com/en-gb/item/conquest-staff-Staff_205",""
"Diablo III","Weapons","Staff","Elder Staff","Base","Base type (white/grey/blue)","https://eu.diablo3.blizzard.com/en-gb/artisan/blacksmith/recipe/magnificent-elder-staff","Base name listed through a crafting recipe in Blizzard item guide; recipe bonuses excluded."
"Diablo III","Weapons","Staff","Gnarled Staff","Base","Base type (white/grey/blue)","https://eu.diablo3.blizzard.com/en-gb/artisan/blacksmith/recipe/journeyman-gnarled-staff","Base name listed through a crafting recipe in Blizzard item guide; recipe bonuses excluded."
"Diablo III","Weapons","Staff","High Priest Staff","Base","Base type (white/grey/blue)","https://eu.diablo3.blizzard.com/en-gb/artisan/blacksmith/recipe/resplendent-high-priest-staff","Base name listed through a crafting recipe in Blizzard item guide; recipe bonuses excluded."
"Diablo III","Weapons","Staff","Hyperion Staff","Base","Base type (white/grey/blue)","https://eu.diablo3.blizzard.com/en-gb/artisan/blacksmith/recipe/glorious-primordial-staff","Base name listed through a crafting recipe in Blizzard item guide; recipe bonuses excluded."
"Diablo III","Weapons","Staff","Kerykeion","Base","Base type (white/grey/blue)","https://eu.diablo3.blizzard.com/en-gb/artisan/blacksmith/recipe/sovereign-kerikeyon","Base name listed through a crafting recipe in Blizzard item guide; recipe bonuses excluded."
"Diablo III","Weapons","Staff","Long Staff","Base","Base type (white/grey/blue)","https://eu.diablo3.blizzard.com/en-gb/item/long-staff-Staff_002",""
"Diablo III","Weapons","Staff","Mentor Staff","Base","Base type (white/grey/blue)","https://eu.diablo3.blizzard.com/en-gb/artisan/blacksmith/recipe/grand-master-war-staff","Base name listed through a crafting recipe in Blizzard item guide; recipe bonuses excluded."
"Diablo III","Weapons","Staff","Mythical Staff","Base","Base type (white/grey/blue)","https://eu.diablo3.blizzard.com/en-gb/item/mythical-staff-Staff_206",""
"Diablo III","Weapons","Staff","Obsidian Staff","Base","Base type (white/grey/blue)","https://eu.diablo3.blizzard.com/en-gb/item/obsidian-staff-Staff_102",""
"Diablo III","Weapons","Staff","Petrified Staff","Base","Base type (white/grey/blue)","https://eu.diablo3.blizzard.com/en-gb/artisan/blacksmith/recipe/illustrious-obsidian-staff","Base name listed through a crafting recipe in Blizzard item guide; recipe bonuses excluded."
"Diablo III","Weapons","Staff","Primordial Staff","Base","Base type (white/grey/blue)","https://eu.diablo3.blizzard.com/en-gb/artisan/blacksmith/recipe/exalted-mythical-staff","Base name listed through a crafting recipe in Blizzard item guide; recipe bonuses excluded."
"Diablo III","Weapons","Staff","Shamanic Staff","Base","Base type (white/grey/blue)","https://eu.diablo3.blizzard.com/en-gb/item/shamanic-staff-Staff_105",""
"Diablo III","Weapons","Staff","Short Staff","Base","Base type (white/grey/blue)","https://eu.diablo3.blizzard.com/en-gb/item/short-staff-Staff_001",""
"Diablo III","Weapons","Staff","Sovereign Staff","Base","Base type (white/grey/blue)","https://eu.diablo3.blizzard.com/en-gb/item/sovereign-staff-Staff_207",""
"Diablo III","Weapons","Staff","Stygian Staff","Base","Base type (white/grey/blue)","https://eu.diablo3.blizzard.com/en-gb/item/stygian-staff-Staff_202",""
"Diablo III","Weapons","Staff","War Staff","Base","Base type (white/grey/blue)","https://eu.diablo3.blizzard.com/en-gb/item/war-staff-Staff_007",""
"Diablo III","Weapons","Staff","Yew Staff","Base","Base type (white/grey/blue)","https://eu.diablo3.blizzard.com/en-gb/item/yew-staff-Staff_003",""
"Diablo III","Weapons","Sword","Ancient Sword","Base","Base type (white/grey/blue)","https://eu.diablo3.blizzard.com/en-gb/artisan/blacksmith/recipe/resplendent-ancient-sword","Base name listed through a crafting recipe in Blizzard item guide; recipe bonuses excluded."
"Diablo III","Weapons","Sword","Bastard Sword","Base","Base type (white/grey/blue)","https://eu.diablo3.blizzard.com/en-gb/item/bastard-sword-Sword_1H_008",""
"Diablo III","Weapons","Sword","Battle Sword","Base","Base type (white/grey/blue)","https://eu.diablo3.blizzard.com/en-gb/item/battle-sword-Sword_1H_103",""
"Diablo III","Weapons","Sword","Broadsword","Base","Base type (white/grey/blue)","https://eu.diablo3.blizzard.com/en-gb/item/broadsword-Sword_1H_003",""
"Diablo III","Weapons","Sword","Champion Sword","Base","Base type (white/grey/blue)","https://eu.diablo3.blizzard.com/en-gb/artisan/blacksmith/recipe/exquisite-champion-sword","Base name listed through a crafting recipe in Blizzard item guide; recipe bonuses excluded."
"Diablo III","Weapons","Sword","Conquest Sword","Base","Base type (white/grey/blue)","https://eu.diablo3.blizzard.com/en-gb/item/conquest-sword-Sword_1H_207",""
"Diablo III","Weapons","Sword","Cutlass","Base","Base type (white/grey/blue)","https://eu.diablo3.blizzard.com/en-gb/artisan/blacksmith/recipe/grand-master-gladius","Base name listed through a crafting recipe in Blizzard item guide; recipe bonuses excluded."
"Diablo III","Weapons","Sword","Dao","Base","Base type (white/grey/blue)","https://eu.diablo3.blizzard.com/en-gb/item/dao-Sword_1H_105",""
"Diablo III","Weapons","Sword","Falchion","Base","Base type (white/grey/blue)","https://eu.diablo3.blizzard.com/en-gb/item/falchion-Sword_1H_005",""
"Diablo III","Weapons","Sword","Gladius","Base","Base type (white/grey/blue)","https://eu.diablo3.blizzard.com/en-gb/artisan/blacksmith/recipe/master-bastard-sword","Base name listed through a crafting recipe in Blizzard item guide; recipe bonuses excluded."
"Diablo III","Weapons","Sword","King Blade","Base","Base type (white/grey/blue)","https://eu.diablo3.blizzard.com/en-gb/item/king-blade-Sword_1H_204",""
"Diablo III","Weapons","Sword","Knight Sword","Base","Base type (white/grey/blue)","https://eu.diablo3.blizzard.com/en-gb/artisan/blacksmith/recipe/illustrious-knight-sword","Base name listed through a crafting recipe in Blizzard item guide; recipe bonuses excluded."
"Diablo III","Weapons","Sword","Longsword","Base","Base type (white/grey/blue)","https://eu.diablo3.blizzard.com/en-gb/artisan/blacksmith/recipe/apprentice-broadsword","Base name listed through a crafting recipe in Blizzard item guide; recipe bonuses excluded."
"Diablo III","Weapons","Sword","Pirate Sword","Base","Base type (white/grey/blue)","https://eu.diablo3.blizzard.com/en-gb/artisan/blacksmith/recipe/glorious-king-blade","Base name listed through a crafting recipe in Blizzard item guide; recipe bonuses excluded."
"Diablo III","Weapons","Sword","Raid Sword","Base","Base type (white/grey/blue)","https://eu.diablo3.blizzard.com/en-gb/item/raid-sword-Sword_1H_107",""
"Diablo III","Weapons","Sword","Rune Sword","Base","Base type (white/grey/blue)","https://eu.diablo3.blizzard.com/en-gb/item/rune-sword-Sword_1H_208",""
"Diablo III","Weapons","Sword","Sabre","Base","Base type (white/grey/blue)","https://eu.diablo3.blizzard.com/en-gb/item/sabre-Sword_1H_002",""
"Diablo III","Weapons","Sword","Saif","Base","Base type (white/grey/blue)","https://eu.diablo3.blizzard.com/en-gb/item/saif-Sword_1H_206",""
"Diablo III","Weapons","Sword","Scimitar","Base","Base type (white/grey/blue)","https://eu.diablo3.blizzard.com/en-gb/artisan/blacksmith/recipe/journeyman-scimitar","Base name listed through a crafting recipe in Blizzard item guide; recipe bonuses excluded."
"Diablo III","Weapons","Sword","Shamshir","Base","Base type (white/grey/blue)","https://eu.diablo3.blizzard.com/en-gb/artisan/blacksmith/recipe/magnificent-shamshir","Base name listed through a crafting recipe in Blizzard item guide; recipe bonuses excluded."
"Diablo III","Weapons","Sword","Short Sword","Base","Base type (white/grey/blue)","https://eu.diablo3.blizzard.com/en-gb/item/short-sword-Sword_1H_001",""
"Diablo III","Weapons","Sword","Spatha","Base","Base type (white/grey/blue)","https://eu.diablo3.blizzard.com/en-gb/item/spatha-Sword_1H_201",""
"Diablo III","Weapons","Sword","Strong Sword","Base","Base type (white/grey/blue)","https://eu.diablo3.blizzard.com/en-gb/item/strong-sword-Sword_1H_203",""
"Diablo III","Weapons","Sword","Tsunami Blade","Base","Base type (white/grey/blue)","https://eu.diablo3.blizzard.com/en-gb/artisan/blacksmith/recipe/sovereign-tsunami-blade","Base name listed through a crafting recipe in Blizzard item guide; recipe bonuses excluded."
"Diablo III","Weapons","Sword","Tulwar","Base","Base type (white/grey/blue)","https://eu.diablo3.blizzard.com/en-gb/artisan/blacksmith/recipe/exalted-conquest-sword","Base name listed through a crafting recipe in Blizzard item guide; recipe bonuses excluded."
"Diablo III","Weapons","Sword","War Sword","Base","Base type (white/grey/blue)","https://eu.diablo3.blizzard.com/en-gb/artisan/blacksmith/recipe/adept-war-sword","Base name listed through a crafting recipe in Blizzard item guide; recipe bonuses excluded."
"Diablo III","Weapons","Two-Handed Axe","Decapitator","Base","Base type (white/grey/blue)","https://eu.diablo3.blizzard.com/en-gb/item/decapitator-Axe_2H_205",""
"Diablo III","Weapons","Two-Handed Axe","Dread Axe","Base","Base type (white/grey/blue)","https://eu.diablo3.blizzard.com/en-gb/artisan/blacksmith/recipe/exquisite-dread-axe","Base name listed through a crafting recipe in Blizzard item guide; recipe bonuses excluded."
"Diablo III","Weapons","Two-Handed Axe","Fang Axe","Base","Base type (white/grey/blue)","https://eu.diablo3.blizzard.com/en-gb/artisan/blacksmith/recipe/magnificent-fang-axe","Base name listed through a crafting recipe in Blizzard item guide; recipe bonuses excluded."
"Diablo III","Weapons","Two-Handed Axe","Fell Axe","Base","Base type (white/grey/blue)","https://eu.diablo3.blizzard.com/en-gb/artisan/blacksmith/recipe/glorious-fell-axe","Base name listed through a crafting recipe in Blizzard item guide; recipe bonuses excluded."
"Diablo III","Weapons","Two-Handed Axe","Flesh Render","Base","Base type (white/grey/blue)","https://eu.diablo3.blizzard.com/en-gb/artisan/blacksmith/recipe/sovereign-flesh-render","Base name listed through a crafting recipe in Blizzard item guide; recipe bonuses excluded."
"Diablo III","Weapons","Two-Handed Axe","Francisca","Base","Base type (white/grey/blue)","https://eu.diablo3.blizzard.com/en-gb/artisan/blacksmith/recipe/illustrious-francisca","Base name listed through a crafting recipe in Blizzard item guide; recipe bonuses excluded."
"Diablo III","Weapons","Two-Handed Axe","Great Axe","Base","Base type (white/grey/blue)","https://eu.diablo3.blizzard.com/en-gb/artisan/blacksmith/recipe/master-great-axe","Base name listed through a crafting recipe in Blizzard item guide; recipe bonuses excluded."
"Diablo III","Weapons","Two-Handed Axe","Labrys","Base","Base type (white/grey/blue)","https://eu.diablo3.blizzard.com/en-gb/artisan/blacksmith/recipe/resplendent-labrys","Base name listed through a crafting recipe in Blizzard item guide; recipe bonuses excluded."
"Diablo III","Weapons","Two-Handed Axe","Lumber Axe","Base","Base type (white/grey/blue)","https://eu.diablo3.blizzard.com/en-gb/item/lumber-axe-Axe_2H_001",""
"Diablo III","Weapons","Two-Handed Axe","Military Axe","Base","Base type (white/grey/blue)","https://eu.diablo3.blizzard.com/en-gb/artisan/blacksmith/recipe/adept-military-axe","Base name listed through a crafting recipe in Blizzard item guide; recipe bonuses excluded."
"Diablo III","Weapons","Two-Handed Axe","Parashu","Base","Base type (white/grey/blue)","https://eu.diablo3.blizzard.com/en-gb/item/parashu-Axe_2H_104",""
"Diablo III","Weapons","Two-Handed Axe","Ripper Axe","Base","Base type (white/grey/blue)","https://eu.diablo3.blizzard.com/en-gb/item/ripper-axe-Axe_2H_203",""
"Diablo III","Weapons","Two-Handed Axe","Sagaris","Base","Base type (white/grey/blue)","https://eu.diablo3.blizzard.com/en-gb/item/sagaris-Axe_2H_204",""
"Diablo III","Weapons","Two-Handed Axe","Tabarzin","Base","Base type (white/grey/blue)","https://eu.diablo3.blizzard.com/en-gb/artisan/blacksmith/recipe/journeyman-tabarzin","Base name listed through a crafting recipe in Blizzard item guide; recipe bonuses excluded."
"Diablo III","Weapons","Two-Handed Axe","Timber Axe","Base","Base type (white/grey/blue)","https://eu.diablo3.blizzard.com/en-gb/artisan/blacksmith/recipe/grand-master-timber-axe","Base name listed through a crafting recipe in Blizzard item guide; recipe bonuses excluded."
"Diablo III","Weapons","Two-Handed Axe","Valaska","Base","Base type (white/grey/blue)","https://eu.diablo3.blizzard.com/en-gb/artisan/blacksmith/recipe/exalted-sagaris","Base name listed through a crafting recipe in Blizzard item guide; recipe bonuses excluded."
"Diablo III","Weapons","Two-Handed Axe","War Axe","Base","Base type (white/grey/blue)","https://eu.diablo3.blizzard.com/en-gb/artisan/blacksmith/recipe/apprentice-war-axe","Base name listed through a crafting recipe in Blizzard item guide; recipe bonuses excluded."
"Diablo III","Weapons","Two-Handed Flail","Angelic Flail","Base","Base type (white/grey/blue)","https://eu.diablo3.blizzard.com/en-gb/item/angelic-flail-Flail_2H_105",""
"Diablo III","Weapons","Two-Handed Flail","Angelic Grand Flail","Base","Base type (white/grey/blue)","https://eu.diablo3.blizzard.com/en-gb/artisan/blacksmith/recipe/sovereign-grand-flail","Base name listed through a crafting recipe in Blizzard item guide; recipe bonuses excluded."
"Diablo III","Weapons","Two-Handed Flail","Baroque Grand Flail","Base","Base type (white/grey/blue)","https://eu.diablo3.blizzard.com/en-gb/item/baroque-grand-flail-Flail_2H_204",""
"Diablo III","Weapons","Two-Handed Flail","Battle Flail","Base","Base type (white/grey/blue)","https://eu.diablo3.blizzard.com/en-gb/item/battle-flail-Flail_2H_002",""
"Diablo III","Weapons","Two-Handed Flail","Bludgeoning Grand Flail","Base","Base type (white/grey/blue)","https://eu.diablo3.blizzard.com/en-gb/item/bludgeoning-grand-flail-Flail_2H_202",""
"Diablo III","Weapons","Two-Handed Flail","Campaigner's Grand Flail","Base","Base type (white/grey/blue)","https://eu.diablo3.blizzard.com/en-gb/item/campaigners-grand-flail-Flail_2H_201",""
"Diablo III","Weapons","Two-Handed Flail","Castigator","Base","Base type (white/grey/blue)","https://eu.diablo3.blizzard.com/en-gb/item/castigator-Flail_2H_005",""
"Diablo III","Weapons","Two-Handed Flail","Chang Xiao Bang","Base","Base type (white/grey/blue)","https://eu.diablo3.blizzard.com/en-gb/item/chang-xiao-bang-Flail_2H_001",""
"Diablo III","Weapons","Two-Handed Flail","Chigiriki","Base","Base type (white/grey/blue)","https://eu.diablo3.blizzard.com/en-gb/item/chigiriki-Flail_2H_102",""
"Diablo III","Weapons","Two-Handed Flail","Grand Flail","Base","Base type (white/grey/blue)","https://eu.diablo3.blizzard.com/en-gb/item/grand-flail-Flail_2H_104",""
"Diablo III","Weapons","Two-Handed Flail","Grand Thresher","Base","Base type (white/grey/blue)","https://eu.diablo3.blizzard.com/en-gb/item/grand-thresher-Flail_2H_003",""
"Diablo III","Weapons","Two-Handed Flail","Painbringer Grand Flail","Base","Base type (white/grey/blue)","https://eu.diablo3.blizzard.com/en-gb/item/painbringer-grand-flail-Flail_2H_203",""
"Diablo III","Weapons","Two-Handed Flail","Pyeongon","Base","Base type (white/grey/blue)","https://eu.diablo3.blizzard.com/en-gb/item/pyeongon-Flail_2H_101",""
"Diablo III","Weapons","Two-Handed Flail","Threshal","Base","Base type (white/grey/blue)","https://eu.diablo3.blizzard.com/en-gb/item/threshal-Flail_2H_103",""
"Diablo III","Weapons","Two-Handed Flail","Two-Handed Flail","Base","Base type (white/grey/blue)","https://eu.diablo3.blizzard.com/en-gb/item/twohanded-flail-Flail_2H_004",""
"Diablo III","Weapons","Two-Handed Mace","Dire Club","Base","Base type (white/grey/blue)","https://eu.diablo3.blizzard.com/en-gb/item/dire-club-Mace_2H_101",""
"Diablo III","Weapons","Two-Handed Mace","Dire Mace","Base","Base type (white/grey/blue)","https://eu.diablo3.blizzard.com/en-gb/item/dire-mace-Mace_2H_102",""
"Diablo III","Weapons","Two-Handed Mace","Doom Hammer","Base","Base type (white/grey/blue)","https://eu.diablo3.blizzard.com/en-gb/item/doom-hammer-Mace_2H_206",""
"Diablo III","Weapons","Two-Handed Mace","Dread Mace","Base","Base type (white/grey/blue)","https://eu.diablo3.blizzard.com/en-gb/item/dread-mace-Mace_2H_202",""
"Diablo III","Weapons","Two-Handed Mace","Great Hammer","Base","Base type (white/grey/blue)","https://eu.diablo3.blizzard.com/en-gb/item/great-hammer-Mace_2H_006",""
"Diablo III","Weapons","Two-Handed Mace","Great Maul","Base","Base type (white/grey/blue)","https://eu.diablo3.blizzard.com/en-gb/item/great-maul-Mace_2H_104",""
"Diablo III","Weapons","Two-Handed Mace","Mallet","Base","Base type (white/grey/blue)","https://eu.diablo3.blizzard.com/en-gb/item/mallet-Mace_2H_005",""
"Diablo III","Weapons","Two-Handed Mace","Maul","Base","Base type (white/grey/blue)","https://eu.diablo3.blizzard.com/en-gb/item/maul-Mace_2H_004",""
"Diablo III","Weapons","Two-Handed Mace","Persuader","Base","Base type (white/grey/blue)","https://eu.diablo3.blizzard.com/en-gb/artisan/blacksmith/recipe/sovereign-persuader","Base name listed through a crafting recipe in Blizzard item guide; recipe bonuses excluded."
"Diablo III","Weapons","Two-Handed Mace","Rock Breaker","Base","Base type (white/grey/blue)","https://eu.diablo3.blizzard.com/en-gb/item/rock-breaker-Mace_2H_106",""
"Diablo III","Weapons","Two-Handed Mace","Royal Mace","Base","Base type (white/grey/blue)","https://eu.diablo3.blizzard.com/en-gb/item/royal-mace-Mace_2H_301",""
"Diablo III","Weapons","Two-Handed Mace","Slag Hammer","Base","Base type (white/grey/blue)","https://eu.diablo3.blizzard.com/en-gb/item/slag-hammer-Mace_2H_205",""
"Diablo III","Weapons","Two-Handed Mace","Sledge Hammer","Base","Base type (white/grey/blue)","https://eu.diablo3.blizzard.com/en-gb/item/sledge-hammer-Mace_2H_103",""
"Diablo III","Weapons","Two-Handed Mace","Two-Handed Club","Base","Base type (white/grey/blue)","https://eu.diablo3.blizzard.com/en-gb/item/twohanded-club-Mace_2H_001",""
"Diablo III","Weapons","Two-Handed Mace","Two-Handed Hammer","Base","Base type (white/grey/blue)","https://eu.diablo3.blizzard.com/en-gb/item/twohanded-hammer-Mace_2H_003",""
"Diablo III","Weapons","Two-Handed Mace","Two-Handed Mace","Base","Base type (white/grey/blue)","https://eu.diablo3.blizzard.com/en-gb/item/twohanded-mace-Mace_2H_002",""
"Diablo III","Weapons","Two-Handed Mace","War Mallet","Base","Base type (white/grey/blue)","https://eu.diablo3.blizzard.com/en-gb/item/war-mallet-Mace_2H_105",""
"Diablo III","Weapons","Two-Handed Mace","War Maul","Base","Base type (white/grey/blue)","https://eu.diablo3.blizzard.com/en-gb/item/war-maul-Mace_2H_204",""
"Diablo III","Weapons","Two-Handed Mace","War Sledge","Base","Base type (white/grey/blue)","https://eu.diablo3.blizzard.com/en-gb/item/war-sledge-Mace_2H_203",""
"Diablo III","Weapons","Two-Handed Mace","Wrecker","Base","Base type (white/grey/blue)","https://eu.diablo3.blizzard.com/en-gb/item/wrecker-Mace_2H_201",""
"Diablo III","Weapons","Two-Handed Mighty Weapon","Battersmash","Base","Base type (white/grey/blue)","https://eu.diablo3.blizzard.com/en-gb/item/battersmash-MightyWeapon2H_201",""
"Diablo III","Weapons","Two-Handed Mighty Weapon","Behemoth","Base","Base type (white/grey/blue)","https://eu.diablo3.blizzard.com/en-gb/item/behemoth-MightyWeapon2H_203",""
"Diablo III","Weapons","Two-Handed Mighty Weapon","Colossus Axe","Base","Base type (white/grey/blue)","https://eu.diablo3.blizzard.com/en-gb/item/colossus-axe-MightyWeapon2H_104",""
"Diablo III","Weapons","Two-Handed Mighty Weapon","Colossus Sword","Base","Base type (white/grey/blue)","https://eu.diablo3.blizzard.com/en-gb/item/colossus-sword-MightyWeapon2H_102",""
"Diablo III","Weapons","Two-Handed Mighty Weapon","Crusher","Base","Base type (white/grey/blue)","https://eu.diablo3.blizzard.com/en-gb/item/crusher-MightyWeapon2H_103",""
"Diablo III","Weapons","Two-Handed Mighty Weapon","Giant Axe","Base","Base type (white/grey/blue)","https://eu.diablo3.blizzard.com/en-gb/item/giant-axe-MightyWeapon2H_004",""
"Diablo III","Weapons","Two-Handed Mighty Weapon","Giant Cleaver","Base","Base type (white/grey/blue)","https://eu.diablo3.blizzard.com/en-gb/item/giant-cleaver-MightyWeapon2H_004a",""
"Diablo III","Weapons","Two-Handed Mighty Weapon","Giant Hammer","Base","Base type (white/grey/blue)","https://eu.diablo3.blizzard.com/en-gb/item/giant-hammer-MightyWeapon2H_003",""
"Diablo III","Weapons","Two-Handed Mighty Weapon","Giant Sword","Base","Base type (white/grey/blue)","https://eu.diablo3.blizzard.com/en-gb/item/giant-sword-MightyWeapon2H_002",""
"Diablo III","Weapons","Two-Handed Mighty Weapon","Hassan Chopper","Base","Base type (white/grey/blue)","https://eu.diablo3.blizzard.com/en-gb/item/hassan-chopper-MightyWeapon2H_301",""
"Diablo III","Weapons","Two-Handed Mighty Weapon","Petrified Trunk","Base","Base type (white/grey/blue)","https://eu.diablo3.blizzard.com/en-gb/item/petrified-trunk-MightyWeapon2H_001",""
"Diablo III","Weapons","Two-Handed Mighty Weapon","Redwood War Club","Base","Base type (white/grey/blue)","https://eu.diablo3.blizzard.com/en-gb/item/redwood-war-club-MightyWeapon2H_101",""
"Diablo III","Weapons","Two-Handed Mighty Weapon","Steppes Smasher","Base","Base type (white/grey/blue)","https://eu.diablo3.blizzard.com/en-gb/artisan/blacksmith/recipe/sovereign-steppes-smasher","Base name listed through a crafting recipe in Blizzard item guide; recipe bonuses excluded."
"Diablo III","Weapons","Two-Handed Mighty Weapon","Titan Axe","Base","Base type (white/grey/blue)","https://eu.diablo3.blizzard.com/en-gb/item/titan-axe-MightyWeapon2H_204",""
"Diablo III","Weapons","Two-Handed Mighty Weapon","Titan Sword","Base","Base type (white/grey/blue)","https://eu.diablo3.blizzard.com/en-gb/item/titan-sword-MightyWeapon2H_202",""
"Diablo III","Weapons","Two-Handed Scythe","Farmer's Scythe","Base","Base type (white/grey/blue)","https://eu.diablo3.blizzard.com/en-gb/item/farmers-scythe-Scythe_2H_002_t4",""
"Diablo III","Weapons","Two-Handed Scythe","Fauchard","Base","Base type (white/grey/blue)","https://eu.diablo3.blizzard.com/en-gb/item/fauchard-Scythe_2H_001_t3",""
"Diablo III","Weapons","Two-Handed Scythe","Gleaming Scythe","Base","Base type (white/grey/blue)","https://eu.diablo3.blizzard.com/en-gb/item/gleaming-scythe-Scythe_2H_002_t6",""
"Diablo III","Weapons","Two-Handed Scythe","Kontos","Base","Base type (white/grey/blue)","https://eu.diablo3.blizzard.com/en-gb/artisan/blacksmith/recipe/glorious-guillotine","Base name listed through a crafting recipe in Blizzard item guide; recipe bonuses excluded."
"Diablo III","Weapons","Two-Handed Scythe","Kusa Scythe","Base","Base type (white/grey/blue)","https://eu.diablo3.blizzard.com/en-gb/artisan/blacksmith/recipe/apprentice-cleave","Base name listed through a crafting recipe in Blizzard item guide; recipe bonuses excluded."
"Diablo III","Weapons","Two-Handed Scythe","Kwan Tou","Base","Base type (white/grey/blue)","https://eu.diablo3.blizzard.com/en-gb/item/kwan-tou-Scythe_2H_002_t8",""
"Diablo III","Weapons","Two-Handed Scythe","Reaping Scythe","Base","Base type (white/grey/blue)","https://eu.diablo3.blizzard.com/en-gb/item/reaping-scythe-Scythe_2H_002_t7",""
"Diablo III","Weapons","Two-Handed Scythe","Rhomphaia","Base","Base type (white/grey/blue)","https://eu.diablo3.blizzard.com/en-gb/item/rhomphaia-Scythe_2H_002_t2",""
"Diablo III","Weapons","Two-Handed Scythe","Sawtooth Scythe","Base","Base type (white/grey/blue)","https://eu.diablo3.blizzard.com/en-gb/artisan/blacksmith/recipe/sovereign-scythe","Base name listed through a crafting recipe in Blizzard item guide; recipe bonuses excluded."
"Diablo III","Weapons","Two-Handed Scythe","Sharp Scythe","Base","Base type (white/grey/blue)","https://eu.diablo3.blizzard.com/en-gb/item/sharp-scythe-Scythe_2H_001_t2",""
"Diablo III","Weapons","Two-Handed Scythe","Sparr","Base","Base type (white/grey/blue)","https://eu.diablo3.blizzard.com/en-gb/item/sparr-Scythe_2H_002_t5",""
"Diablo III","Weapons","Two-Handed Scythe","Steel Scythe","Base","Base type (white/grey/blue)","https://eu.diablo3.blizzard.com/en-gb/item/steel-scythe-Scythe_2H_002_t3",""
"Diablo III","Weapons","Two-Handed Scythe","Sudlice","Base","Base type (white/grey/blue)","https://eu.diablo3.blizzard.com/en-gb/item/sudlice-Scythe_2H_001_t4",""
"Diablo III","Weapons","Two-Handed Scythe","Usata Sudlice","Base","Base type (white/grey/blue)","https://eu.diablo3.blizzard.com/en-gb/artisan/blacksmith/recipe/illustrious-shear","Base name listed through a crafting recipe in Blizzard item guide; recipe bonuses excluded."
"Diablo III","Weapons","Two-Handed Sword","Brimstone Sword","Base","Base type (white/grey/blue)","https://eu.diablo3.blizzard.com/en-gb/artisan/blacksmith/recipe/glorious-yatagan","Base name listed through a crafting recipe in Blizzard item guide; recipe bonuses excluded."
"Diablo III","Weapons","Two-Handed Sword","Claymore","Base","Base type (white/grey/blue)","https://eu.diablo3.blizzard.com/en-gb/artisan/blacksmith/recipe/master-claymore","Base name listed through a crafting recipe in Blizzard item guide; recipe bonuses excluded."
"Diablo III","Weapons","Two-Handed Sword","Colossus Blade","Base","Base type (white/grey/blue)","https://eu.diablo3.blizzard.com/en-gb/item/colossus-blade-Sword_2H_204",""
"Diablo III","Weapons","Two-Handed Sword","Dervish","Base","Base type (white/grey/blue)","https://eu.diablo3.blizzard.com/en-gb/artisan/blacksmith/recipe/apprentice-flamberge","Base name listed through a crafting recipe in Blizzard item guide; recipe bonuses excluded."
"Diablo III","Weapons","Two-Handed Sword","Executioner Sword","Base","Base type (white/grey/blue)","https://eu.diablo3.blizzard.com/en-gb/artisan/blacksmith/recipe/journeyman-executioner-sword","Base name listed through a crafting recipe in Blizzard item guide; recipe bonuses excluded."
"Diablo III","Weapons","Two-Handed Sword","Flamberge","Base","Base type (white/grey/blue)","https://eu.diablo3.blizzard.com/en-gb/item/flamberge-Sword_2H_002",""
"Diablo III","Weapons","Two-Handed Sword","Gothic Blade","Base","Base type (white/grey/blue)","https://eu.diablo3.blizzard.com/en-gb/artisan/blacksmith/recipe/exquisite-gothic-blade","Base name listed through a crafting recipe in Blizzard item guide; recipe bonuses excluded."
"Diablo III","Weapons","Two-Handed Sword","Grand Sword","Base","Base type (white/grey/blue)","https://eu.diablo3.blizzard.com/en-gb/item/grand-sword-Sword_2H_106",""
"Diablo III","Weapons","Two-Handed Sword","Great Sword","Base","Base type (white/grey/blue)","https://eu.diablo3.blizzard.com/en-gb/artisan/blacksmith/recipe/grand-master-great-sword","Base name listed through a crafting recipe in Blizzard item guide; recipe bonuses excluded."
"Diablo III","Weapons","Two-Handed Sword","Highland Sword","Base","Base type (white/grey/blue)","https://eu.diablo3.blizzard.com/en-gb/artisan/blacksmith/recipe/resplendent-highland-sword","Base name listed through a crafting recipe in Blizzard item guide; recipe bonuses excluded."
"Diablo III","Weapons","Two-Handed Sword","Kilij","Base","Base type (white/grey/blue)","https://eu.diablo3.blizzard.com/en-gb/artisan/blacksmith/recipe/illustrious-kilij","Base name listed through a crafting recipe in Blizzard item guide; recipe bonuses excluded."
"Diablo III","Weapons","Two-Handed Sword","Kingslayer","Base","Base type (white/grey/blue)","https://eu.diablo3.blizzard.com/en-gb/artisan/blacksmith/recipe/sovereign-kingslayer","Base name listed through a crafting recipe in Blizzard item guide; recipe bonuses excluded."
"Diablo III","Weapons","Two-Handed Sword","Mameluke","Base","Base type (white/grey/blue)","https://eu.diablo3.blizzard.com/en-gb/item/mameluke-Sword_2H_104",""
"Diablo III","Weapons","Two-Handed Sword","Nagamaki","Base","Base type (white/grey/blue)","https://eu.diablo3.blizzard.com/en-gb/artisan/blacksmith/recipe/magnificent-nagamaki","Base name listed through a crafting recipe in Blizzard item guide; recipe bonuses excluded."
"Diablo III","Weapons","Two-Handed Sword","Nodachi","Base","Base type (white/grey/blue)","https://eu.diablo3.blizzard.com/en-gb/artisan/blacksmith/recipe/adept-nodachi","Base name listed through a crafting recipe in Blizzard item guide; recipe bonuses excluded."
"Diablo III","Weapons","Two-Handed Sword","Oni Blade","Base","Base type (white/grey/blue)","https://eu.diablo3.blizzard.com/en-gb/item/oni-blade-Sword_2H_205",""
"Diablo III","Weapons","Two-Handed Sword","Reaver","Base","Base type (white/grey/blue)","https://eu.diablo3.blizzard.com/en-gb/item/reaver-Sword_2H_102",""
"Diablo III","Weapons","Two-Handed Sword","Two-Handed Sword","Base","Base type (white/grey/blue)","https://eu.diablo3.blizzard.com/en-gb/item/twohanded-sword-Sword_2H_001",""
"Diablo III","Weapons","Two-Handed Sword","Warlord Sword","Base","Base type (white/grey/blue)","https://eu.diablo3.blizzard.com/en-gb/item/warlord-sword-Sword_2H_206",""
"Diablo III","Weapons","Two-Handed Sword","Yatagan","Base","Base type (white/grey/blue)","https://eu.diablo3.blizzard.com/en-gb/artisan/blacksmith/recipe/exalted-oni-blade","Base name listed through a crafting recipe in Blizzard item guide; recipe bonuses excluded."
"Diablo III","Weapons","Wand","Apprentice's Wand","Base","Base type (white/grey/blue)","https://eu.diablo3.blizzard.com/en-gb/item/apprentices-wand-Wand_000",""
"Diablo III","Weapons","Wand","Archmage Wand","Base","Base type (white/grey/blue)","https://eu.diablo3.blizzard.com/en-gb/artisan/blacksmith/recipe/exalted-strike-wand","Base name listed through a crafting recipe in Blizzard item guide; recipe bonuses excluded."
"Diablo III","Weapons","Wand","Battle Wand","Base","Base type (white/grey/blue)","https://eu.diablo3.blizzard.com/en-gb/item/battle-wand-Wand_104",""
"Diablo III","Weapons","Wand","Conjuration Twig","Base","Base type (white/grey/blue)","https://eu.diablo3.blizzard.com/en-gb/artisan/blacksmith/recipe/master-conjuration-twig","Base name listed through a crafting recipe in Blizzard item guide; recipe bonuses excluded."
"Diablo III","Weapons","Wand","Demon's Head Wand","Base","Base type (white/grey/blue)","https://eu.diablo3.blizzard.com/en-gb/artisan/blacksmith/recipe/exquisite-demons-head-wand","Base name listed through a crafting recipe in Blizzard item guide; recipe bonuses excluded."
"Diablo III","Weapons","Wand","Desolator Wand","Base","Base type (white/grey/blue)","https://eu.diablo3.blizzard.com/en-gb/item/desolator-wand-Wand_207",""
"Diablo III","Weapons","Wand","Diabolic Wand","Base","Base type (white/grey/blue)","https://eu.diablo3.blizzard.com/en-gb/artisan/blacksmith/recipe/sovereign-diabolic-wand","Base name listed through a crafting recipe in Blizzard item guide; recipe bonuses excluded."
"Diablo III","Weapons","Wand","Divination Wand","Base","Base type (white/grey/blue)","https://eu.diablo3.blizzard.com/en-gb/artisan/blacksmith/recipe/magnificent-divination-wand","Base name listed through a crafting recipe in Blizzard item guide; recipe bonuses excluded."
"Diablo III","Weapons","Wand","Duelist Wand","Base","Base type (white/grey/blue)","https://eu.diablo3.blizzard.com/en-gb/item/duelist-wand-Wand_102",""
"Diablo III","Weapons","Wand","Enchanter Wand","Base","Base type (white/grey/blue)","https://eu.diablo3.blizzard.com/en-gb/item/enchanter-wand-Wand_006",""
"Diablo III","Weapons","Wand","Greater Wand","Base","Base type (white/grey/blue)","https://eu.diablo3.blizzard.com/en-gb/item/greater-wand-Wand_201",""
"Diablo III","Weapons","Wand","Grim Wand","Base","Base type (white/grey/blue)","https://eu.diablo3.blizzard.com/en-gb/artisan/blacksmith/recipe/adept-enchanter-wand","Base name listed through a crafting recipe in Blizzard item guide; recipe bonuses excluded."
"Diablo III","Weapons","Wand","Guardian","Base","Base type (white/grey/blue)","https://eu.diablo3.blizzard.com/en-gb/artisan/blacksmith/recipe/glorious-arch-guardian","Base name listed through a crafting recipe in Blizzard item guide; recipe bonuses excluded."
"Diablo III","Weapons","Wand","Jade Wand","Base","Base type (white/grey/blue)","https://eu.diablo3.blizzard.com/en-gb/artisan/blacksmith/recipe/illustrious-jade-wand","Base name listed through a crafting recipe in Blizzard item guide; recipe bonuses excluded."
"Diablo III","Weapons","Wand","Lesser Wand","Base","Base type (white/grey/blue)","https://eu.diablo3.blizzard.com/en-gb/item/lesser-wand-Wand_001",""
"Diablo III","Weapons","Wand","Magus Wand","Base","Base type (white/grey/blue)","https://eu.diablo3.blizzard.com/en-gb/item/magus-wand-Wand_203",""
"Diablo III","Weapons","Wand","Mentor Wand","Base","Base type (white/grey/blue)","https://eu.diablo3.blizzard.com/en-gb/artisan/blacksmith/recipe/journeyman-mentor-wand","Base name listed through a crafting recipe in Blizzard item guide; recipe bonuses excluded."
"Diablo III","Weapons","Wand","Oak Wand","Base","Base type (white/grey/blue)","https://eu.diablo3.blizzard.com/en-gb/item/oak-wand-Wand_002",""
"Diablo III","Weapons","Wand","Petrified Wand","Base","Base type (white/grey/blue)","https://eu.diablo3.blizzard.com/en-gb/artisan/blacksmith/recipe/grand-master-petrified-wand","Base name listed through a crafting recipe in Blizzard item guide; recipe bonuses excluded."
"Diablo III","Weapons","Wand","Silversteel Wand","Base","Base type (white/grey/blue)","https://eu.diablo3.blizzard.com/en-gb/artisan/blacksmith/recipe/resplendent-silversteel-wand","Base name listed through a crafting recipe in Blizzard item guide; recipe bonuses excluded."
"Diablo III","Weapons","Wand","Sorcery Wand","Base","Base type (white/grey/blue)","https://eu.diablo3.blizzard.com/en-gb/item/sorcery-wand-Wand_106",""
"Diablo III","Weapons","Wand","Spellbinder","Base","Base type (white/grey/blue)","https://eu.diablo3.blizzard.com/en-gb/item/spellbinder-Wand_204",""
"Diablo III","Weapons","Wand","Steel Wand","Base","Base type (white/grey/blue)","https://eu.diablo3.blizzard.com/en-gb/item/steel-wand-Wand_004",""
"Diablo III","Weapons","Wand","Strike Wand","Base","Base type (white/grey/blue)","https://eu.diablo3.blizzard.com/en-gb/item/strike-wand-Wand_206",""
"Diablo III","Weapons","Wand","Wand","Base","Base type (white/grey/blue)","https://eu.diablo3.blizzard.com/en-gb/item/wand-Wand_003",""
"Diablo IV","Armour","Boots","Boots","Base","Magic","https://docs.google.com/spreadsheets/d/1IC6VCLGzocHjHTGQHj3yPSY0KOVBY97jFOFQWvMSARs/edit","Source catalogue updated 2026-07-27; base game"
"Diablo IV","Armour","Boots","Drifter's Boots","Base","Magic","https://docs.google.com/spreadsheets/d/1IC6VCLGzocHjHTGQHj3yPSY0KOVBY97jFOFQWvMSARs/edit","Source catalogue updated 2026-07-27; base game"
"Diablo IV","Armour","Boots","Heavy Boots","Base","Common","https://docs.google.com/spreadsheets/d/1IC6VCLGzocHjHTGQHj3yPSY0KOVBY97jFOFQWvMSARs/edit","Source catalogue updated 2026-07-27; base game"
"Diablo IV","Armour","Boots","Hide Boots","Base","Common","https://docs.google.com/spreadsheets/d/1IC6VCLGzocHjHTGQHj3yPSY0KOVBY97jFOFQWvMSARs/edit","Source catalogue updated 2026-07-27; base game"
"Diablo IV","Armour","Boots","Strider's Shoes","Base","Common / Magic","https://docs.google.com/spreadsheets/d/1IC6VCLGzocHjHTGQHj3yPSY0KOVBY97jFOFQWvMSARs/edit","Source catalogue updated 2026-07-27; base game"
"Diablo IV","Armour","Pants","Drifter's Pants","Base","Magic","https://docs.google.com/spreadsheets/d/1IC6VCLGzocHjHTGQHj3yPSY0KOVBY97jFOFQWvMSARs/edit","Source catalogue updated 2026-07-27; base game"
"Diablo IV","Armour","Pants","Hide Pants","Base","Common","https://docs.google.com/spreadsheets/d/1IC6VCLGzocHjHTGQHj3yPSY0KOVBY97jFOFQWvMSARs/edit","Source catalogue updated 2026-07-27; base game"
"Diablo IV","Armour","Pants","Pants","Base","Common","https://docs.google.com/spreadsheets/d/1IC6VCLGzocHjHTGQHj3yPSY0KOVBY97jFOFQWvMSARs/edit","Source catalogue updated 2026-07-27; base game"
"Diablo IV","Armour","Pants","Strider's Leggings","Base","Common / Magic","https://docs.google.com/spreadsheets/d/1IC6VCLGzocHjHTGQHj3yPSY0KOVBY97jFOFQWvMSARs/edit","Source catalogue updated 2026-07-27; base game"
"Diablo IV","Armour","Shield","Basic Shield","Base","Magic","https://docs.google.com/spreadsheets/d/1IC6VCLGzocHjHTGQHj3yPSY0KOVBY97jFOFQWvMSARs/edit","Source catalogue updated 2026-07-27; base game"
"Diablo IV","Armour","Shield","Buckler","Base","Common / Magic","https://docs.google.com/spreadsheets/d/1IC6VCLGzocHjHTGQHj3yPSY0KOVBY97jFOFQWvMSARs/edit","Source catalogue updated 2026-07-27; base game"
"Diablo IV","Armour","Shield","Rudimentary Shield","Base","Common","https://docs.google.com/spreadsheets/d/1IC6VCLGzocHjHTGQHj3yPSY0KOVBY97jFOFQWvMSARs/edit","Source catalogue updated 2026-07-27; base game"
"Diablo IV","Armour","Shield","Targe","Base","Magic","https://docs.google.com/spreadsheets/d/1IC6VCLGzocHjHTGQHj3yPSY0KOVBY97jFOFQWvMSARs/edit","Source catalogue updated 2026-07-27; base game"
"Diablo IV","Armour","Tunic","Drifter's Tunic","Base","Magic","https://docs.google.com/spreadsheets/d/1IC6VCLGzocHjHTGQHj3yPSY0KOVBY97jFOFQWvMSARs/edit","Source catalogue updated 2026-07-27; base game"
"Diablo IV","Armour","Tunic","Hide Tunic","Base","Common","https://docs.google.com/spreadsheets/d/1IC6VCLGzocHjHTGQHj3yPSY0KOVBY97jFOFQWvMSARs/edit","Source catalogue updated 2026-07-27; base game"
"Diablo IV","Armour","Tunic","Initiate's Tunic","Base","Magic","https://docs.google.com/spreadsheets/d/1IC6VCLGzocHjHTGQHj3yPSY0KOVBY97jFOFQWvMSARs/edit","Source catalogue updated 2026-07-27; Vessel of Hatred"
"Diablo IV","Armour","Tunic","Leather Doublet","Base","Magic","https://docs.google.com/spreadsheets/d/1IC6VCLGzocHjHTGQHj3yPSY0KOVBY97jFOFQWvMSARs/edit","Source catalogue updated 2026-07-27; base game"
"Diablo IV","Armour","Tunic","Strider's Tunic","Base","Common / Magic","https://docs.google.com/spreadsheets/d/1IC6VCLGzocHjHTGQHj3yPSY0KOVBY97jFOFQWvMSARs/edit","Source catalogue updated 2026-07-27; base game"
"Diablo IV","Armour","Tunic","Tunic","Base","Common","https://docs.google.com/spreadsheets/d/1IC6VCLGzocHjHTGQHj3yPSY0KOVBY97jFOFQWvMSARs/edit","Source catalogue updated 2026-07-27; base game"
"Diablo IV","Gloves","Gloves","Drifter's Gloves","Base","Magic","https://docs.google.com/spreadsheets/d/1IC6VCLGzocHjHTGQHj3yPSY0KOVBY97jFOFQWvMSARs/edit","Source catalogue updated 2026-07-27; base game"
"Diablo IV","Gloves","Gloves","Gauntlets","Base","Magic","https://docs.google.com/spreadsheets/d/1IC6VCLGzocHjHTGQHj3yPSY0KOVBY97jFOFQWvMSARs/edit","Source catalogue updated 2026-07-27; base game"
"Diablo IV","Gloves","Gloves","Gloves","Base","Common","https://docs.google.com/spreadsheets/d/1IC6VCLGzocHjHTGQHj3yPSY0KOVBY97jFOFQWvMSARs/edit","Source catalogue updated 2026-07-27; base game"
"Diablo IV","Gloves","Gloves","Hide Gloves","Base","Common","https://docs.google.com/spreadsheets/d/1IC6VCLGzocHjHTGQHj3yPSY0KOVBY97jFOFQWvMSARs/edit","Source catalogue updated 2026-07-27; base game"
"Diablo IV","Gloves","Gloves","Strider's Handwraps","Base","Common / Magic","https://docs.google.com/spreadsheets/d/1IC6VCLGzocHjHTGQHj3yPSY0KOVBY97jFOFQWvMSARs/edit","Source catalogue updated 2026-07-27; base game"
"Diablo IV","Helms","Helm","Drifter's Helm","Base","Magic","https://docs.google.com/spreadsheets/d/1IC6VCLGzocHjHTGQHj3yPSY0KOVBY97jFOFQWvMSARs/edit","Source catalogue updated 2026-07-27; base game"
"Diablo IV","Helms","Helm","Helm","Base","Magic","https://docs.google.com/spreadsheets/d/1IC6VCLGzocHjHTGQHj3yPSY0KOVBY97jFOFQWvMSARs/edit","Source catalogue updated 2026-07-27; base game"
"Diablo IV","Helms","Helm","Strider's Crown","Base","Common / Magic","https://docs.google.com/spreadsheets/d/1IC6VCLGzocHjHTGQHj3yPSY0KOVBY97jFOFQWvMSARs/edit","Source catalogue updated 2026-07-27; base game"
"Diablo IV","Weapons","2H Axe","Cleaver","Base","Magic","https://docs.google.com/spreadsheets/d/1IC6VCLGzocHjHTGQHj3yPSY0KOVBY97jFOFQWvMSARs/edit","Source catalogue updated 2026-07-27; base game"
"Diablo IV","Weapons","2H Axe","Double Axe","Base","Magic","https://docs.google.com/spreadsheets/d/1IC6VCLGzocHjHTGQHj3yPSY0KOVBY97jFOFQWvMSARs/edit","Source catalogue updated 2026-07-27; base game"
"Diablo IV","Weapons","2H Axe","Forester's Axe","Base","Magic","https://docs.google.com/spreadsheets/d/1IC6VCLGzocHjHTGQHj3yPSY0KOVBY97jFOFQWvMSARs/edit","Source catalogue updated 2026-07-27; base game"
"Diablo IV","Weapons","2H Axe","Great Axe","Base","Magic","https://docs.google.com/spreadsheets/d/1IC6VCLGzocHjHTGQHj3yPSY0KOVBY97jFOFQWvMSARs/edit","Source catalogue updated 2026-07-27; base game"
"Diablo IV","Weapons","2H Axe","Lumber Axe","Base","Common","https://docs.google.com/spreadsheets/d/1IC6VCLGzocHjHTGQHj3yPSY0KOVBY97jFOFQWvMSARs/edit","Source catalogue updated 2026-07-27; base game"
"Diablo IV","Weapons","2H Axe","Windslicer","Base","Magic","https://docs.google.com/spreadsheets/d/1IC6VCLGzocHjHTGQHj3yPSY0KOVBY97jFOFQWvMSARs/edit","Source catalogue updated 2026-07-27; base game"
"Diablo IV","Weapons","2H Mace","Crude Cudgel","Base","Magic","https://docs.google.com/spreadsheets/d/1IC6VCLGzocHjHTGQHj3yPSY0KOVBY97jFOFQWvMSARs/edit","Source catalogue updated 2026-07-27; base game"
"Diablo IV","Weapons","2H Mace","Crude Hammer","Base","Magic","https://docs.google.com/spreadsheets/d/1IC6VCLGzocHjHTGQHj3yPSY0KOVBY97jFOFQWvMSARs/edit","Source catalogue updated 2026-07-27; base game"
"Diablo IV","Weapons","2H Mace","Cudgel","Base","Magic","https://docs.google.com/spreadsheets/d/1IC6VCLGzocHjHTGQHj3yPSY0KOVBY97jFOFQWvMSARs/edit","Source catalogue updated 2026-07-27; base game"
"Diablo IV","Weapons","2H Mace","Hammer","Base","Common","https://docs.google.com/spreadsheets/d/1IC6VCLGzocHjHTGQHj3yPSY0KOVBY97jFOFQWvMSARs/edit","Source catalogue updated 2026-07-27; base game"
"Diablo IV","Weapons","2H Mace","Laborer's Hammer","Base","Magic","https://docs.google.com/spreadsheets/d/1IC6VCLGzocHjHTGQHj3yPSY0KOVBY97jFOFQWvMSARs/edit","Source catalogue updated 2026-07-27; base game"
"Diablo IV","Weapons","2H Mace","Maul","Base","Magic","https://docs.google.com/spreadsheets/d/1IC6VCLGzocHjHTGQHj3yPSY0KOVBY97jFOFQWvMSARs/edit","Source catalogue updated 2026-07-27; base game"
"Diablo IV","Weapons","2H Mace","Two-Handed Hammer","Base","Common / Magic","https://docs.google.com/spreadsheets/d/1IC6VCLGzocHjHTGQHj3yPSY0KOVBY97jFOFQWvMSARs/edit","Source catalogue updated 2026-07-27; base game"
"Diablo IV","Weapons","2H Scythe","Heavy Scythe","Base","Magic","https://docs.google.com/spreadsheets/d/1IC6VCLGzocHjHTGQHj3yPSY0KOVBY97jFOFQWvMSARs/edit","Source catalogue updated 2026-07-27; base game"
"Diablo IV","Weapons","2H Scythe","Scythe","Base","Common / Magic","https://docs.google.com/spreadsheets/d/1IC6VCLGzocHjHTGQHj3yPSY0KOVBY97jFOFQWvMSARs/edit","Source catalogue updated 2026-07-27; base game"
"Diablo IV","Weapons","2H Sword","Basic Greatsword","Base","Magic","https://docs.google.com/spreadsheets/d/1IC6VCLGzocHjHTGQHj3yPSY0KOVBY97jFOFQWvMSARs/edit","Source catalogue updated 2026-07-27; base game"
"Diablo IV","Weapons","2H Sword","Claymore","Base","Magic","https://docs.google.com/spreadsheets/d/1IC6VCLGzocHjHTGQHj3yPSY0KOVBY97jFOFQWvMSARs/edit","Source catalogue updated 2026-07-27; base game"
"Diablo IV","Weapons","2H Sword","Giant Sword","Base","Magic","https://docs.google.com/spreadsheets/d/1IC6VCLGzocHjHTGQHj3yPSY0KOVBY97jFOFQWvMSARs/edit","Source catalogue updated 2026-07-27; base game"
"Diablo IV","Weapons","2H Sword","Two-Handed Sword","Base","Common / Magic","https://docs.google.com/spreadsheets/d/1IC6VCLGzocHjHTGQHj3yPSY0KOVBY97jFOFQWvMSARs/edit","Source catalogue updated 2026-07-27; base game"
"Diablo IV","Weapons","Axe","Cleaver","Base","Magic","https://docs.google.com/spreadsheets/d/1IC6VCLGzocHjHTGQHj3yPSY0KOVBY97jFOFQWvMSARs/edit","Source catalogue updated 2026-07-27; base game"
"Diablo IV","Weapons","Axe","Cutter's Axe","Base","Magic","https://docs.google.com/spreadsheets/d/1IC6VCLGzocHjHTGQHj3yPSY0KOVBY97jFOFQWvMSARs/edit","Source catalogue updated 2026-07-27; base game"
"Diablo IV","Weapons","Axe","Hand Axe","Base","Common / Magic","https://docs.google.com/spreadsheets/d/1IC6VCLGzocHjHTGQHj3yPSY0KOVBY97jFOFQWvMSARs/edit","Source catalogue updated 2026-07-27; base game"
"Diablo IV","Weapons","Axe","Military Pick","Base","Magic","https://docs.google.com/spreadsheets/d/1IC6VCLGzocHjHTGQHj3yPSY0KOVBY97jFOFQWvMSARs/edit","Source catalogue updated 2026-07-27; base game"
"Diablo IV","Weapons","Axe","Studded Axe","Base","Magic","https://docs.google.com/spreadsheets/d/1IC6VCLGzocHjHTGQHj3yPSY0KOVBY97jFOFQWvMSARs/edit","Source catalogue updated 2026-07-27; base game"
"Diablo IV","Weapons","Bow","Common Bow","Base","Magic","https://docs.google.com/spreadsheets/d/1IC6VCLGzocHjHTGQHj3yPSY0KOVBY97jFOFQWvMSARs/edit","Source catalogue updated 2026-07-27; base game"
"Diablo IV","Weapons","Bow","Hunter's Bow","Base","Magic","https://docs.google.com/spreadsheets/d/1IC6VCLGzocHjHTGQHj3yPSY0KOVBY97jFOFQWvMSARs/edit","Source catalogue updated 2026-07-27; base game"
"Diablo IV","Weapons","Bow","Iron Recurve","Base","Magic","https://docs.google.com/spreadsheets/d/1IC6VCLGzocHjHTGQHj3yPSY0KOVBY97jFOFQWvMSARs/edit","Source catalogue updated 2026-07-27; base game"
"Diablo IV","Weapons","Bow","Makeshift Bow","Base","Magic","https://docs.google.com/spreadsheets/d/1IC6VCLGzocHjHTGQHj3yPSY0KOVBY97jFOFQWvMSARs/edit","Source catalogue updated 2026-07-27; base game"
"Diablo IV","Weapons","Bow","Simple Bow","Base","Common","https://docs.google.com/spreadsheets/d/1IC6VCLGzocHjHTGQHj3yPSY0KOVBY97jFOFQWvMSARs/edit","Source catalogue updated 2026-07-27; base game"
"Diablo IV","Weapons","Bow","Uncommon Bow","Base","Magic","https://docs.google.com/spreadsheets/d/1IC6VCLGzocHjHTGQHj3yPSY0KOVBY97jFOFQWvMSARs/edit","Source catalogue updated 2026-07-27; base game"
"Diablo IV","Weapons","Crossbow","Crossbow","Base","Common","https://docs.google.com/spreadsheets/d/1IC6VCLGzocHjHTGQHj3yPSY0KOVBY97jFOFQWvMSARs/edit","Source catalogue updated 2026-07-27; base game"
"Diablo IV","Weapons","Crossbow","Pellet Bow","Base","Magic","https://docs.google.com/spreadsheets/d/1IC6VCLGzocHjHTGQHj3yPSY0KOVBY97jFOFQWvMSARs/edit","Source catalogue updated 2026-07-27; base game"
"Diablo IV","Weapons","Crossbow","Reinforced Crossbow","Base","Magic","https://docs.google.com/spreadsheets/d/1IC6VCLGzocHjHTGQHj3yPSY0KOVBY97jFOFQWvMSARs/edit","Source catalogue updated 2026-07-27; base game"
"Diablo IV","Weapons","Crossbow","Simple Crossbow","Base","Magic","https://docs.google.com/spreadsheets/d/1IC6VCLGzocHjHTGQHj3yPSY0KOVBY97jFOFQWvMSARs/edit","Source catalogue updated 2026-07-27; base game"
"Diablo IV","Weapons","Dagger","Hunter's Knife","Base","Magic","https://docs.google.com/spreadsheets/d/1IC6VCLGzocHjHTGQHj3yPSY0KOVBY97jFOFQWvMSARs/edit","Source catalogue updated 2026-07-27; base game"
"Diablo IV","Weapons","Dagger","Pugio","Base","Magic","https://docs.google.com/spreadsheets/d/1IC6VCLGzocHjHTGQHj3yPSY0KOVBY97jFOFQWvMSARs/edit","Source catalogue updated 2026-07-27; base game"
"Diablo IV","Weapons","Dagger","Simple Dagger","Base","Common","https://docs.google.com/spreadsheets/d/1IC6VCLGzocHjHTGQHj3yPSY0KOVBY97jFOFQWvMSARs/edit","Source catalogue updated 2026-07-27; base game"
"Diablo IV","Weapons","Dagger","Stiletto","Base","Magic","https://docs.google.com/spreadsheets/d/1IC6VCLGzocHjHTGQHj3yPSY0KOVBY97jFOFQWvMSARs/edit","Source catalogue updated 2026-07-27; base game"
"Diablo IV","Weapons","Flail","Chain Mace","Base","Common","https://docs.google.com/spreadsheets/d/1IC6VCLGzocHjHTGQHj3yPSY0KOVBY97jFOFQWvMSARs/edit","Source catalogue updated 2026-07-27; base game"
"Diablo IV","Weapons","Flail","Dread Flail","Base","Magic","https://docs.google.com/spreadsheets/d/1IC6VCLGzocHjHTGQHj3yPSY0KOVBY97jFOFQWvMSARs/edit","Source catalogue updated 2026-07-27; base game"
"Diablo IV","Weapons","Focus","Augur","Base","Magic","https://docs.google.com/spreadsheets/d/1IC6VCLGzocHjHTGQHj3yPSY0KOVBY97jFOFQWvMSARs/edit","Source catalogue updated 2026-07-27; base game"
"Diablo IV","Weapons","Focus","Fiendish Folio","Base","Common / Magic","https://docs.google.com/spreadsheets/d/1IC6VCLGzocHjHTGQHj3yPSY0KOVBY97jFOFQWvMSARs/edit","Source catalogue updated 2026-07-27; base game"
"Diablo IV","Weapons","Focus","Keepsake","Base","Magic","https://docs.google.com/spreadsheets/d/1IC6VCLGzocHjHTGQHj3yPSY0KOVBY97jFOFQWvMSARs/edit","Source catalogue updated 2026-07-27; base game"
"Diablo IV","Weapons","Focus","Primitive Talisman","Base","Magic","https://docs.google.com/spreadsheets/d/1IC6VCLGzocHjHTGQHj3yPSY0KOVBY97jFOFQWvMSARs/edit","Source catalogue updated 2026-07-27; base game"
"Diablo IV","Weapons","Focus","Refined Focus","Base","Magic","https://docs.google.com/spreadsheets/d/1IC6VCLGzocHjHTGQHj3yPSY0KOVBY97jFOFQWvMSARs/edit","Source catalogue updated 2026-07-27; base game"
"Diablo IV","Weapons","Focus","Relic Skull","Base","Common / Magic","https://docs.google.com/spreadsheets/d/1IC6VCLGzocHjHTGQHj3yPSY0KOVBY97jFOFQWvMSARs/edit","Source catalogue updated 2026-07-27; base game"
"Diablo IV","Weapons","Focus","Simple Focus","Base","Magic","https://docs.google.com/spreadsheets/d/1IC6VCLGzocHjHTGQHj3yPSY0KOVBY97jFOFQWvMSARs/edit","Source catalogue updated 2026-07-27; base game"
"Diablo IV","Weapons","Glaive","Basic Glaive","Base","Common / Magic","https://docs.google.com/spreadsheets/d/1IC6VCLGzocHjHTGQHj3yPSY0KOVBY97jFOFQWvMSARs/edit","Source catalogue updated 2026-07-27; Vessel of Hatred"
"Diablo IV","Weapons","Glaive","Hooked Glaive","Base","Magic","https://docs.google.com/spreadsheets/d/1IC6VCLGzocHjHTGQHj3yPSY0KOVBY97jFOFQWvMSARs/edit","Source catalogue updated 2026-07-27; Vessel of Hatred"
"Diablo IV","Weapons","Glaive","Serrated Glaive","Base","Magic","https://docs.google.com/spreadsheets/d/1IC6VCLGzocHjHTGQHj3yPSY0KOVBY97jFOFQWvMSARs/edit","Source catalogue updated 2026-07-27; Vessel of Hatred"
"Diablo IV","Weapons","Mace","Barbed Club","Base","Magic","https://docs.google.com/spreadsheets/d/1IC6VCLGzocHjHTGQHj3yPSY0KOVBY97jFOFQWvMSARs/edit","Source catalogue updated 2026-07-27; base game"
"Diablo IV","Weapons","Mace","Bludgeon","Base","Magic","https://docs.google.com/spreadsheets/d/1IC6VCLGzocHjHTGQHj3yPSY0KOVBY97jFOFQWvMSARs/edit","Source catalogue updated 2026-07-27; base game"
"Diablo IV","Weapons","Mace","Club","Base","Common / Magic","https://docs.google.com/spreadsheets/d/1IC6VCLGzocHjHTGQHj3yPSY0KOVBY97jFOFQWvMSARs/edit","Source catalogue updated 2026-07-27; base game"
"Diablo IV","Weapons","Mace","Mace","Base","Magic","https://docs.google.com/spreadsheets/d/1IC6VCLGzocHjHTGQHj3yPSY0KOVBY97jFOFQWvMSARs/edit","Source catalogue updated 2026-07-27; base game"
"Diablo IV","Weapons","Polearm","Bardiche","Base","Magic","https://docs.google.com/spreadsheets/d/1IC6VCLGzocHjHTGQHj3yPSY0KOVBY97jFOFQWvMSARs/edit","Source catalogue updated 2026-07-27; base game"
"Diablo IV","Weapons","Polearm","Boar Spear","Base","Common","https://docs.google.com/spreadsheets/d/1IC6VCLGzocHjHTGQHj3yPSY0KOVBY97jFOFQWvMSARs/edit","Source catalogue updated 2026-07-27; base game"
"Diablo IV","Weapons","Polearm","Polearm","Base","Magic","https://docs.google.com/spreadsheets/d/1IC6VCLGzocHjHTGQHj3yPSY0KOVBY97jFOFQWvMSARs/edit","Source catalogue updated 2026-07-27; base game"
"Diablo IV","Weapons","Polearm","Sword-Staff","Base","Magic","https://docs.google.com/spreadsheets/d/1IC6VCLGzocHjHTGQHj3yPSY0KOVBY97jFOFQWvMSARs/edit","Source catalogue updated 2026-07-27; base game"
"Diablo IV","Weapons","Quarterstaff","Balanced Quarterstaff","Base","Magic","https://docs.google.com/spreadsheets/d/1IC6VCLGzocHjHTGQHj3yPSY0KOVBY97jFOFQWvMSARs/edit","Source catalogue updated 2026-07-27; Vessel of Hatred"
"Diablo IV","Weapons","Quarterstaff","Basic Quarterstaff","Base","Common","https://docs.google.com/spreadsheets/d/1IC6VCLGzocHjHTGQHj3yPSY0KOVBY97jFOFQWvMSARs/edit","Source catalogue updated 2026-07-27; Vessel of Hatred"
"Diablo IV","Weapons","Quarterstaff","Hooked Quarterstaff","Base","Magic","https://docs.google.com/spreadsheets/d/1IC6VCLGzocHjHTGQHj3yPSY0KOVBY97jFOFQWvMSARs/edit","Source catalogue updated 2026-07-27; Vessel of Hatred"
"Diablo IV","Weapons","Scythe","Hand Sickle","Base","Magic","https://docs.google.com/spreadsheets/d/1IC6VCLGzocHjHTGQHj3yPSY0KOVBY97jFOFQWvMSARs/edit","Source catalogue updated 2026-07-27; base game"
"Diablo IV","Weapons","Scythe","Simple Scythe","Base","Common","https://docs.google.com/spreadsheets/d/1IC6VCLGzocHjHTGQHj3yPSY0KOVBY97jFOFQWvMSARs/edit","Source catalogue updated 2026-07-27; base game"
"Diablo IV","Weapons","Scythe","Simple Sickle","Base","Magic","https://docs.google.com/spreadsheets/d/1IC6VCLGzocHjHTGQHj3yPSY0KOVBY97jFOFQWvMSARs/edit","Source catalogue updated 2026-07-27; base game"
"Diablo IV","Weapons","Staff","Apothecary's Staff","Base","Magic","https://docs.google.com/spreadsheets/d/1IC6VCLGzocHjHTGQHj3yPSY0KOVBY97jFOFQWvMSARs/edit","Source catalogue updated 2026-07-27; base game"
"Diablo IV","Weapons","Staff","Bone Staff","Base","Magic","https://docs.google.com/spreadsheets/d/1IC6VCLGzocHjHTGQHj3yPSY0KOVBY97jFOFQWvMSARs/edit","Source catalogue updated 2026-07-27; base game"
"Diablo IV","Weapons","Staff","Gnarled Staff","Base","Magic","https://docs.google.com/spreadsheets/d/1IC6VCLGzocHjHTGQHj3yPSY0KOVBY97jFOFQWvMSARs/edit","Source catalogue updated 2026-07-27; base game"
"Diablo IV","Weapons","Staff","Iron Staff","Base","Magic","https://docs.google.com/spreadsheets/d/1IC6VCLGzocHjHTGQHj3yPSY0KOVBY97jFOFQWvMSARs/edit","Source catalogue updated 2026-07-27; base game"
"Diablo IV","Weapons","Staff","Rough Staff","Base","Magic","https://docs.google.com/spreadsheets/d/1IC6VCLGzocHjHTGQHj3yPSY0KOVBY97jFOFQWvMSARs/edit","Source catalogue updated 2026-07-27; base game"
"Diablo IV","Weapons","Staff","Rugged Stave","Base","Magic","https://docs.google.com/spreadsheets/d/1IC6VCLGzocHjHTGQHj3yPSY0KOVBY97jFOFQWvMSARs/edit","Source catalogue updated 2026-07-27; base game"
"Diablo IV","Weapons","Staff","Simple Staff","Base","Magic","https://docs.google.com/spreadsheets/d/1IC6VCLGzocHjHTGQHj3yPSY0KOVBY97jFOFQWvMSARs/edit","Source catalogue updated 2026-07-27; base game"
"Diablo IV","Weapons","Staff","Staff","Base","Common","https://docs.google.com/spreadsheets/d/1IC6VCLGzocHjHTGQHj3yPSY0KOVBY97jFOFQWvMSARs/edit","Source catalogue updated 2026-07-27; base game"
"Diablo IV","Weapons","Staff","Sturdy Staff","Base","Magic","https://docs.google.com/spreadsheets/d/1IC6VCLGzocHjHTGQHj3yPSY0KOVBY97jFOFQWvMSARs/edit","Source catalogue updated 2026-07-27; base game"
"Diablo IV","Weapons","Sword","Boot Blade","Base","Magic","https://docs.google.com/spreadsheets/d/1IC6VCLGzocHjHTGQHj3yPSY0KOVBY97jFOFQWvMSARs/edit","Source catalogue updated 2026-07-27; base game"
"Diablo IV","Weapons","Sword","Broad Sword","Base","Magic","https://docs.google.com/spreadsheets/d/1IC6VCLGzocHjHTGQHj3yPSY0KOVBY97jFOFQWvMSARs/edit","Source catalogue updated 2026-07-27; base game"
"Diablo IV","Weapons","Sword","Longsword","Base","Magic","https://docs.google.com/spreadsheets/d/1IC6VCLGzocHjHTGQHj3yPSY0KOVBY97jFOFQWvMSARs/edit","Source catalogue updated 2026-07-27; base game"
"Diablo IV","Weapons","Sword","Scimitar","Base","Magic","https://docs.google.com/spreadsheets/d/1IC6VCLGzocHjHTGQHj3yPSY0KOVBY97jFOFQWvMSARs/edit","Source catalogue updated 2026-07-27; base game"
"Diablo IV","Weapons","Sword","Short Sword","Base","Common / Magic","https://docs.google.com/spreadsheets/d/1IC6VCLGzocHjHTGQHj3yPSY0KOVBY97jFOFQWvMSARs/edit","Source catalogue updated 2026-07-27; base game"
"Diablo IV","Weapons","Sword","Steel Defender","Base","Magic","https://docs.google.com/spreadsheets/d/1IC6VCLGzocHjHTGQHj3yPSY0KOVBY97jFOFQWvMSARs/edit","Source catalogue updated 2026-07-27; base game"
"Diablo IV","Weapons","Totem","Crude Totem","Base","Magic","https://docs.google.com/spreadsheets/d/1IC6VCLGzocHjHTGQHj3yPSY0KOVBY97jFOFQWvMSARs/edit","Source catalogue updated 2026-07-27; base game"
"Diablo IV","Weapons","Totem","Dreamwhisper Totem","Base","Magic","https://docs.google.com/spreadsheets/d/1IC6VCLGzocHjHTGQHj3yPSY0KOVBY97jFOFQWvMSARs/edit","Source catalogue updated 2026-07-27; base game"
"Diablo IV","Weapons","Totem","Imbued Totem","Base","Magic","https://docs.google.com/spreadsheets/d/1IC6VCLGzocHjHTGQHj3yPSY0KOVBY97jFOFQWvMSARs/edit","Source catalogue updated 2026-07-27; base game"
"Diablo IV","Weapons","Totem","Lesser Totem","Base","Magic","https://docs.google.com/spreadsheets/d/1IC6VCLGzocHjHTGQHj3yPSY0KOVBY97jFOFQWvMSARs/edit","Source catalogue updated 2026-07-27; base game"
"Diablo IV","Weapons","Totem","Primitive Totem","Base","Magic","https://docs.google.com/spreadsheets/d/1IC6VCLGzocHjHTGQHj3yPSY0KOVBY97jFOFQWvMSARs/edit","Source catalogue updated 2026-07-27; base game"
"Diablo IV","Weapons","Totem","Totem","Base","Common","https://docs.google.com/spreadsheets/d/1IC6VCLGzocHjHTGQHj3yPSY0KOVBY97jFOFQWvMSARs/edit","Source catalogue updated 2026-07-27; base game"
"Diablo IV","Weapons","Wand","Apprentice's Wand","Base","Common / Magic","https://docs.google.com/spreadsheets/d/1IC6VCLGzocHjHTGQHj3yPSY0KOVBY97jFOFQWvMSARs/edit","Source catalogue updated 2026-07-27; base game"
"Diablo IV","Weapons","Wand","Lesser Wand","Base","Magic","https://docs.google.com/spreadsheets/d/1IC6VCLGzocHjHTGQHj3yPSY0KOVBY97jFOFQWvMSARs/edit","Source catalogue updated 2026-07-27; base game"
"Diablo IV","Weapons","Wand","Makeshift Wand","Base","Magic","https://docs.google.com/spreadsheets/d/1IC6VCLGzocHjHTGQHj3yPSY0KOVBY97jFOFQWvMSARs/edit","Source catalogue updated 2026-07-27; base game"
"Diablo IV","Weapons","Wand","Rough-Hewn Wand","Base","Magic","https://docs.google.com/spreadsheets/d/1IC6VCLGzocHjHTGQHj3yPSY0KOVBY97jFOFQWvMSARs/edit","Source catalogue updated 2026-07-27; base game"
"Diablo IV","Weapons","Wand","Rudimentary Wand","Base","Magic","https://docs.google.com/spreadsheets/d/1IC6VCLGzocHjHTGQHj3yPSY0KOVBY97jFOFQWvMSARs/edit","Source catalogue updated 2026-07-27; base game"
