"shadowdark_group","shadowdark_category","game","base_name","category","item_type","mapping_basis","mapping_note","tier","qualifying_rarity","source_url","notes","shadowdark_source","shadowdark_page"
"Armour","chain","Diablo I","Chain Mail","Armour","Body armour","Approximate","Rough protection tier; Diablo power tier does not raise the Shadowdark armour category.","Base","Normal / Magic","https://www.lurkerlounge.com/diablo/jarulf/jarulf162.pdf","","D:/Code/Core_Dark/tmp/extracted_text/Player_s_Guide_to_the_Western_Reaches_V1.json","112"
"Armour","chain","Diablo I","Ring Mail","Armour","Body armour","Approximate","Rough protection tier; Diablo power tier does not raise the Shadowdark armour category.","Base","Normal / Magic","https://www.lurkerlounge.com/diablo/jarulf/jarulf162.pdf","","D:/Code/Core_Dark/tmp/extracted_text/Player_s_Guide_to_the_Western_Reaches_V1.json","112"
"Armour","chain","Diablo I","Scale Mail","Armour","Body armour","Approximate","Rough protection tier; Diablo power tier does not raise the Shadowdark armour category.","Base","Normal / Magic","https://www.lurkerlounge.com/diablo/jarulf/jarulf162.pdf","","D:/Code/Core_Dark/tmp/extracted_text/Player_s_Guide_to_the_Western_Reaches_V1.json","112"
"Armour","chain","Diablo I","Splint Mail","Armour","Body armour","Approximate","Rough protection tier; Diablo power tier does not raise the Shadowdark armour category.","Base","Normal / Magic","https://www.lurkerlounge.com/diablo/jarulf/jarulf162.pdf","","D:/Code/Core_Dark/tmp/extracted_text/Player_s_Guide_to_the_Western_Reaches_V1.json","112"
"Armour","chain","Diablo II","Balrog Skin","Armour","Body armour","Approximate","Rough protection tier; Diablo power tier does not raise the Shadowdark armour category.","Elite","Normal / Magic","https://classic.battle.net/diablo2exp/items/elite/armor.shtml","","D:/Code/Core_Dark/tmp/extracted_text/Player_s_Guide_to_the_Western_Reaches_V1.json","112"
"Armour","chain","Diablo II","Boneweave","Armour","Body armour","Approximate","Rough protection tier; Diablo power tier does not raise the Shadowdark armour category.","Elite","Normal / Magic","https://classic.battle.net/diablo2exp/items/elite/armor.shtml","","D:/Code/Core_Dark/tmp/extracted_text/Player_s_Guide_to_the_Western_Reaches_V1.json","112"
"Armour","chain","Diablo II","Chain Mail","Armour","Body armour","Approximate","Rough protection tier; Diablo power tier does not raise the Shadowdark armour category.","Normal","Normal / Magic","https://classic.battle.net/diablo2exp/items/normal/armor.shtml","","D:/Code/Core_Dark/tmp/extracted_text/Player_s_Guide_to_the_Western_Reaches_V1.json","112"
"Armour","chain","Diablo II","Diamond Mail","Armour","Body armour","Approximate","Rough protection tier; Diablo power tier does not raise the Shadowdark armour category.","Elite","Normal / Magic","https://classic.battle.net/diablo2exp/items/elite/armor.shtml","","D:/Code/Core_Dark/tmp/extracted_text/Player_s_Guide_to_the_Western_Reaches_V1.json","112"
"Armour","chain","Diablo II","Linked Mail","Armour","Body armour","Approximate","Rough protection tier; Diablo power tier does not raise the Shadowdark armour category.","Exceptional","Normal / Magic","https://classic.battle.net/diablo2exp/items/exceptional/armor.shtml","","D:/Code/Core_Dark/tmp/extracted_text/Player_s_Guide_to_the_Western_Reaches_V1.json","112"
"Armour","chain","Diablo II","Loricated Mail","Armour","Body armour","Approximate","Rough protection tier; Diablo power tier does not raise the Shadowdark armour category.","Elite","Normal / Magic","https://classic.battle.net/diablo2exp/items/elite/armor.shtml","","D:/Code/Core_Dark/tmp/extracted_text/Player_s_Guide_to_the_Western_Reaches_V1.json","112"
"Armour","chain","Diablo II","Mesh Armor","Armour","Body armour","Approximate","Rough protection tier; Diablo power tier does not raise the Shadowdark armour category.","Exceptional","Normal / Magic","https://classic.battle.net/diablo2exp/items/exceptional/armor.shtml","","D:/Code/Core_Dark/tmp/extracted_text/Player_s_Guide_to_the_Western_Reaches_V1.json","112"
"Armour","chain","Diablo II","Ring Mail","Armour","Body armour","Approximate","Rough protection tier; Diablo power tier does not raise the Shadowdark armour category.","Normal","Normal / Magic","https://classic.battle.net/diablo2exp/items/normal/armor.shtml","","D:/Code/Core_Dark/tmp/extracted_text/Player_s_Guide_to_the_Western_Reaches_V1.json","112"
"Armour","chain","Diablo II","Russet Armor","Armour","Body armour","Approximate","Rough protection tier; Diablo power tier does not raise the Shadowdark armour category.","Exceptional","Normal / Magic","https://classic.battle.net/diablo2exp/items/exceptional/armor.shtml","","D:/Code/Core_Dark/tmp/extracted_text/Player_s_Guide_to_the_Western_Reaches_V1.json","112"
"Armour","chain","Diablo II","Scale Mail","Armour","Body armour","Approximate","Rough protection tier; Diablo power tier does not raise the Shadowdark armour category.","Normal","Normal / Magic","https://classic.battle.net/diablo2exp/items/normal/armor.shtml","","D:/Code/Core_Dark/tmp/extracted_text/Player_s_Guide_to_the_Western_Reaches_V1.json","112"
"Armour","chain","Diablo II","Splint Mail","Armour","Body armour","Approximate","Rough protection tier; Diablo power tier does not raise the Shadowdark armour category.","Normal","Normal / Magic","https://classic.battle.net/diablo2exp/items/normal/armor.shtml","","D:/Code/Core_Dark/tmp/extracted_text/Player_s_Guide_to_the_Western_Reaches_V1.json","112"
"Armour","chain","Diablo II","Tigulated Mail","Armour","Body armour","Approximate","Rough protection tier; Diablo power tier does not raise the Shadowdark armour category.","Exceptional","Normal / Magic","https://classic.battle.net/diablo2exp/items/exceptional/armor.shtml","","D:/Code/Core_Dark/tmp/extracted_text/Player_s_Guide_to_the_Western_Reaches_V1.json","112"
"Armour","chain","Diablo III","Astral Mail","Armour","Chest Armor","Approximate","Rough protection tier; Diablo power tier does not raise the Shadowdark armour category.","Base","Base type (white/grey/blue)","https://eu.diablo3.blizzard.com/en-gb/item/astral-mail-ChestArmor_202","","D:/Code/Core_Dark/tmp/extracted_text/Player_s_Guide_to_the_Western_Reaches_V1.json","112"
"Armour","chain","Diablo III","Boneweave Hauberk","Armour","Chest Armor","Approximate","Rough protection tier; Diablo power tier does not raise the Shadowdark armour category.","Base","Base type (white/grey/blue)","https://eu.diablo3.blizzard.com/en-gb/artisan/blacksmith/recipe/resplendent-boneweave-hauberk","Base name listed through a crafting recipe in Blizzard item guide; recipe bonuses excluded.","D:/Code/Core_Dark/tmp/extracted_text/Player_s_Guide_to_the_Western_Reaches_V1.json","112"
"Armour","chain","Diablo III","Brigandine Coat","Armour","Chest Armor","Approximate","Rough protection tier; Diablo power tier does not raise the Shadowdark armour category.","Base","Base type (white/grey/blue)","https://eu.diablo3.blizzard.com/en-gb/artisan/blacksmith/recipe/apprentice-brigandine-coat","Base name listed through a crafting recipe in Blizzard item guide; recipe bonuses excluded.","D:/Code/Core_Dark/tmp/extracted_text/Player_s_Guide_to_the_Western_Reaches_V1.json","112"
"Armour","chain","Diablo III","Chain Mail","Armour","Chest Armor","Approximate","Rough protection tier; Diablo power tier does not raise the Shadowdark armour category.","Base","Base type (white/grey/blue)","https://eu.diablo3.blizzard.com/en-gb/artisan/blacksmith/recipe/apprentice-chain-mail","Base name listed through a crafting recipe in Blizzard item guide; recipe bonuses excluded.","D:/Code/Core_Dark/tmp/extracted_text/Player_s_Guide_to_the_Western_Reaches_V1.json","112"
"Armour","chain","Diablo III","Jazeraint Mail","Armour","Chest Armor","Approximate","Rough protection tier; Diablo power tier does not raise the Shadowdark armour category.","Base","Base type (white/grey/blue)","https://eu.diablo3.blizzard.com/en-gb/item/jazeraint-mail-ChestArmor_103","","D:/Code/Core_Dark/tmp/extracted_text/Player_s_Guide_to_the_Western_Reaches_V1.json","112"
"Armour","chain","Diablo III","Sovereign Mail","Armour","Chest Armor","Approximate","Rough protection tier; Diablo power tier does not raise the Shadowdark armour category.","Base","Base type (white/grey/blue)","https://eu.diablo3.blizzard.com/en-gb/artisan/blacksmith/recipe/exalted-mail","Base name listed through a crafting recipe in Blizzard item guide; recipe bonuses excluded.","D:/Code/Core_Dark/tmp/extracted_text/Player_s_Guide_to_the_Western_Reaches_V1.json","112"
"Armour","leather","Diablo I","Hard Leather Armor","Armour","Body armour","Approximate","Rough protection tier; Diablo power tier does not raise the Shadowdark armour category.","Base","Normal / Magic","https://www.lurkerlounge.com/diablo/jarulf/jarulf162.pdf","","D:/Code/Core_Dark/tmp/extracted_text/Player_s_Guide_to_the_Western_Reaches_V1.json","112"
"Armour","leather","Diablo I","Leather Armor","Armour","Body armour","Approximate","Rough protection tier; Diablo power tier does not raise the Shadowdark armour category.","Base","Normal / Magic","https://www.lurkerlounge.com/diablo/jarulf/jarulf162.pdf","","D:/Code/Core_Dark/tmp/extracted_text/Player_s_Guide_to_the_Western_Reaches_V1.json","112"
"Armour","leather","Diablo I","Quilted Armor","Armour","Body armour","Approximate","Rough protection tier; Diablo power tier does not raise the Shadowdark armour category.","Base","Normal / Magic","https://www.lurkerlounge.com/diablo/jarulf/jarulf162.pdf","","D:/Code/Core_Dark/tmp/extracted_text/Player_s_Guide_to_the_Western_Reaches_V1.json","112"
"Armour","leather","Diablo I","Studded Leather Armor","Armour","Body armour","Approximate","Rough protection tier; Diablo power tier does not raise the Shadowdark armour category.","Base","Normal / Magic","https://www.lurkerlounge.com/diablo/jarulf/jarulf162.pdf","","D:/Code/Core_Dark/tmp/extracted_text/Player_s_Guide_to_the_Western_Reaches_V1.json","112"
"Armour","leather","Diablo II","Demonhide Armor","Armour","Body armour","Approximate","Rough protection tier; Diablo power tier does not raise the Shadowdark armour category.","Exceptional","Normal / Magic","https://classic.battle.net/diablo2exp/items/exceptional/armor.shtml","","D:/Code/Core_Dark/tmp/extracted_text/Player_s_Guide_to_the_Western_Reaches_V1.json","112"
"Armour","leather","Diablo II","Dusk Shroud","Armour","Body armour","Approximate","Rough protection tier; Diablo power tier does not raise the Shadowdark armour category.","Elite","Normal / Magic","https://classic.battle.net/diablo2exp/items/elite/armor.shtml","","D:/Code/Core_Dark/tmp/extracted_text/Player_s_Guide_to_the_Western_Reaches_V1.json","112"
"Armour","leather","Diablo II","Ghost Armor","Armour","Body armour","Approximate","Rough protection tier; Diablo power tier does not raise the Shadowdark armour category.","Exceptional","Normal / Magic","https://classic.battle.net/diablo2exp/items/exceptional/armor.shtml","","D:/Code/Core_Dark/tmp/extracted_text/Player_s_Guide_to_the_Western_Reaches_V1.json","112"
"Armour","leather","Diablo II","Hard Leather Armor","Armour","Body armour","Approximate","Rough protection tier; Diablo power tier does not raise the Shadowdark armour category.","Normal","Normal / Magic","https://classic.battle.net/diablo2exp/items/normal/armor.shtml","","D:/Code/Core_Dark/tmp/extracted_text/Player_s_Guide_to_the_Western_Reaches_V1.json","112"
"Armour","leather","Diablo II","Leather Armor","Armour","Body armour","Approximate","Rough protection tier; Diablo power tier does not raise the Shadowdark armour category.","Normal","Normal / Magic","https://classic.battle.net/diablo2exp/items/normal/armor.shtml","","D:/Code/Core_Dark/tmp/extracted_text/Player_s_Guide_to_the_Western_Reaches_V1.json","112"
"Armour","leather","Diablo II","Quilted Armor","Armour","Body armour","Approximate","Rough protection tier; Diablo power tier does not raise the Shadowdark armour category.","Normal","Normal / Magic","https://classic.battle.net/diablo2exp/items/normal/armor.shtml","","D:/Code/Core_Dark/tmp/extracted_text/Player_s_Guide_to_the_Western_Reaches_V1.json","112"
"Armour","leather","Diablo II","Scarab Husk","Armour","Body armour","Approximate","Rough protection tier; Diablo power tier does not raise the Shadowdark armour category.","Elite","Normal / Magic","https://classic.battle.net/diablo2exp/items/elite/armor.shtml","","D:/Code/Core_Dark/tmp/extracted_text/Player_s_Guide_to_the_Western_Reaches_V1.json","112"
"Armour","leather","Diablo II","Serpentskin Armor","Armour","Body armour","Approximate","Rough protection tier; Diablo power tier does not raise the Shadowdark armour category.","Exceptional","Normal / Magic","https://classic.battle.net/diablo2exp/items/exceptional/armor.shtml","","D:/Code/Core_Dark/tmp/extracted_text/Player_s_Guide_to_the_Western_Reaches_V1.json","112"
"Armour","leather","Diablo II","Studded Leather","Armour","Body armour","Approximate","Rough protection tier; Diablo power tier does not raise the Shadowdark armour category.","Normal","Normal / Magic","https://classic.battle.net/diablo2exp/items/normal/armor.shtml","","D:/Code/Core_Dark/tmp/extracted_text/Player_s_Guide_to_the_Western_Reaches_V1.json","112"
"Armour","leather","Diablo II","Trellised Armor","Armour","Body armour","Approximate","Rough protection tier; Diablo power tier does not raise the Shadowdark armour category.","Exceptional","Normal / Magic","https://classic.battle.net/diablo2exp/items/exceptional/armor.shtml","","D:/Code/Core_Dark/tmp/extracted_text/Player_s_Guide_to_the_Western_Reaches_V1.json","112"
"Armour","leather","Diablo II","Wire Fleece","Armour","Body armour","Approximate","Rough protection tier; Diablo power tier does not raise the Shadowdark armour category.","Elite","Normal / Magic","https://classic.battle.net/diablo2exp/items/elite/armor.shtml","","D:/Code/Core_Dark/tmp/extracted_text/Player_s_Guide_to_the_Western_Reaches_V1.json","112"
"Armour","leather","Diablo II","Wyrmhide","Armour","Body armour","Approximate","Rough protection tier; Diablo power tier does not raise the Shadowdark armour category.","Elite","Normal / Magic","https://classic.battle.net/diablo2exp/items/elite/armor.shtml","","D:/Code/Core_Dark/tmp/extracted_text/Player_s_Guide_to_the_Western_Reaches_V1.json","112"
"Armour","leather","Diablo III","Etched Jacket","Armour","Chest Armor","Approximate","Rough protection tier; Diablo power tier does not raise the Shadowdark armour category.","Base","Base type (white/grey/blue)","https://eu.diablo3.blizzard.com/en-gb/artisan/blacksmith/recipe/illustrious-etched-jacket","Base name listed through a crafting recipe in Blizzard item guide; recipe bonuses excluded.","D:/Code/Core_Dark/tmp/extracted_text/Player_s_Guide_to_the_Western_Reaches_V1.json","112"
"Armour","leather","Diablo III","Hide Tunic","Armour","Chest Armor","Approximate","Rough protection tier; Diablo power tier does not raise the Shadowdark armour category.","Base","Base type (white/grey/blue)","https://eu.diablo3.blizzard.com/en-gb/artisan/blacksmith/recipe/apprentice-hide-tunic","Base name listed through a crafting recipe in Blizzard item guide; recipe bonuses excluded.","D:/Code/Core_Dark/tmp/extracted_text/Player_s_Guide_to_the_Western_Reaches_V1.json","112"
"Armour","leather","Diablo III","Leather Doublet","Armour","Chest Armor","Approximate","Rough protection tier; Diablo power tier does not raise the Shadowdark armour category.","Base","Base type (white/grey/blue)","https://eu.diablo3.blizzard.com/en-gb/item/leather-doublet-ChestArmor_002","","D:/Code/Core_Dark/tmp/extracted_text/Player_s_Guide_to_the_Western_Reaches_V1.json","112"
"Armour","leather","Diablo III","Stygian Harness","Armour","Chest Armor","Approximate","Rough protection tier; Diablo power tier does not raise the Shadowdark armour category.","Base","Base type (white/grey/blue)","https://eu.diablo3.blizzard.com/en-gb/artisan/blacksmith/recipe/grand-master-stygian-harness","Base name listed through a crafting recipe in Blizzard item guide; recipe bonuses excluded.","D:/Code/Core_Dark/tmp/extracted_text/Player_s_Guide_to_the_Western_Reaches_V1.json","112"
"Armour","leather","Diablo IV","Drifter's Tunic","Armour","Tunic","Approximate","Rough protection tier; Diablo power tier does not raise the Shadowdark armour category.","Base","Magic","https://docs.google.com/spreadsheets/d/1IC6VCLGzocHjHTGQHj3yPSY0KOVBY97jFOFQWvMSARs/edit","Source catalogue updated 2026-07-27; base game","D:/Code/Core_Dark/tmp/extracted_text/Player_s_Guide_to_the_Western_Reaches_V1.json","112"
"Armour","leather","Diablo IV","Hide Tunic","Armour","Tunic","Approximate","Rough protection tier; Diablo power tier does not raise the Shadowdark armour category.","Base","Common","https://docs.google.com/spreadsheets/d/1IC6VCLGzocHjHTGQHj3yPSY0KOVBY97jFOFQWvMSARs/edit","Source catalogue updated 2026-07-27; base game","D:/Code/Core_Dark/tmp/extracted_text/Player_s_Guide_to_the_Western_Reaches_V1.json","112"
"Armour","leather","Diablo IV","Initiate's Tunic","Armour","Tunic","Approximate","Rough protection tier; Diablo power tier does not raise the Shadowdark armour category.","Base","Magic","https://docs.google.com/spreadsheets/d/1IC6VCLGzocHjHTGQHj3yPSY0KOVBY97jFOFQWvMSARs/edit","Source catalogue updated 2026-07-27; Vessel of Hatred","D:/Code/Core_Dark/tmp/extracted_text/Player_s_Guide_to_the_Western_Reaches_V1.json","112"
"Armour","leather","Diablo IV","Leather Doublet","Armour","Tunic","Approximate","Rough protection tier; Diablo power tier does not raise the Shadowdark armour category.","Base","Magic","https://docs.google.com/spreadsheets/d/1IC6VCLGzocHjHTGQHj3yPSY0KOVBY97jFOFQWvMSARs/edit","Source catalogue updated 2026-07-27; base game","D:/Code/Core_Dark/tmp/extracted_text/Player_s_Guide_to_the_Western_Reaches_V1.json","112"
"Armour","leather","Diablo IV","Strider's Tunic","Armour","Tunic","Approximate","Rough protection tier; Diablo power tier does not raise the Shadowdark armour category.","Base","Common / Magic","https://docs.google.com/spreadsheets/d/1IC6VCLGzocHjHTGQHj3yPSY0KOVBY97jFOFQWvMSARs/edit","Source catalogue updated 2026-07-27; base game","D:/Code/Core_Dark/tmp/extracted_text/Player_s_Guide_to_the_Western_Reaches_V1.json","112"
"Armour","none","Diablo I","Rags","Armour","Body armour","Approximate","Rough protection tier; Diablo power tier does not raise the Shadowdark armour category.","Base","Normal / Magic","https://www.lurkerlounge.com/diablo/jarulf/jarulf162.pdf","","D:/Code/Core_Dark/tmp/extracted_text/Player_s_Guide_to_the_Western_Reaches_V1.json","112"
"Armour","none","Diablo I","Robe","Armour","Body armour","Approximate","Rough protection tier; Diablo power tier does not raise the Shadowdark armour category.","Base","Normal / Magic","https://www.lurkerlounge.com/diablo/jarulf/jarulf162.pdf","","D:/Code/Core_Dark/tmp/extracted_text/Player_s_Guide_to_the_Western_Reaches_V1.json","112"
"Armour","none","Diablo III","Cloth Tunic","Armour","Chest Armor","Approximate","Rough protection tier; Diablo power tier does not raise the Shadowdark armour category.","Base","Base type (white/grey/blue)","https://eu.diablo3.blizzard.com/en-gb/item/cloth-tunic-ChestArmor_001","","D:/Code/Core_Dark/tmp/extracted_text/Player_s_Guide_to_the_Western_Reaches_V1.json","112"
"Armour","none","Diablo IV","Tunic","Armour","Tunic","Approximate","Rough protection tier; Diablo power tier does not raise the Shadowdark armour category.","Base","Common","https://docs.google.com/spreadsheets/d/1IC6VCLGzocHjHTGQHj3yPSY0KOVBY97jFOFQWvMSARs/edit","Source catalogue updated 2026-07-27; base game","D:/Code/Core_Dark/tmp/extracted_text/Player_s_Guide_to_the_Western_Reaches_V1.json","112"
"Armour","plate","Diablo I","Breast Plate","Armour","Body armour","Approximate","Rough protection tier; Diablo power tier does not raise the Shadowdark armour category.","Base","Normal / Magic","https://www.lurkerlounge.com/diablo/jarulf/jarulf162.pdf","","D:/Code/Core_Dark/tmp/extracted_text/Player_s_Guide_to_the_Western_Reaches_V1.json","112"
"Armour","plate","Diablo I","Field Plate","Armour","Body armour","Approximate","Rough protection tier; Diablo power tier does not raise the Shadowdark armour category.","Base","Normal / Magic","https://www.lurkerlounge.com/diablo/jarulf/jarulf162.pdf","","D:/Code/Core_Dark/tmp/extracted_text/Player_s_Guide_to_the_Western_Reaches_V1.json","112"
"Armour","plate","Diablo I","Full Plate Mail","Armour","Body armour","Approximate","Rough protection tier; Diablo power tier does not raise the Shadowdark armour category.","Base","Normal / Magic","https://www.lurkerlounge.com/diablo/jarulf/jarulf162.pdf","","D:/Code/Core_Dark/tmp/extracted_text/Player_s_Guide_to_the_Western_Reaches_V1.json","112"
"Armour","plate","Diablo I","Gothic Plate","Armour","Body armour","Approximate","Rough protection tier; Diablo power tier does not raise the Shadowdark armour category.","Base","Normal / Magic","https://www.lurkerlounge.com/diablo/jarulf/jarulf162.pdf","","D:/Code/Core_Dark/tmp/extracted_text/Player_s_Guide_to_the_Western_Reaches_V1.json","112"
"Armour","plate","Diablo I","Plate Mail","Armour","Body armour","Approximate","Rough protection tier; Diablo power tier does not raise the Shadowdark armour category.","Base","Normal / Magic","https://www.lurkerlounge.com/diablo/jarulf/jarulf162.pdf","","D:/Code/Core_Dark/tmp/extracted_text/Player_s_Guide_to_the_Western_Reaches_V1.json","112"
"Armour","plate","Diablo II","Ancient Armor","Armour","Body armour","Approximate","Rough protection tier; Diablo power tier does not raise the Shadowdark armour category.","Normal","Normal / Magic","https://classic.battle.net/diablo2exp/items/normal/armor.shtml","","D:/Code/Core_Dark/tmp/extracted_text/Player_s_Guide_to_the_Western_Reaches_V1.json","112"
"Armour","plate","Diablo II","Archon Plate","Armour","Body armour","Approximate","Rough protection tier; Diablo power tier does not raise the Shadowdark armour category.","Elite","Normal / Magic","https://classic.battle.net/diablo2exp/items/elite/armor.shtml","","D:/Code/Core_Dark/tmp/extracted_text/Player_s_Guide_to_the_Western_Reaches_V1.json","112"
"Armour","plate","Diablo II","Breast Plate","Armour","Body armour","Approximate","Rough protection tier; Diablo power tier does not raise the Shadowdark armour category.","Normal","Normal / Magic","https://classic.battle.net/diablo2exp/items/normal/armor.shtml","","D:/Code/Core_Dark/tmp/extracted_text/Player_s_Guide_to_the_Western_Reaches_V1.json","112"
"Armour","plate","Diablo II","Chaos Armor","Armour","Body armour","Approximate","Rough protection tier; Diablo power tier does not raise the Shadowdark armour category.","Exceptional","Normal / Magic","https://classic.battle.net/diablo2exp/items/exceptional/armor.shtml","","D:/Code/Core_Dark/tmp/extracted_text/Player_s_Guide_to_the_Western_Reaches_V1.json","112"
"Armour","plate","Diablo II","Cuirass","Armour","Body armour","Approximate","Rough protection tier; Diablo power tier does not raise the Shadowdark armour category.","Exceptional","Normal / Magic","https://classic.battle.net/diablo2exp/items/exceptional/armor.shtml","","D:/Code/Core_Dark/tmp/extracted_text/Player_s_Guide_to_the_Western_Reaches_V1.json","112"
"Armour","plate","Diablo II","Embossed Plate","Armour","Body armour","Approximate","Rough protection tier; Diablo power tier does not raise the Shadowdark armour category.","Exceptional","Normal / Magic","https://classic.battle.net/diablo2exp/items/exceptional/armor.shtml","","D:/Code/Core_Dark/tmp/extracted_text/Player_s_Guide_to_the_Western_Reaches_V1.json","112"
"Armour","plate","Diablo II","Field Plate","Armour","Body armour","Approximate","Rough protection tier; Diablo power tier does not raise the Shadowdark armour category.","Normal","Normal / Magic","https://classic.battle.net/diablo2exp/items/normal/armor.shtml","","D:/Code/Core_Dark/tmp/extracted_text/Player_s_Guide_to_the_Western_Reaches_V1.json","112"
"Armour","plate","Diablo II","Full Plate Mail","Armour","Body armour","Approximate","Rough protection tier; Diablo power tier does not raise the Shadowdark armour category.","Normal","Normal / Magic","https://classic.battle.net/diablo2exp/items/normal/armor.shtml","","D:/Code/Core_Dark/tmp/extracted_text/Player_s_Guide_to_the_Western_Reaches_V1.json","112"
"Armour","plate","Diablo II","Gothic Plate","Armour","Body armour","Approximate","Rough protection tier; Diablo power tier does not raise the Shadowdark armour category.","Normal","Normal / Magic","https://classic.battle.net/diablo2exp/items/normal/armor.shtml","","D:/Code/Core_Dark/tmp/extracted_text/Player_s_Guide_to_the_Western_Reaches_V1.json","112"
"Armour","plate","Diablo II","Great Hauberk","Armour","Body armour","Approximate","Rough protection tier; Diablo power tier does not raise the Shadowdark armour category.","Elite","Normal / Magic","https://classic.battle.net/diablo2exp/items/elite/armor.shtml","","D:/Code/Core_Dark/tmp/extracted_text/Player_s_Guide_to_the_Western_Reaches_V1.json","112"
"Armour","plate","Diablo II","Hellforge Plate","Armour","Body armour","Approximate","Rough protection tier; Diablo power tier does not raise the Shadowdark armour category.","Elite","Normal / Magic","https://classic.battle.net/diablo2exp/items/elite/armor.shtml","","D:/Code/Core_Dark/tmp/extracted_text/Player_s_Guide_to_the_Western_Reaches_V1.json","112"
"Armour","plate","Diablo II","Kraken Shell","Armour","Body armour","Approximate","Rough protection tier; Diablo power tier does not raise the Shadowdark armour category.","Elite","Normal / Magic","https://classic.battle.net/diablo2exp/items/elite/armor.shtml","","D:/Code/Core_Dark/tmp/extracted_text/Player_s_Guide_to_the_Western_Reaches_V1.json","112"
"Armour","plate","Diablo II","Lacquered Plate","Armour","Body armour","Approximate","Rough protection tier; Diablo power tier does not raise the Shadowdark armour category.","Elite","Normal / Magic","https://classic.battle.net/diablo2exp/items/elite/armor.shtml","","D:/Code/Core_Dark/tmp/extracted_text/Player_s_Guide_to_the_Western_Reaches_V1.json","112"
"Armour","plate","Diablo II","Light Plate","Armour","Body armour","Approximate","Rough protection tier; Diablo power tier does not raise the Shadowdark armour category.","Normal","Normal / Magic","https://classic.battle.net/diablo2exp/items/normal/armor.shtml","","D:/Code/Core_Dark/tmp/extracted_text/Player_s_Guide_to_the_Western_Reaches_V1.json","112"
"Armour","plate","Diablo II","Mage Plate","Armour","Body armour","Approximate","Rough protection tier; Diablo power tier does not raise the Shadowdark armour category.","Exceptional","Normal / Magic","https://classic.battle.net/diablo2exp/items/exceptional/armor.shtml","","D:/Code/Core_Dark/tmp/extracted_text/Player_s_Guide_to_the_Western_Reaches_V1.json","112"
"Armour","plate","Diablo II","Ornate Plate","Armour","Body armour","Approximate","Rough protection tier; Diablo power tier does not raise the Shadowdark armour category.","Exceptional","Normal / Magic","https://classic.battle.net/diablo2exp/items/exceptional/armor.shtml","","D:/Code/Core_Dark/tmp/extracted_text/Player_s_Guide_to_the_Western_Reaches_V1.json","112"
"Armour","plate","Diablo II","Plate Mail","Armour","Body armour","Approximate","Rough protection tier; Diablo power tier does not raise the Shadowdark armour category.","Normal","Normal / Magic","https://classic.battle.net/diablo2exp/items/normal/armor.shtml","","D:/Code/Core_Dark/tmp/extracted_text/Player_s_Guide_to_the_Western_Reaches_V1.json","112"
"Armour","plate","Diablo II","Sacred Armor","Armour","Body armour","Approximate","Rough protection tier; Diablo power tier does not raise the Shadowdark armour category.","Elite","Normal / Magic","https://classic.battle.net/diablo2exp/items/elite/armor.shtml","","D:/Code/Core_Dark/tmp/extracted_text/Player_s_Guide_to_the_Western_Reaches_V1.json","112"
"Armour","plate","Diablo II","Shadow Plate","Armour","Body armour","Approximate","Rough protection tier; Diablo power tier does not raise the Shadowdark armour category.","Elite","Normal / Magic","https://classic.battle.net/diablo2exp/items/elite/armor.shtml","","D:/Code/Core_Dark/tmp/extracted_text/Player_s_Guide_to_the_Western_Reaches_V1.json","112"
"Armour","plate","Diablo II","Sharktooth Armor","Armour","Body armour","Approximate","Rough protection tier; Diablo power tier does not raise the Shadowdark armour category.","Exceptional","Normal / Magic","https://classic.battle.net/diablo2exp/items/exceptional/armor.shtml","","D:/Code/Core_Dark/tmp/extracted_text/Player_s_Guide_to_the_Western_Reaches_V1.json","112"
"Armour","plate","Diablo II","Templar Coat","Armour","Body armour","Approximate","Rough protection tier; Diablo power tier does not raise the Shadowdark armour category.","Exceptional","Normal / Magic","https://classic.battle.net/diablo2exp/items/exceptional/armor.shtml","","D:/Code/Core_Dark/tmp/extracted_text/Player_s_Guide_to_the_Western_Reaches_V1.json","112"
"Armour","plate","Diablo III","Archon Armor","Armour","Chest Armor","Approximate","Rough protection tier; Diablo power tier does not raise the Shadowdark armour category.","Base","Base type (white/grey/blue)","https://eu.diablo3.blizzard.com/en-gb/item/archon-armor-ChestArmor_206","","D:/Code/Core_Dark/tmp/extracted_text/Player_s_Guide_to_the_Western_Reaches_V1.json","112"
"Armour","plate","Diablo III","Ascended Armor","Armour","Chest Armor","Approximate","Rough protection tier; Diablo power tier does not raise the Shadowdark armour category.","Base","Base type (white/grey/blue)","https://eu.diablo3.blizzard.com/en-gb/artisan/blacksmith/recipe/sovereign-ascended-armor","Base name listed through a crafting recipe in Blizzard item guide; recipe bonuses excluded.","D:/Code/Core_Dark/tmp/extracted_text/Player_s_Guide_to_the_Western_Reaches_V1.json","112"
"Armour","plate","Diablo III","Balor Armor","Armour","Chest Armor","Approximate","Rough protection tier; Diablo power tier does not raise the Shadowdark armour category.","Base","Base type (white/grey/blue)","https://eu.diablo3.blizzard.com/en-gb/artisan/blacksmith/recipe/glorious-balor-armor","Base name listed through a crafting recipe in Blizzard item guide; recipe bonuses excluded.","D:/Code/Core_Dark/tmp/extracted_text/Player_s_Guide_to_the_Western_Reaches_V1.json","112"
"Armour","plate","Diablo III","Banded Cuirass","Armour","Chest Armor","Approximate","Rough protection tier; Diablo power tier does not raise the Shadowdark armour category.","Base","Base type (white/grey/blue)","https://eu.diablo3.blizzard.com/en-gb/artisan/blacksmith/recipe/adept-banded-cuirass","Base name listed through a crafting recipe in Blizzard item guide; recipe bonuses excluded.","D:/Code/Core_Dark/tmp/extracted_text/Player_s_Guide_to_the_Western_Reaches_V1.json","112"
"Armour","plate","Diablo III","Battle Armor","Armour","Chest Armor","Approximate","Rough protection tier; Diablo power tier does not raise the Shadowdark armour category.","Base","Base type (white/grey/blue)","https://eu.diablo3.blizzard.com/en-gb/artisan/blacksmith/recipe/magnificent-battle-armor","Base name listed through a crafting recipe in Blizzard item guide; recipe bonuses excluded.","D:/Code/Core_Dark/tmp/extracted_text/Player_s_Guide_to_the_Western_Reaches_V1.json","112"
"Armour","plate","Diablo III","Doom Armor","Armour","Chest Armor","Approximate","Rough protection tier; Diablo power tier does not raise the Shadowdark armour category.","Base","Base type (white/grey/blue)","https://eu.diablo3.blizzard.com/en-gb/item/doom-armor-ChestArmor_204","","D:/Code/Core_Dark/tmp/extracted_text/Player_s_Guide_to_the_Western_Reaches_V1.json","112"
"Armour","plate","Diablo III","Plate Mail","Armour","Chest Armor","Approximate","Rough protection tier; Diablo power tier does not raise the Shadowdark armour category.","Base","Base type (white/grey/blue)","https://eu.diablo3.blizzard.com/en-gb/artisan/blacksmith/recipe/master-plate-mail","Base name listed through a crafting recipe in Blizzard item guide; recipe bonuses excluded.","D:/Code/Core_Dark/tmp/extracted_text/Player_s_Guide_to_the_Western_Reaches_V1.json","112"
"Armour","plate","Diablo III","Rakkisgard Armor","Armour","Chest Armor","Approximate","Rough protection tier; Diablo power tier does not raise the Shadowdark armour category.","Base","Base type (white/grey/blue)","https://eu.diablo3.blizzard.com/en-gb/artisan/blacksmith/recipe/exquisite-rakkisgard-armor","Base name listed through a crafting recipe in Blizzard item guide; recipe bonuses excluded.","D:/Code/Core_Dark/tmp/extracted_text/Player_s_Guide_to_the_Western_Reaches_V1.json","112"
"Armour","plate","Diablo III","Splint Cuirass","Armour","Chest Armor","Approximate","Rough protection tier; Diablo power tier does not raise the Shadowdark armour category.","Base","Base type (white/grey/blue)","https://eu.diablo3.blizzard.com/en-gb/artisan/blacksmith/recipe/journeyman-splint-cuirass","Base name listed through a crafting recipe in Blizzard item guide; recipe bonuses excluded.","D:/Code/Core_Dark/tmp/extracted_text/Player_s_Guide_to_the_Western_Reaches_V1.json","112"
"Armour","plate","Diablo III","Warlord Plate","Armour","Chest Armor","Approximate","Rough protection tier; Diablo power tier does not raise the Shadowdark armour category.","Base","Base type (white/grey/blue)","https://eu.diablo3.blizzard.com/en-gb/item/warlord-plate-ChestArmor_203","","D:/Code/Core_Dark/tmp/extracted_text/Player_s_Guide_to_the_Western_Reaches_V1.json","112"
"Armour component","chain","Diablo III","Mail Bands","Armour","Bracers","Approximate","Rough material/coverage tier. A component alone does not grant a full suit's AC.","Base","Base type (white/grey/blue)","https://eu.diablo3.blizzard.com/en-gb/artisan/blacksmith/recipe/master-mail-bands","Base name listed through a crafting recipe in Blizzard item guide; recipe bonuses excluded.","D:/Code/Core_Dark/tmp/extracted_text/Player_s_Guide_to_the_Western_Reaches_V1.json","112"
"Armour component","chain","Diablo III","Chain Hood","Helms","Helm","Approximate","Rough material/coverage tier. A component alone does not grant a full suit's AC.","Base","Base type (white/grey/blue)","https://eu.diablo3.blizzard.com/en-gb/artisan/blacksmith/recipe/journeyman-chain-hood","Base name listed through a crafting recipe in Blizzard item guide; recipe bonuses excluded.","D:/Code/Core_Dark/tmp/extracted_text/Player_s_Guide_to_the_Western_Reaches_V1.json","112"
"Armour component","chain","Diablo III","Coif","Helms","Helm","Approximate","Rough material/coverage tier. A component alone does not grant a full suit's AC.","Base","Base type (white/grey/blue)","https://eu.diablo3.blizzard.com/en-gb/artisan/blacksmith/recipe/apprentice-coif","Base name listed through a crafting recipe in Blizzard item guide; recipe bonuses excluded.","D:/Code/Core_Dark/tmp/extracted_text/Player_s_Guide_to_the_Western_Reaches_V1.json","112"
"Armour component","chain","Diablo III","Boneweave Faulds","Armour","Pants","Approximate","Rough material/coverage tier. A component alone does not grant a full suit's AC.","Base","Base type (white/grey/blue)","https://eu.diablo3.blizzard.com/en-gb/artisan/blacksmith/recipe/resplendent-boneweave-faulds","Base name listed through a crafting recipe in Blizzard item guide; recipe bonuses excluded.","D:/Code/Core_Dark/tmp/extracted_text/Player_s_Guide_to_the_Western_Reaches_V1.json","112"
"Armour component","chain","Diablo III","Chain Leggings","Armour","Pants","Approximate","Rough material/coverage tier. A component alone does not grant a full suit's AC.","Base","Base type (white/grey/blue)","https://eu.diablo3.blizzard.com/en-gb/artisan/blacksmith/recipe/apprentice-chain-leggings","Base name listed through a crafting recipe in Blizzard item guide; recipe bonuses excluded.","D:/Code/Core_Dark/tmp/extracted_text/Player_s_Guide_to_the_Western_Reaches_V1.json","112"
"Armour component","chain","Diablo III","Chausses","Armour","Pants","Approximate","Rough material/coverage tier. A component alone does not grant a full suit's AC.","Base","Base type (white/grey/blue)","https://eu.diablo3.blizzard.com/en-gb/artisan/blacksmith/recipe/illustrious-chausses","Base name listed through a crafting recipe in Blizzard item guide; recipe bonuses excluded.","D:/Code/Core_Dark/tmp/extracted_text/Player_s_Guide_to_the_Western_Reaches_V1.json","112"
"Armour component","leather","Diablo I","Cap","Helms","Helm","Approximate","Rough material/coverage tier. A component alone does not grant a full suit's AC.","Base","Normal / Magic","https://www.lurkerlounge.com/diablo/jarulf/jarulf162.pdf","","D:/Code/Core_Dark/tmp/extracted_text/Player_s_Guide_to_the_Western_Reaches_V1.json","112"
"Armour component","leather","Diablo I","Skull Cap","Helms","Helm","Approximate","Rough material/coverage tier. A component alone does not grant a full suit's AC.","Base","Normal / Magic","https://www.lurkerlounge.com/diablo/jarulf/jarulf162.pdf","","D:/Code/Core_Dark/tmp/extracted_text/Player_s_Guide_to_the_Western_Reaches_V1.json","112"
"Armour component","leather","Diablo II","Alpha Helm","Helms","Druid pelt","Approximate","Rough material/coverage tier. A component alone does not grant a full suit's AC.","Exceptional","Normal / Magic","https://classic.battle.net/diablo2exp/items/exceptional/druidpelts.shtml","","D:/Code/Core_Dark/tmp/extracted_text/Player_s_Guide_to_the_Western_Reaches_V1.json","112"
"Armour component","leather","Diablo II","Antlers","Helms","Druid pelt","Approximate","Rough material/coverage tier. A component alone does not grant a full suit's AC.","Normal","Normal / Magic","https://classic.battle.net/diablo2exp/items/normal/druidpelts.shtml","","D:/Code/Core_Dark/tmp/extracted_text/Player_s_Guide_to_the_Western_Reaches_V1.json","112"
"Armour component","leather","Diablo II","Blood Spirit","Helms","Druid pelt","Approximate","Rough material/coverage tier. A component alone does not grant a full suit's AC.","Elite","Normal / Magic","https://classic.battle.net/diablo2exp/items/elite/druidpelts.shtml","","D:/Code/Core_Dark/tmp/extracted_text/Player_s_Guide_to_the_Western_Reaches_V1.json","112"
"Armour component","leather","Diablo II","Dream Spirit","Helms","Druid pelt","Approximate","Rough material/coverage tier. A component alone does not grant a full suit's AC.","Elite","Normal / Magic","https://classic.battle.net/diablo2exp/items/elite/druidpelts.shtml","","D:/Code/Core_Dark/tmp/extracted_text/Player_s_Guide_to_the_Western_Reaches_V1.json","112"
"Armour component","leather","Diablo II","Earth Spirit","Helms","Druid pelt","Approximate","Rough material/coverage tier. A component alone does not grant a full suit's AC.","Elite","Normal / Magic","https://classic.battle.net/diablo2exp/items/elite/druidpelts.shtml","","D:/Code/Core_Dark/tmp/extracted_text/Player_s_Guide_to_the_Western_Reaches_V1.json","112"
"Armour component","leather","Diablo II","Falcon Mask","Helms","Druid pelt","Approximate","Rough material/coverage tier. A component alone does not grant a full suit's AC.","Normal","Normal / Magic","https://classic.battle.net/diablo2exp/items/normal/druidpelts.shtml","","D:/Code/Core_Dark/tmp/extracted_text/Player_s_Guide_to_the_Western_Reaches_V1.json","112"
"Armour component","leather","Diablo II","Griffon Headdress","Helms","Druid pelt","Approximate","Rough material/coverage tier. A component alone does not grant a full suit's AC.","Exceptional","Normal / Magic","https://classic.battle.net/diablo2exp/items/exceptional/druidpelts.shtml","","D:/Code/Core_Dark/tmp/extracted_text/Player_s_Guide_to_the_Western_Reaches_V1.json","112"
"Armour component","leather","Diablo II","Hawk Helm","Helms","Druid pelt","Approximate","Rough material/coverage tier. A component alone does not grant a full suit's AC.","Normal","Normal / Magic","https://classic.battle.net/diablo2exp/items/normal/druidpelts.shtml","","D:/Code/Core_Dark/tmp/extracted_text/Player_s_Guide_to_the_Western_Reaches_V1.json","112"
"Armour component","leather","Diablo II","Hunter's Guise","Helms","Druid pelt","Approximate","Rough material/coverage tier. A component alone does not grant a full suit's AC.","Exceptional","Normal / Magic","https://classic.battle.net/diablo2exp/items/exceptional/druidpelts.shtml","","D:/Code/Core_Dark/tmp/extracted_text/Player_s_Guide_to_the_Western_Reaches_V1.json","112"
"Armour component","leather","Diablo II","Sacred Feathers","Helms","Druid pelt","Approximate","Rough material/coverage tier. A component alone does not grant a full suit's AC.","Exceptional","Normal / Magic","https://classic.battle.net/diablo2exp/items/exceptional/druidpelts.shtml","","D:/Code/Core_Dark/tmp/extracted_text/Player_s_Guide_to_the_Western_Reaches_V1.json","112"
"Armour component","leather","Diablo II","Sky Spirit","Helms","Druid pelt","Approximate","Rough material/coverage tier. A component alone does not grant a full suit's AC.","Elite","Normal / Magic","https://classic.battle.net/diablo2exp/items/elite/druidpelts.shtml","","D:/Code/Core_Dark/tmp/extracted_text/Player_s_Guide_to_the_Western_Reaches_V1.json","112"
"Armour component","leather","Diablo II","Spirit Mask","Helms","Druid pelt","Approximate","Rough material/coverage tier. A component alone does not grant a full suit's AC.","Normal","Normal / Magic","https://classic.battle.net/diablo2exp/items/normal/druidpelts.shtml","","D:/Code/Core_Dark/tmp/extracted_text/Player_s_Guide_to_the_Western_Reaches_V1.json","112"
"Armour component","leather","Diablo II","Sun Spirit","Helms","Druid pelt","Approximate","Rough material/coverage tier. A component alone does not grant a full suit's AC.","Elite","Normal / Magic","https://classic.battle.net/diablo2exp/items/elite/druidpelts.shtml","","D:/Code/Core_Dark/tmp/extracted_text/Player_s_Guide_to_the_Western_Reaches_V1.json","112"
"Armour component","leather","Diablo II","Totemic Mask","Helms","Druid pelt","Approximate","Rough material/coverage tier. A component alone does not grant a full suit's AC.","Exceptional","Normal / Magic","https://classic.battle.net/diablo2exp/items/exceptional/druidpelts.shtml","","D:/Code/Core_Dark/tmp/extracted_text/Player_s_Guide_to_the_Western_Reaches_V1.json","112"
"Armour component","leather","Diablo II","Wolf Head","Helms","Druid pelt","Approximate","Rough material/coverage tier. A component alone does not grant a full suit's AC.","Normal","Normal / Magic","https://classic.battle.net/diablo2exp/items/normal/druidpelts.shtml","","D:/Code/Core_Dark/tmp/extracted_text/Player_s_Guide_to_the_Western_Reaches_V1.json","112"
"Armour component","leather","Diablo II","Bone Helm","Helms","Helm","Approximate","Rough material/coverage tier. A component alone does not grant a full suit's AC.","Normal","Normal / Magic","https://classic.battle.net/diablo2exp/items/normal/helms.shtml","","D:/Code/Core_Dark/tmp/extracted_text/Player_s_Guide_to_the_Western_Reaches_V1.json","112"
"Armour component","leather","Diablo II","Bone Visage","Helms","Helm","Approximate","Rough material/coverage tier. A component alone does not grant a full suit's AC.","Elite","Normal / Magic","https://classic.battle.net/diablo2exp/items/elite/helms.shtml","","D:/Code/Core_Dark/tmp/extracted_text/Player_s_Guide_to_the_Western_Reaches_V1.json","112"
"Armour component","leather","Diablo II","Cap","Helms","Helm","Approximate","Rough material/coverage tier. A component alone does not grant a full suit's AC.","Normal","Normal / Magic","https://classic.battle.net/diablo2exp/items/normal/helms.shtml","","D:/Code/Core_Dark/tmp/extracted_text/Player_s_Guide_to_the_Western_Reaches_V1.json","112"
"Armour component","leather","Diablo II","Death Mask","Helms","Helm","Approximate","Rough material/coverage tier. A component alone does not grant a full suit's AC.","Exceptional","Normal / Magic","https://classic.battle.net/diablo2exp/items/exceptional/helms.shtml","","D:/Code/Core_Dark/tmp/extracted_text/Player_s_Guide_to_the_Western_Reaches_V1.json","112"
"Armour component","leather","Diablo II","Demonhead","Helms","Helm","Approximate","Rough material/coverage tier. A component alone does not grant a full suit's AC.","Elite","Normal / Magic","https://classic.battle.net/diablo2exp/items/elite/helms.shtml","","D:/Code/Core_Dark/tmp/extracted_text/Player_s_Guide_to_the_Western_Reaches_V1.json","112"
"Armour component","leather","Diablo II","Grim Helm","Helms","Helm","Approximate","Rough material/coverage tier. A component alone does not grant a full suit's AC.","Exceptional","Normal / Magic","https://classic.battle.net/diablo2exp/items/exceptional/helms.shtml","","D:/Code/Core_Dark/tmp/extracted_text/Player_s_Guide_to_the_Western_Reaches_V1.json","112"
"Armour component","leather","Diablo II","Mask","Helms","Helm","Approximate","Rough material/coverage tier. A component alone does not grant a full suit's AC.","Normal","Normal / Magic","https://classic.battle.net/diablo2exp/items/normal/helms.shtml","","D:/Code/Core_Dark/tmp/extracted_text/Player_s_Guide_to_the_Western_Reaches_V1.json","112"
"Armour component","leather","Diablo II","Shako","Helms","Helm","Approximate","Rough material/coverage tier. A component alone does not grant a full suit's AC.","Elite","Normal / Magic","https://classic.battle.net/diablo2exp/items/elite/helms.shtml","","D:/Code/Core_Dark/tmp/extracted_text/Player_s_Guide_to_the_Western_Reaches_V1.json","112"
"Armour component","leather","Diablo II","Skull Cap","Helms","Helm","Approximate","Rough material/coverage tier. A component alone does not grant a full suit's AC.","Normal","Normal / Magic","https://classic.battle.net/diablo2exp/items/normal/helms.shtml","","D:/Code/Core_Dark/tmp/extracted_text/Player_s_Guide_to_the_Western_Reaches_V1.json","112"
"Armour component","leather","Diablo II","War Hat","Helms","Helm","Approximate","Rough material/coverage tier. A component alone does not grant a full suit's AC.","Exceptional","Normal / Magic","https://classic.battle.net/diablo2exp/items/exceptional/helms.shtml","","D:/Code/Core_Dark/tmp/extracted_text/Player_s_Guide_to_the_Western_Reaches_V1.json","112"
"Armour component","leather","Diablo III","Armbands","Armour","Bracers","Approximate","Rough material/coverage tier. A component alone does not grant a full suit's AC.","Base","Base type (white/grey/blue)","https://eu.diablo3.blizzard.com/en-gb/item/armbands-Bracers_202","","D:/Code/Core_Dark/tmp/extracted_text/Player_s_Guide_to_the_Western_Reaches_V1.json","112"
"Armour component","leather","Diablo III","Armguards","Armour","Bracers","Approximate","Rough material/coverage tier. A component alone does not grant a full suit's AC.","Base","Base type (white/grey/blue)","https://eu.diablo3.blizzard.com/en-gb/item/armguards-Bracers_204","","D:/Code/Core_Dark/tmp/extracted_text/Player_s_Guide_to_the_Western_Reaches_V1.json","112"
"Armour component","leather","Diablo III","Bracers","Armour","Bracers","Approximate","Rough material/coverage tier. A component alone does not grant a full suit's AC.","Base","Base type (white/grey/blue)","https://eu.diablo3.blizzard.com/en-gb/item/bracers-Bracers_001","","D:/Code/Core_Dark/tmp/extracted_text/Player_s_Guide_to_the_Western_Reaches_V1.json","112"
"Armour component","leather","Diablo III","Leather Cuffs","Armour","Bracers","Approximate","Rough material/coverage tier. A component alone does not grant a full suit's AC.","Base","Base type (white/grey/blue)","https://eu.diablo3.blizzard.com/en-gb/item/leather-cuffs-Bracers_002","","D:/Code/Core_Dark/tmp/extracted_text/Player_s_Guide_to_the_Western_Reaches_V1.json","112"
"Armour component","leather","Diablo III","Stabilizers","Armour","Bracers","Approximate","Rough material/coverage tier. A component alone does not grant a full suit's AC.","Base","Base type (white/grey/blue)","https://eu.diablo3.blizzard.com/en-gb/artisan/blacksmith/recipe/illustrious-stabilizers","Base name listed through a crafting recipe in Blizzard item guide; recipe bonuses excluded.","D:/Code/Core_Dark/tmp/extracted_text/Player_s_Guide_to_the_Western_Reaches_V1.json","112"
"Armour component","leather","Diablo III","Warbands","Armour","Bracers","Approximate","Rough material/coverage tier. A component alone does not grant a full suit's AC.","Base","Base type (white/grey/blue)","https://eu.diablo3.blizzard.com/en-gb/item/warbands-Bracers_203","","D:/Code/Core_Dark/tmp/extracted_text/Player_s_Guide_to_the_Western_Reaches_V1.json","112"
"Armour component","leather","Diablo III","Wristbands","Armour","Bracers","Approximate","Rough material/coverage tier. A component alone does not grant a full suit's AC.","Base","Base type (white/grey/blue)","https://eu.diablo3.blizzard.com/en-gb/item/wristbands-Bracers_102","","D:/Code/Core_Dark/tmp/extracted_text/Player_s_Guide_to_the_Western_Reaches_V1.json","112"
"Armour component","leather","Diablo III","Wristguards","Armour","Bracers","Approximate","Rough material/coverage tier. A component alone does not grant a full suit's AC.","Base","Base type (white/grey/blue)","https://eu.diablo3.blizzard.com/en-gb/artisan/blacksmith/recipe/magnificent-wristguards","Base name listed through a crafting recipe in Blizzard item guide; recipe bonuses excluded.","D:/Code/Core_Dark/tmp/extracted_text/Player_s_Guide_to_the_Western_Reaches_V1.json","112"
"Armour component","leather","Diablo III","Arming Cap","Helms","Helm","Approximate","Rough material/coverage tier. A component alone does not grant a full suit's AC.","Base","Base type (white/grey/blue)","https://eu.diablo3.blizzard.com/en-gb/artisan/blacksmith/recipe/apprentice-arming-cap","Base name listed through a crafting recipe in Blizzard item guide; recipe bonuses excluded.","D:/Code/Core_Dark/tmp/extracted_text/Player_s_Guide_to_the_Western_Reaches_V1.json","112"
"Armour component","leather","Diablo III","Hellscape Mask","Helms","Helm","Approximate","Rough material/coverage tier. A component alone does not grant a full suit's AC.","Base","Base type (white/grey/blue)","https://eu.diablo3.blizzard.com/en-gb/item/hellscape-mask-Helm_204","","D:/Code/Core_Dark/tmp/extracted_text/Player_s_Guide_to_the_Western_Reaches_V1.json","112"
"Armour component","leather","Diablo III","Leather Hood","Helms","Helm","Approximate","Rough material/coverage tier. A component alone does not grant a full suit's AC.","Base","Base type (white/grey/blue)","https://eu.diablo3.blizzard.com/en-gb/item/leather-hood-Helm_002","","D:/Code/Core_Dark/tmp/extracted_text/Player_s_Guide_to_the_Western_Reaches_V1.json","112"
"Armour component","leather","Diablo III","Etched Pants","Armour","Pants","Approximate","Rough material/coverage tier. A component alone does not grant a full suit's AC.","Base","Base type (white/grey/blue)","https://eu.diablo3.blizzard.com/en-gb/artisan/blacksmith/recipe/grand-master-etched-pants","Base name listed through a crafting recipe in Blizzard item guide; recipe bonuses excluded.","D:/Code/Core_Dark/tmp/extracted_text/Player_s_Guide_to_the_Western_Reaches_V1.json","112"
"Armour component","leather","Diablo III","Hide Breeches","Armour","Pants","Approximate","Rough material/coverage tier. A component alone does not grant a full suit's AC.","Base","Base type (white/grey/blue)","https://eu.diablo3.blizzard.com/en-gb/artisan/blacksmith/recipe/apprentice-hide-breeches","Base name listed through a crafting recipe in Blizzard item guide; recipe bonuses excluded.","D:/Code/Core_Dark/tmp/extracted_text/Player_s_Guide_to_the_Western_Reaches_V1.json","112"
"Armour component","leather","Diablo III","Leather Pants","Armour","Pants","Approximate","Rough material/coverage tier. A component alone does not grant a full suit's AC.","Base","Base type (white/grey/blue)","https://eu.diablo3.blizzard.com/en-gb/item/leather-pants-Pants_002","","D:/Code/Core_Dark/tmp/extracted_text/Player_s_Guide_to_the_Western_Reaches_V1.json","112"
"Armour component","leather","Diablo III","Rough Hide Leggings","Armour","Pants","Approximate","Rough material/coverage tier. A component alone does not grant a full suit's AC.","Base","Base type (white/grey/blue)","https://eu.diablo3.blizzard.com/en-gb/artisan/blacksmith/recipe/apprentice-rough-hide-leggings","Base name listed through a crafting recipe in Blizzard item guide; recipe bonuses excluded.","D:/Code/Core_Dark/tmp/extracted_text/Player_s_Guide_to_the_Western_Reaches_V1.json","112"
"Armour component","leather","Diablo III","Ailettes","Armour","Shoulders","Approximate","Rough material/coverage tier. A component alone does not grant a full suit's AC.","Base","Base type (white/grey/blue)","https://eu.diablo3.blizzard.com/en-gb/item/ailettes-Shoulders_102","","D:/Code/Core_Dark/tmp/extracted_text/Player_s_Guide_to_the_Western_Reaches_V1.json","112"
"Armour component","leather","Diablo III","Epaulets","Armour","Shoulders","Approximate","Rough material/coverage tier. A component alone does not grant a full suit's AC.","Base","Base type (white/grey/blue)","https://eu.diablo3.blizzard.com/en-gb/artisan/blacksmith/recipe/resplendent-epaulets","Base name listed through a crafting recipe in Blizzard item guide; recipe bonuses excluded.","D:/Code/Core_Dark/tmp/extracted_text/Player_s_Guide_to_the_Western_Reaches_V1.json","112"
"Armour component","leather","Diablo III","Espaliers","Armour","Shoulders","Approximate","Rough material/coverage tier. A component alone does not grant a full suit's AC.","Base","Base type (white/grey/blue)","https://eu.diablo3.blizzard.com/en-gb/item/espaliers-Shoulders_202","","D:/Code/Core_Dark/tmp/extracted_text/Player_s_Guide_to_the_Western_Reaches_V1.json","112"
"Armour component","leather","Diablo III","Etched Mantle","Armour","Shoulders","Approximate","Rough material/coverage tier. A component alone does not grant a full suit's AC.","Base","Base type (white/grey/blue)","https://eu.diablo3.blizzard.com/en-gb/artisan/blacksmith/recipe/grand-master-etched-mantle","Base name listed through a crafting recipe in Blizzard item guide; recipe bonuses excluded.","D:/Code/Core_Dark/tmp/extracted_text/Player_s_Guide_to_the_Western_Reaches_V1.json","112"
"Armour component","leather","Diablo III","Leather Mantle","Armour","Shoulders","Approximate","Rough material/coverage tier. A component alone does not grant a full suit's AC.","Base","Base type (white/grey/blue)","https://eu.diablo3.blizzard.com/en-gb/item/leather-mantle-Shoulders_002","","D:/Code/Core_Dark/tmp/extracted_text/Player_s_Guide_to_the_Western_Reaches_V1.json","112"
"Armour component","leather","Diablo III","Shoulder Guards","Armour","Shoulders","Approximate","Rough material/coverage tier. A component alone does not grant a full suit's AC.","Base","Base type (white/grey/blue)","https://eu.diablo3.blizzard.com/en-gb/item/shoulder-guards-Shoulders_003","","D:/Code/Core_Dark/tmp/extracted_text/Player_s_Guide_to_the_Western_Reaches_V1.json","112"
"Armour component","leather","Diablo III","Sode","Armour","Shoulders","Approximate","Rough material/coverage tier. A component alone does not grant a full suit's AC.","Base","Base type (white/grey/blue)","https://eu.diablo3.blizzard.com/en-gb/artisan/blacksmith/recipe/magnificent-sode","Base name listed through a crafting recipe in Blizzard item guide; recipe bonuses excluded.","D:/Code/Core_Dark/tmp/extracted_text/Player_s_Guide_to_the_Western_Reaches_V1.json","112"
"Armour component","leather","Diablo III","Ascended Mask","Helms","Voodoo Mask","Approximate","Rough material/coverage tier. A component alone does not grant a full suit's AC.","Base","Base type (white/grey/blue)","https://eu.diablo3.blizzard.com/en-gb/artisan/blacksmith/recipe/sovereign-ascended-mask","Base name listed through a crafting recipe in Blizzard item guide; recipe bonuses excluded.","D:/Code/Core_Dark/tmp/extracted_text/Player_s_Guide_to_the_Western_Reaches_V1.json","112"
"Armour component","leather","Diablo III","Burial Mask","Helms","Voodoo Mask","Approximate","Rough material/coverage tier. A component alone does not grant a full suit's AC.","Base","Base type (white/grey/blue)","https://eu.diablo3.blizzard.com/en-gb/item/burial-mask-VoodooMask_102","","D:/Code/Core_Dark/tmp/extracted_text/Player_s_Guide_to_the_Western_Reaches_V1.json","112"
"Armour component","leather","Diablo III","Chieftain Mask","Helms","Voodoo Mask","Approximate","Rough material/coverage tier. A component alone does not grant a full suit's AC.","Base","Base type (white/grey/blue)","https://eu.diablo3.blizzard.com/en-gb/item/chieftain-mask-VoodooMask_003","","D:/Code/Core_Dark/tmp/extracted_text/Player_s_Guide_to_the_Western_Reaches_V1.json","112"
"Armour component","leather","Diablo III","Deva","Helms","Voodoo Mask","Approximate","Rough material/coverage tier. A component alone does not grant a full suit's AC.","Base","Base type (white/grey/blue)","https://eu.diablo3.blizzard.com/en-gb/item/deva-VoodooMask_204","","D:/Code/Core_Dark/tmp/extracted_text/Player_s_Guide_to_the_Western_Reaches_V1.json","112"
"Armour component","leather","Diablo III","Manitou Mask","Helms","Voodoo Mask","Approximate","Rough material/coverage tier. A component alone does not grant a full suit's AC.","Base","Base type (white/grey/blue)","https://eu.diablo3.blizzard.com/en-gb/item/manitou-mask-VoodooMask_203","","D:/Code/Core_Dark/tmp/extracted_text/Player_s_Guide_to_the_Western_Reaches_V1.json","112"
"Armour component","leather","Diablo III","Naga Mask","Helms","Voodoo Mask","Approximate","Rough material/coverage tier. A component alone does not grant a full suit's AC.","Base","Base type (white/grey/blue)","https://eu.diablo3.blizzard.com/en-gb/item/naga-mask-VoodooMask_103","","D:/Code/Core_Dark/tmp/extracted_text/Player_s_Guide_to_the_Western_Reaches_V1.json","112"
"Armour component","leather","Diablo III","Screaming Mask","Helms","Voodoo Mask","Approximate","Rough material/coverage tier. A component alone does not grant a full suit's AC.","Base","Base type (white/grey/blue)","https://eu.diablo3.blizzard.com/en-gb/item/screaming-mask-VoodooMask_201","","D:/Code/Core_Dark/tmp/extracted_text/Player_s_Guide_to_the_Western_Reaches_V1.json","112"
"Armour component","leather","Diablo III","Shaman Mask","Helms","Voodoo Mask","Approximate","Rough material/coverage tier. A component alone does not grant a full suit's AC.","Base","Base type (white/grey/blue)","https://eu.diablo3.blizzard.com/en-gb/item/shaman-mask-VoodooMask_002","","D:/Code/Core_Dark/tmp/extracted_text/Player_s_Guide_to_the_Western_Reaches_V1.json","112"
"Armour component","leather","Diablo III","Spirit Mask","Helms","Voodoo Mask","Approximate","Rough material/coverage tier. A component alone does not grant a full suit's AC.","Base","Base type (white/grey/blue)","https://eu.diablo3.blizzard.com/en-gb/item/spirit-mask-VoodooMask_004","","D:/Code/Core_Dark/tmp/extracted_text/Player_s_Guide_to_the_Western_Reaches_V1.json","112"
"Armour component","leather","Diablo III","Totemic Mask","Helms","Voodoo Mask","Approximate","Rough material/coverage tier. A component alone does not grant a full suit's AC.","Base","Base type (white/grey/blue)","https://eu.diablo3.blizzard.com/en-gb/item/totemic-mask-VoodooMask_004a","","D:/Code/Core_Dark/tmp/extracted_text/Player_s_Guide_to_the_Western_Reaches_V1.json","112"
"Armour component","leather","Diablo III","Tribal Mask","Helms","Voodoo Mask","Approximate","Rough material/coverage tier. A component alone does not grant a full suit's AC.","Base","Base type (white/grey/blue)","https://eu.diablo3.blizzard.com/en-gb/item/tribal-mask-VoodooMask_001","","D:/Code/Core_Dark/tmp/extracted_text/Player_s_Guide_to_the_Western_Reaches_V1.json","112"
"Armour component","leather","Diablo III","Umbra Mask","Helms","Voodoo Mask","Approximate","Rough material/coverage tier. A component alone does not grant a full suit's AC.","Base","Base type (white/grey/blue)","https://eu.diablo3.blizzard.com/en-gb/item/umbra-mask-VoodooMask_104","","D:/Code/Core_Dark/tmp/extracted_text/Player_s_Guide_to_the_Western_Reaches_V1.json","112"
"Armour component","leather","Diablo III","Underworld Mask","Helms","Voodoo Mask","Approximate","Rough material/coverage tier. A component alone does not grant a full suit's AC.","Base","Base type (white/grey/blue)","https://eu.diablo3.blizzard.com/en-gb/item/underworld-mask-VoodooMask_202","","D:/Code/Core_Dark/tmp/extracted_text/Player_s_Guide_to_the_Western_Reaches_V1.json","112"
"Armour component","leather","Diablo III","Woodwraith Bark","Helms","Voodoo Mask","Approximate","Rough material/coverage tier. A component alone does not grant a full suit's AC.","Base","Base type (white/grey/blue)","https://eu.diablo3.blizzard.com/en-gb/item/woodwraith-bark-VoodooMask_101","","D:/Code/Core_Dark/tmp/extracted_text/Player_s_Guide_to_the_Western_Reaches_V1.json","112"
"Armour component","leather","Diablo IV","Drifter's Helm","Helms","Helm","Approximate","Rough material/coverage tier. A component alone does not grant a full suit's AC.","Base","Magic","https://docs.google.com/spreadsheets/d/1IC6VCLGzocHjHTGQHj3yPSY0KOVBY97jFOFQWvMSARs/edit","Source catalogue updated 2026-07-27; base game","D:/Code/Core_Dark/tmp/extracted_text/Player_s_Guide_to_the_Western_Reaches_V1.json","112"
"Armour component","leather","Diablo IV","Drifter's Pants","Armour","Pants","Approximate","Rough material/coverage tier. A component alone does not grant a full suit's AC.","Base","Magic","https://docs.google.com/spreadsheets/d/1IC6VCLGzocHjHTGQHj3yPSY0KOVBY97jFOFQWvMSARs/edit","Source catalogue updated 2026-07-27; base game","D:/Code/Core_Dark/tmp/extracted_text/Player_s_Guide_to_the_Western_Reaches_V1.json","112"
"Armour component","leather","Diablo IV","Hide Pants","Armour","Pants","Approximate","Rough material/coverage tier. A component alone does not grant a full suit's AC.","Base","Common","https://docs.google.com/spreadsheets/d/1IC6VCLGzocHjHTGQHj3yPSY0KOVBY97jFOFQWvMSARs/edit","Source catalogue updated 2026-07-27; base game","D:/Code/Core_Dark/tmp/extracted_text/Player_s_Guide_to_the_Western_Reaches_V1.json","112"
"Armour component","leather","Diablo IV","Strider's Leggings","Armour","Pants","Approximate","Rough material/coverage tier. A component alone does not grant a full suit's AC.","Base","Common / Magic","https://docs.google.com/spreadsheets/d/1IC6VCLGzocHjHTGQHj3yPSY0KOVBY97jFOFQWvMSARs/edit","Source catalogue updated 2026-07-27; base game","D:/Code/Core_Dark/tmp/extracted_text/Player_s_Guide_to_the_Western_Reaches_V1.json","112"
"Armour component","none","Diablo I","Crown","Helms","Helm","Approximate","Rough material/coverage tier. A component alone does not grant a full suit's AC.","Base","Normal / Magic","https://www.lurkerlounge.com/diablo/jarulf/jarulf162.pdf","","D:/Code/Core_Dark/tmp/extracted_text/Player_s_Guide_to_the_Western_Reaches_V1.json","112"
"Armour component","none","Diablo II","Circlet","Helms","Circlet","Approximate","Rough material/coverage tier. A component alone does not grant a full suit's AC.","Normal","Normal / Magic","https://classic.battle.net/diablo2exp/items/circlets.shtml","","D:/Code/Core_Dark/tmp/extracted_text/Player_s_Guide_to_the_Western_Reaches_V1.json","112"
"Armour component","none","Diablo II","Coronet","Helms","Circlet","Approximate","Rough material/coverage tier. A component alone does not grant a full suit's AC.","Normal","Normal / Magic","https://classic.battle.net/diablo2exp/items/circlets.shtml","","D:/Code/Core_Dark/tmp/extracted_text/Player_s_Guide_to_the_Western_Reaches_V1.json","112"
"Armour component","none","Diablo II","Diadem","Helms","Circlet","Approximate","Rough material/coverage tier. A component alone does not grant a full suit's AC.","Elite","Normal / Magic","https://classic.battle.net/diablo2exp/items/circlets.shtml","","D:/Code/Core_Dark/tmp/extracted_text/Player_s_Guide_to_the_Western_Reaches_V1.json","112"
"Armour component","none","Diablo II","Tiara","Helms","Circlet","Approximate","Rough material/coverage tier. A component alone does not grant a full suit's AC.","Exceptional","Normal / Magic","https://classic.battle.net/diablo2exp/items/circlets.shtml","","D:/Code/Core_Dark/tmp/extracted_text/Player_s_Guide_to_the_Western_Reaches_V1.json","112"
"Armour component","none","Diablo II","Corona","Helms","Helm","Approximate","Rough material/coverage tier. A component alone does not grant a full suit's AC.","Elite","Normal / Magic","https://classic.battle.net/diablo2exp/items/elite/helms.shtml","","D:/Code/Core_Dark/tmp/extracted_text/Player_s_Guide_to_the_Western_Reaches_V1.json","112"
"Armour component","none","Diablo II","Crown","Helms","Helm","Approximate","Rough material/coverage tier. A component alone does not grant a full suit's AC.","Normal","Normal / Magic","https://classic.battle.net/diablo2exp/items/normal/helms.shtml","","D:/Code/Core_Dark/tmp/extracted_text/Player_s_Guide_to_the_Western_Reaches_V1.json","112"
"Armour component","none","Diablo II","Grand Crown","Helms","Helm","Approximate","Rough material/coverage tier. A component alone does not grant a full suit's AC.","Exceptional","Normal / Magic","https://classic.battle.net/diablo2exp/items/exceptional/helms.shtml","","D:/Code/Core_Dark/tmp/extracted_text/Player_s_Guide_to_the_Western_Reaches_V1.json","112"
"Armour component","none","Diablo III","Armwraps","Armour","Bracers","Approximate","Rough material/coverage tier. A component alone does not grant a full suit's AC.","Base","Base type (white/grey/blue)","https://eu.diablo3.blizzard.com/en-gb/artisan/blacksmith/recipe/glorious-armwraps","Base name listed through a crafting recipe in Blizzard item guide; recipe bonuses excluded.","D:/Code/Core_Dark/tmp/extracted_text/Player_s_Guide_to_the_Western_Reaches_V1.json","112"
"Armour component","none","Diablo III","Bindings","Armour","Bracers","Approximate","Rough material/coverage tier. A component alone does not grant a full suit's AC.","Base","Base type (white/grey/blue)","https://eu.diablo3.blizzard.com/en-gb/item/bindings-Bracers_003","","D:/Code/Core_Dark/tmp/extracted_text/Player_s_Guide_to_the_Western_Reaches_V1.json","112"
"Armour component","none","Diablo III","Bracelets","Armour","Bracers","Approximate","Rough material/coverage tier. A component alone does not grant a full suit's AC.","Base","Base type (white/grey/blue)","https://eu.diablo3.blizzard.com/en-gb/artisan/blacksmith/recipe/adept-bracelets","Base name listed through a crafting recipe in Blizzard item guide; recipe bonuses excluded.","D:/Code/Core_Dark/tmp/extracted_text/Player_s_Guide_to_the_Western_Reaches_V1.json","112"
"Armour component","none","Diablo III","Wristwraps","Armour","Bracers","Approximate","Rough material/coverage tier. A component alone does not grant a full suit's AC.","Base","Base type (white/grey/blue)","https://eu.diablo3.blizzard.com/en-gb/artisan/blacksmith/recipe/grand-master-wristwraps","Base name listed through a crafting recipe in Blizzard item guide; recipe bonuses excluded.","D:/Code/Core_Dark/tmp/extracted_text/Player_s_Guide_to_the_Western_Reaches_V1.json","112"
"Armour component","none","Diablo III","Crown","Helms","Helm","Approximate","Rough material/coverage tier. A component alone does not grant a full suit's AC.","Base","Base type (white/grey/blue)","https://eu.diablo3.blizzard.com/en-gb/artisan/blacksmith/recipe/grand-master-crown","Base name listed through a crafting recipe in Blizzard item guide; recipe bonuses excluded.","D:/Code/Core_Dark/tmp/extracted_text/Player_s_Guide_to_the_Western_Reaches_V1.json","112"
"Armour component","none","Diablo III","Cloth Pants","Armour","Pants","Approximate","Rough material/coverage tier. A component alone does not grant a full suit's AC.","Base","Base type (white/grey/blue)","https://eu.diablo3.blizzard.com/en-gb/item/cloth-pants-Pants_001","","D:/Code/Core_Dark/tmp/extracted_text/Player_s_Guide_to_the_Western_Reaches_V1.json","112"
"Armour component","none","Diablo III","Legwraps","Armour","Pants","Approximate","Rough material/coverage tier. A component alone does not grant a full suit's AC.","Base","Base type (white/grey/blue)","https://eu.diablo3.blizzard.com/en-gb/artisan/blacksmith/recipe/master-legwraps","Base name listed through a crafting recipe in Blizzard item guide; recipe bonuses excluded.","D:/Code/Core_Dark/tmp/extracted_text/Player_s_Guide_to_the_Western_Reaches_V1.json","112"
"Armour component","none","Diablo III","Amice","Armour","Shoulders","Approximate","Rough material/coverage tier. A component alone does not grant a full suit's AC.","Base","Base type (white/grey/blue)","https://eu.diablo3.blizzard.com/en-gb/artisan/blacksmith/recipe/journeyman-amice","Base name listed through a crafting recipe in Blizzard item guide; recipe bonuses excluded.","D:/Code/Core_Dark/tmp/extracted_text/Player_s_Guide_to_the_Western_Reaches_V1.json","112"
"Armour component","none","Diablo III","Pallium","Armour","Shoulders","Approximate","Rough material/coverage tier. A component alone does not grant a full suit's AC.","Base","Base type (white/grey/blue)","https://eu.diablo3.blizzard.com/en-gb/artisan/blacksmith/recipe/exalted-pallium","Base name listed through a crafting recipe in Blizzard item guide; recipe bonuses excluded.","D:/Code/Core_Dark/tmp/extracted_text/Player_s_Guide_to_the_Western_Reaches_V1.json","112"
"Armour component","none","Diablo III","Ascended Stone","Helms","Spirit Stone","Approximate","Rough material/coverage tier. A component alone does not grant a full suit's AC.","Base","Base type (white/grey/blue)","https://eu.diablo3.blizzard.com/en-gb/artisan/blacksmith/recipe/sovereign-ascended-stone","Base name listed through a crafting recipe in Blizzard item guide; recipe bonuses excluded.","D:/Code/Core_Dark/tmp/extracted_text/Player_s_Guide_to_the_Western_Reaches_V1.json","112"
"Armour component","none","Diablo III","Ghost Sight","Helms","Spirit Stone","Approximate","Rough material/coverage tier. A component alone does not grant a full suit's AC.","Base","Base type (white/grey/blue)","https://eu.diablo3.blizzard.com/en-gb/item/ghost-sight-SpiritStone_203","","D:/Code/Core_Dark/tmp/extracted_text/Player_s_Guide_to_the_Western_Reaches_V1.json","112"
"Armour component","none","Diablo III","Glass Star","Helms","Spirit Stone","Approximate","Rough material/coverage tier. A component alone does not grant a full suit's AC.","Base","Base type (white/grey/blue)","https://eu.diablo3.blizzard.com/en-gb/item/glass-star-SpiritStone_001","","D:/Code/Core_Dark/tmp/extracted_text/Player_s_Guide_to_the_Western_Reaches_V1.json","112"
"Armour component","none","Diablo III","Igneous Studs","Helms","Spirit Stone","Approximate","Rough material/coverage tier. A component alone does not grant a full suit's AC.","Base","Base type (white/grey/blue)","https://eu.diablo3.blizzard.com/en-gb/item/igneous-studs-SpiritStone_104","","D:/Code/Core_Dark/tmp/extracted_text/Player_s_Guide_to_the_Western_Reaches_V1.json","112"
"Armour component","none","Diablo III","Insight Stone","Helms","Spirit Stone","Approximate","Rough material/coverage tier. A component alone does not grant a full suit's AC.","Base","Base type (white/grey/blue)","https://eu.diablo3.blizzard.com/en-gb/item/insight-stone-SpiritStone_205","","D:/Code/Core_Dark/tmp/extracted_text/Player_s_Guide_to_the_Western_Reaches_V1.json","112"
"Armour component","none","Diablo III","Meditation Crystal","Helms","Spirit Stone","Approximate","Rough material/coverage tier. A component alone does not grant a full suit's AC.","Base","Base type (white/grey/blue)","https://eu.diablo3.blizzard.com/en-gb/item/meditation-crystal-SpiritStone_004a","","D:/Code/Core_Dark/tmp/extracted_text/Player_s_Guide_to_the_Western_Reaches_V1.json","112"
"Armour component","none","Diablo III","Meditator","Helms","Spirit Stone","Approximate","Rough material/coverage tier. A component alone does not grant a full suit's AC.","Base","Base type (white/grey/blue)","https://eu.diablo3.blizzard.com/en-gb/item/meditator-SpiritStone_202","","D:/Code/Core_Dark/tmp/extracted_text/Player_s_Guide_to_the_Western_Reaches_V1.json","112"
"Armour component","none","Diablo III","Onyx Cluster","Helms","Spirit Stone","Approximate","Rough material/coverage tier. A component alone does not grant a full suit's AC.","Base","Base type (white/grey/blue)","https://eu.diablo3.blizzard.com/en-gb/item/onyx-cluster-SpiritStone_004","","D:/Code/Core_Dark/tmp/extracted_text/Player_s_Guide_to_the_Western_Reaches_V1.json","112"
"Armour component","none","Diablo III","Prism","Helms","Spirit Stone","Approximate","Rough material/coverage tier. A component alone does not grant a full suit's AC.","Base","Base type (white/grey/blue)","https://eu.diablo3.blizzard.com/en-gb/item/prism-SpiritStone_102","","D:/Code/Core_Dark/tmp/extracted_text/Player_s_Guide_to_the_Western_Reaches_V1.json","112"
"Armour component","none","Diablo III","Seer Shard","Helms","Spirit Stone","Approximate","Rough material/coverage tier. A component alone does not grant a full suit's AC.","Base","Base type (white/grey/blue)","https://eu.diablo3.blizzard.com/en-gb/item/seer-shard-SpiritStone_103","","D:/Code/Core_Dark/tmp/extracted_text/Player_s_Guide_to_the_Western_Reaches_V1.json","112"
"Armour component","none","Diablo III","Solarius","Helms","Spirit Stone","Approximate","Rough material/coverage tier. A component alone does not grant a full suit's AC.","Base","Base type (white/grey/blue)","https://eu.diablo3.blizzard.com/en-gb/item/solarius-SpiritStone_201","","D:/Code/Core_Dark/tmp/extracted_text/Player_s_Guide_to_the_Western_Reaches_V1.json","112"
"Armour component","none","Diablo III","Star Crown","Helms","Spirit Stone","Approximate","Rough material/coverage tier. A component alone does not grant a full suit's AC.","Base","Base type (white/grey/blue)","https://eu.diablo3.blizzard.com/en-gb/item/star-crown-SpiritStone_204","","D:/Code/Core_Dark/tmp/extracted_text/Player_s_Guide_to_the_Western_Reaches_V1.json","112"
"Armour component","none","Diablo III","Sunstone","Helms","Spirit Stone","Approximate","Rough material/coverage tier. A component alone does not grant a full suit's AC.","Base","Base type (white/grey/blue)","https://eu.diablo3.blizzard.com/en-gb/item/sunstone-SpiritStone_101","","D:/Code/Core_Dark/tmp/extracted_text/Player_s_Guide_to_the_Western_Reaches_V1.json","112"
"Armour component","none","Diablo III","Third Eye","Helms","Spirit Stone","Approximate","Rough material/coverage tier. A component alone does not grant a full suit's AC.","Base","Base type (white/grey/blue)","https://eu.diablo3.blizzard.com/en-gb/item/third-eye-SpiritStone_003","","D:/Code/Core_Dark/tmp/extracted_text/Player_s_Guide_to_the_Western_Reaches_V1.json","112"
"Armour component","none","Diablo III","Thought Mirror","Helms","Spirit Stone","Approximate","Rough material/coverage tier. A component alone does not grant a full suit's AC.","Base","Base type (white/grey/blue)","https://eu.diablo3.blizzard.com/en-gb/item/thought-mirror-SpiritStone_002","","D:/Code/Core_Dark/tmp/extracted_text/Player_s_Guide_to_the_Western_Reaches_V1.json","112"
"Armour component","none","Diablo III","Archmage Headpiece","Helms","Wizard Hat","Approximate","Rough material/coverage tier. A component alone does not grant a full suit's AC.","Base","Base type (white/grey/blue)","https://eu.diablo3.blizzard.com/en-gb/item/archmage-headpiece-WizardHat_203","","D:/Code/Core_Dark/tmp/extracted_text/Player_s_Guide_to_the_Western_Reaches_V1.json","112"
"Armour component","none","Diablo III","Ascended Headpiece","Helms","Wizard Hat","Approximate","Rough material/coverage tier. A component alone does not grant a full suit's AC.","Base","Base type (white/grey/blue)","https://eu.diablo3.blizzard.com/en-gb/artisan/blacksmith/recipe/sovereign-ascended-headpiece","Base name listed through a crafting recipe in Blizzard item guide; recipe bonuses excluded.","D:/Code/Core_Dark/tmp/extracted_text/Player_s_Guide_to_the_Western_Reaches_V1.json","112"
"Armour component","none","Diablo III","Charlatan Cap","Helms","Wizard Hat","Approximate","Rough material/coverage tier. A component alone does not grant a full suit's AC.","Base","Base type (white/grey/blue)","https://eu.diablo3.blizzard.com/en-gb/item/charlatan-cap-WizardHat_004","","D:/Code/Core_Dark/tmp/extracted_text/Player_s_Guide_to_the_Western_Reaches_V1.json","112"
"Armour component","none","Diablo III","Conjurer Shade","Helms","Wizard Hat","Approximate","Rough material/coverage tier. A component alone does not grant a full suit's AC.","Base","Base type (white/grey/blue)","https://eu.diablo3.blizzard.com/en-gb/item/conjurer-shade-WizardHat_101","","D:/Code/Core_Dark/tmp/extracted_text/Player_s_Guide_to_the_Western_Reaches_V1.json","112"
"Armour component","none","Diablo III","Elder Hat","Helms","Wizard Hat","Approximate","Rough material/coverage tier. A component alone does not grant a full suit's AC.","Base","Base type (white/grey/blue)","https://eu.diablo3.blizzard.com/en-gb/item/elder-hat-WizardHat_204","","D:/Code/Core_Dark/tmp/extracted_text/Player_s_Guide_to_the_Western_Reaches_V1.json","112"
"Armour component","none","Diablo III","Journey Mask","Helms","Wizard Hat","Approximate","Rough material/coverage tier. A component alone does not grant a full suit's AC.","Base","Base type (white/grey/blue)","https://eu.diablo3.blizzard.com/en-gb/item/journey-mask-WizardHat_002","","D:/Code/Core_Dark/tmp/extracted_text/Player_s_Guide_to_the_Western_Reaches_V1.json","112"
"Armour component","none","Diablo III","Mage Crown","Helms","Wizard Hat","Approximate","Rough material/coverage tier. A component alone does not grant a full suit's AC.","Base","Base type (white/grey/blue)","https://eu.diablo3.blizzard.com/en-gb/item/mage-crown-WizardHat_004a","","D:/Code/Core_Dark/tmp/extracted_text/Player_s_Guide_to_the_Western_Reaches_V1.json","112"
"Armour component","none","Diablo III","Mentor Cap","Helms","Wizard Hat","Approximate","Rough material/coverage tier. A component alone does not grant a full suit's AC.","Base","Base type (white/grey/blue)","https://eu.diablo3.blizzard.com/en-gb/item/mentor-cap-WizardHat_103","","D:/Code/Core_Dark/tmp/extracted_text/Player_s_Guide_to_the_Western_Reaches_V1.json","112"
"Armour component","none","Diablo III","Mystic Shade","Helms","Wizard Hat","Approximate","Rough material/coverage tier. A component alone does not grant a full suit's AC.","Base","Base type (white/grey/blue)","https://eu.diablo3.blizzard.com/en-gb/item/mystic-shade-WizardHat_102","","D:/Code/Core_Dark/tmp/extracted_text/Player_s_Guide_to_the_Western_Reaches_V1.json","112"
"Armour component","none","Diablo III","Sage Hat","Helms","Wizard Hat","Approximate","Rough material/coverage tier. A component alone does not grant a full suit's AC.","Base","Base type (white/grey/blue)","https://eu.diablo3.blizzard.com/en-gb/item/sage-hat-WizardHat_201","","D:/Code/Core_Dark/tmp/extracted_text/Player_s_Guide_to_the_Western_Reaches_V1.json","112"
"Armour component","none","Diablo III","Scholarly Fez","Helms","Wizard Hat","Approximate","Rough material/coverage tier. A component alone does not grant a full suit's AC.","Base","Base type (white/grey/blue)","https://eu.diablo3.blizzard.com/en-gb/item/scholarly-fez-WizardHat_003","","D:/Code/Core_Dark/tmp/extracted_text/Player_s_Guide_to_the_Western_Reaches_V1.json","112"
"Armour component","none","Diablo III","Sinister Mask","Helms","Wizard Hat","Approximate","Rough material/coverage tier. A component alone does not grant a full suit's AC.","Base","Base type (white/grey/blue)","https://eu.diablo3.blizzard.com/en-gb/item/sinister-mask-WizardHat_202","","D:/Code/Core_Dark/tmp/extracted_text/Player_s_Guide_to_the_Western_Reaches_V1.json","112"
"Armour component","none","Diablo III","Traveler Hat","Helms","Wizard Hat","Approximate","Rough material/coverage tier. A component alone does not grant a full suit's AC.","Base","Base type (white/grey/blue)","https://eu.diablo3.blizzard.com/en-gb/item/traveler-hat-WizardHat_104","","D:/Code/Core_Dark/tmp/extracted_text/Player_s_Guide_to_the_Western_Reaches_V1.json","112"
"Armour component","none","Diablo III","Vizier Hat","Helms","Wizard Hat","Approximate","Rough material/coverage tier. A component alone does not grant a full suit's AC.","Base","Base type (white/grey/blue)","https://eu.diablo3.blizzard.com/en-gb/item/vizier-hat-WizardHat_205","","D:/Code/Core_Dark/tmp/extracted_text/Player_s_Guide_to_the_Western_Reaches_V1.json","112"
"Armour component","none","Diablo III","Wanderer Hat","Helms","Wizard Hat","Approximate","Rough material/coverage tier. A component alone does not grant a full suit's AC.","Base","Base type (white/grey/blue)","https://eu.diablo3.blizzard.com/en-gb/item/wanderer-hat-WizardHat_001","","D:/Code/Core_Dark/tmp/extracted_text/Player_s_Guide_to_the_Western_Reaches_V1.json","112"
"Armour component","none","Diablo IV","Strider's Crown","Helms","Helm","Approximate","Rough material/coverage tier. A component alone does not grant a full suit's AC.","Base","Common / Magic","https://docs.google.com/spreadsheets/d/1IC6VCLGzocHjHTGQHj3yPSY0KOVBY97jFOFQWvMSARs/edit","Source catalogue updated 2026-07-27; base game","D:/Code/Core_Dark/tmp/extracted_text/Player_s_Guide_to_the_Western_Reaches_V1.json","112"
"Armour component","none","Diablo IV","Pants","Armour","Pants","Approximate","Rough material/coverage tier. A component alone does not grant a full suit's AC.","Base","Common","https://docs.google.com/spreadsheets/d/1IC6VCLGzocHjHTGQHj3yPSY0KOVBY97jFOFQWvMSARs/edit","Source catalogue updated 2026-07-27; base game","D:/Code/Core_Dark/tmp/extracted_text/Player_s_Guide_to_the_Western_Reaches_V1.json","112"
"Armour component","plate","Diablo I","Full Helm","Helms","Helm","Approximate","Rough material/coverage tier. A component alone does not grant a full suit's AC.","Base","Normal / Magic","https://www.lurkerlounge.com/diablo/jarulf/jarulf162.pdf","","D:/Code/Core_Dark/tmp/extracted_text/Player_s_Guide_to_the_Western_Reaches_V1.json","112"
"Armour component","plate","Diablo I","Great Helm","Helms","Helm","Approximate","Rough material/coverage tier. A component alone does not grant a full suit's AC.","Base","Normal / Magic","https://www.lurkerlounge.com/diablo/jarulf/jarulf162.pdf","","D:/Code/Core_Dark/tmp/extracted_text/Player_s_Guide_to_the_Western_Reaches_V1.json","112"
"Armour component","plate","Diablo I","Helm","Helms","Helm","Approximate","Rough material/coverage tier. A component alone does not grant a full suit's AC.","Base","Normal / Magic","https://www.lurkerlounge.com/diablo/jarulf/jarulf162.pdf","","D:/Code/Core_Dark/tmp/extracted_text/Player_s_Guide_to_the_Western_Reaches_V1.json","112"
"Armour component","plate","Diablo II","Assault Helmet","Helms","Barbarian helm","Approximate","Rough material/coverage tier. A component alone does not grant a full suit's AC.","Normal","Normal / Magic","https://classic.battle.net/diablo2exp/items/normal/barbhelms.shtml","","D:/Code/Core_Dark/tmp/extracted_text/Player_s_Guide_to_the_Western_Reaches_V1.json","112"
"Armour component","plate","Diablo II","Avenger Guard","Helms","Barbarian helm","Approximate","Rough material/coverage tier. A component alone does not grant a full suit's AC.","Normal","Normal / Magic","https://classic.battle.net/diablo2exp/items/normal/barbhelms.shtml","","D:/Code/Core_Dark/tmp/extracted_text/Player_s_Guide_to_the_Western_Reaches_V1.json","112"
"Armour component","plate","Diablo II","Carnage Helm","Helms","Barbarian helm","Approximate","Rough material/coverage tier. A component alone does not grant a full suit's AC.","Elite","Normal / Magic","https://classic.battle.net/diablo2exp/items/elite/barbhelms.shtml","","D:/Code/Core_Dark/tmp/extracted_text/Player_s_Guide_to_the_Western_Reaches_V1.json","112"
"Armour component","plate","Diablo II","Conqueror Crown","Helms","Barbarian helm","Approximate","Rough material/coverage tier. A component alone does not grant a full suit's AC.","Elite","Normal / Magic","https://classic.battle.net/diablo2exp/items/elite/barbhelms.shtml","","D:/Code/Core_Dark/tmp/extracted_text/Player_s_Guide_to_the_Western_Reaches_V1.json","112"
"Armour component","plate","Diablo II","Destroyer Helm","Helms","Barbarian helm","Approximate","Rough material/coverage tier. A component alone does not grant a full suit's AC.","Elite","Normal / Magic","https://classic.battle.net/diablo2exp/items/elite/barbhelms.shtml","","D:/Code/Core_Dark/tmp/extracted_text/Player_s_Guide_to_the_Western_Reaches_V1.json","112"
"Armour component","plate","Diablo II","Fanged Helm","Helms","Barbarian helm","Approximate","Rough material/coverage tier. A component alone does not grant a full suit's AC.","Normal","Normal / Magic","https://classic.battle.net/diablo2exp/items/normal/barbhelms.shtml","","D:/Code/Core_Dark/tmp/extracted_text/Player_s_Guide_to_the_Western_Reaches_V1.json","112"
"Armour component","plate","Diablo II","Fury Visor","Helms","Barbarian helm","Approximate","Rough material/coverage tier. A component alone does not grant a full suit's AC.","Elite","Normal / Magic","https://classic.battle.net/diablo2exp/items/elite/barbhelms.shtml","","D:/Code/Core_Dark/tmp/extracted_text/Player_s_Guide_to_the_Western_Reaches_V1.json","112"
"Armour component","plate","Diablo II","Guardian Crown","Helms","Barbarian helm","Approximate","Rough material/coverage tier. A component alone does not grant a full suit's AC.","Elite","Normal / Magic","https://classic.battle.net/diablo2exp/items/elite/barbhelms.shtml","","D:/Code/Core_Dark/tmp/extracted_text/Player_s_Guide_to_the_Western_Reaches_V1.json","112"
"Armour component","plate","Diablo II","Horned Helm","Helms","Barbarian helm","Approximate","Rough material/coverage tier. A component alone does not grant a full suit's AC.","Normal","Normal / Magic","https://classic.battle.net/diablo2exp/items/normal/barbhelms.shtml","","D:/Code/Core_Dark/tmp/extracted_text/Player_s_Guide_to_the_Western_Reaches_V1.json","112"
"Armour component","plate","Diablo II","Jawbone Cap","Helms","Barbarian helm","Approximate","Rough material/coverage tier. A component alone does not grant a full suit's AC.","Normal","Normal / Magic","https://classic.battle.net/diablo2exp/items/normal/barbhelms.shtml","","D:/Code/Core_Dark/tmp/extracted_text/Player_s_Guide_to_the_Western_Reaches_V1.json","112"
"Armour component","plate","Diablo II","Jawbone Visor","Helms","Barbarian helm","Approximate","Rough material/coverage tier. A component alone does not grant a full suit's AC.","Exceptional","Normal / Magic","https://classic.battle.net/diablo2exp/items/exceptional/barbhelms.shtml","","D:/Code/Core_Dark/tmp/extracted_text/Player_s_Guide_to_the_Western_Reaches_V1.json","112"
"Armour component","plate","Diablo II","Lion Helm","Helms","Barbarian helm","Approximate","Rough material/coverage tier. A component alone does not grant a full suit's AC.","Exceptional","Normal / Magic","https://classic.battle.net/diablo2exp/items/exceptional/barbhelms.shtml","","D:/Code/Core_Dark/tmp/extracted_text/Player_s_Guide_to_the_Western_Reaches_V1.json","112"
"Armour component","plate","Diablo II","Rage Mask","Helms","Barbarian helm","Approximate","Rough material/coverage tier. A component alone does not grant a full suit's AC.","Exceptional","Normal / Magic","https://classic.battle.net/diablo2exp/items/exceptional/barbhelms.shtml","","D:/Code/Core_Dark/tmp/extracted_text/Player_s_Guide_to_the_Western_Reaches_V1.json","112"
"Armour component","plate","Diablo II","Savage Helmet","Helms","Barbarian helm","Approximate","Rough material/coverage tier. A component alone does not grant a full suit's AC.","Exceptional","Normal / Magic","https://classic.battle.net/diablo2exp/items/exceptional/barbhelms.shtml","","D:/Code/Core_Dark/tmp/extracted_text/Player_s_Guide_to_the_Western_Reaches_V1.json","112"
"Armour component","plate","Diablo II","Slayer Guard","Helms","Barbarian helm","Approximate","Rough material/coverage tier. A component alone does not grant a full suit's AC.","Exceptional","Normal / Magic","https://classic.battle.net/diablo2exp/items/exceptional/barbhelms.shtml","","D:/Code/Core_Dark/tmp/extracted_text/Player_s_Guide_to_the_Western_Reaches_V1.json","112"
"Armour component","plate","Diablo II","Armet","Helms","Helm","Approximate","Rough material/coverage tier. A component alone does not grant a full suit's AC.","Elite","Normal / Magic","https://classic.battle.net/diablo2exp/items/elite/helms.shtml","","D:/Code/Core_Dark/tmp/extracted_text/Player_s_Guide_to_the_Western_Reaches_V1.json","112"
"Armour component","plate","Diablo II","Basinet","Helms","Helm","Approximate","Rough material/coverage tier. A component alone does not grant a full suit's AC.","Exceptional","Normal / Magic","https://classic.battle.net/diablo2exp/items/exceptional/helms.shtml","","D:/Code/Core_Dark/tmp/extracted_text/Player_s_Guide_to_the_Western_Reaches_V1.json","112"
"Armour component","plate","Diablo II","Casque","Helms","Helm","Approximate","Rough material/coverage tier. A component alone does not grant a full suit's AC.","Exceptional","Normal / Magic","https://classic.battle.net/diablo2exp/items/exceptional/helms.shtml","","D:/Code/Core_Dark/tmp/extracted_text/Player_s_Guide_to_the_Western_Reaches_V1.json","112"
"Armour component","plate","Diablo II","Full Helm","Helms","Helm","Approximate","Rough material/coverage tier. A component alone does not grant a full suit's AC.","Normal","Normal / Magic","https://classic.battle.net/diablo2exp/items/normal/helms.shtml","","D:/Code/Core_Dark/tmp/extracted_text/Player_s_Guide_to_the_Western_Reaches_V1.json","112"
"Armour component","plate","Diablo II","Giant Conch","Helms","Helm","Approximate","Rough material/coverage tier. A component alone does not grant a full suit's AC.","Elite","Normal / Magic","https://classic.battle.net/diablo2exp/items/elite/helms.shtml","","D:/Code/Core_Dark/tmp/extracted_text/Player_s_Guide_to_the_Western_Reaches_V1.json","112"
"Armour component","plate","Diablo II","Great Helm","Helms","Helm","Approximate","Rough material/coverage tier. A component alone does not grant a full suit's AC.","Normal","Normal / Magic","https://classic.battle.net/diablo2exp/items/normal/helms.shtml","","D:/Code/Core_Dark/tmp/extracted_text/Player_s_Guide_to_the_Western_Reaches_V1.json","112"
"Armour component","plate","Diablo II","Helm","Helms","Helm","Approximate","Rough material/coverage tier. A component alone does not grant a full suit's AC.","Normal","Normal / Magic","https://classic.battle.net/diablo2exp/items/normal/helms.shtml","","D:/Code/Core_Dark/tmp/extracted_text/Player_s_Guide_to_the_Western_Reaches_V1.json","112"
"Armour component","plate","Diablo II","Hydraskull","Helms","Helm","Approximate","Rough material/coverage tier. A component alone does not grant a full suit's AC.","Elite","Normal / Magic","https://classic.battle.net/diablo2exp/items/elite/helms.shtml","","D:/Code/Core_Dark/tmp/extracted_text/Player_s_Guide_to_the_Western_Reaches_V1.json","112"
"Armour component","plate","Diablo II","Sallet","Helms","Helm","Approximate","Rough material/coverage tier. A component alone does not grant a full suit's AC.","Exceptional","Normal / Magic","https://classic.battle.net/diablo2exp/items/exceptional/helms.shtml","","D:/Code/Core_Dark/tmp/extracted_text/Player_s_Guide_to_the_Western_Reaches_V1.json","112"
"Armour component","plate","Diablo II","Spired Helm","Helms","Helm","Approximate","Rough material/coverage tier. A component alone does not grant a full suit's AC.","Elite","Normal / Magic","https://classic.battle.net/diablo2exp/items/elite/helms.shtml","","D:/Code/Core_Dark/tmp/extracted_text/Player_s_Guide_to_the_Western_Reaches_V1.json","112"
"Armour component","plate","Diablo II","Winged Helm","Helms","Helm","Approximate","Rough material/coverage tier. A component alone does not grant a full suit's AC.","Exceptional","Normal / Magic","https://classic.battle.net/diablo2exp/items/exceptional/helms.shtml","","D:/Code/Core_Dark/tmp/extracted_text/Player_s_Guide_to_the_Western_Reaches_V1.json","112"
"Armour component","plate","Diablo III","Armplates","Armour","Bracers","Approximate","Rough material/coverage tier. A component alone does not grant a full suit's AC.","Base","Base type (white/grey/blue)","https://eu.diablo3.blizzard.com/en-gb/artisan/blacksmith/recipe/exalted-armplates","Base name listed through a crafting recipe in Blizzard item guide; recipe bonuses excluded.","D:/Code/Core_Dark/tmp/extracted_text/Player_s_Guide_to_the_Western_Reaches_V1.json","112"
"Armour component","plate","Diablo III","Ascended Bracers","Armour","Bracers","Approximate","Rough material/coverage tier. A component alone does not grant a full suit's AC.","Base","Base type (white/grey/blue)","https://eu.diablo3.blizzard.com/en-gb/artisan/blacksmith/recipe/sovereign-ascended-bracers","Base name listed through a crafting recipe in Blizzard item guide; recipe bonuses excluded.","D:/Code/Core_Dark/tmp/extracted_text/Player_s_Guide_to_the_Western_Reaches_V1.json","112"
"Armour component","plate","Diablo III","Rakkisgard Bracers","Armour","Bracers","Approximate","Rough material/coverage tier. A component alone does not grant a full suit's AC.","Base","Base type (white/grey/blue)","https://eu.diablo3.blizzard.com/en-gb/artisan/blacksmith/recipe/exquisite-rakkisgard-bracers","Base name listed through a crafting recipe in Blizzard item guide; recipe bonuses excluded.","D:/Code/Core_Dark/tmp/extracted_text/Player_s_Guide_to_the_Western_Reaches_V1.json","112"
"Armour component","plate","Diablo III","Razorspikes","Armour","Bracers","Approximate","Rough material/coverage tier. A component alone does not grant a full suit's AC.","Base","Base type (white/grey/blue)","https://eu.diablo3.blizzard.com/en-gb/item/razorspikes-Bracers_206","","D:/Code/Core_Dark/tmp/extracted_text/Player_s_Guide_to_the_Western_Reaches_V1.json","112"
"Armour component","plate","Diablo III","Vambraces","Armour","Bracers","Approximate","Rough material/coverage tier. A component alone does not grant a full suit's AC.","Base","Base type (white/grey/blue)","https://eu.diablo3.blizzard.com/en-gb/artisan/blacksmith/recipe/journeyman-vambraces","Base name listed through a crafting recipe in Blizzard item guide; recipe bonuses excluded.","D:/Code/Core_Dark/tmp/extracted_text/Player_s_Guide_to_the_Western_Reaches_V1.json","112"
"Armour component","plate","Diablo III","Wristplates","Armour","Bracers","Approximate","Rough material/coverage tier. A component alone does not grant a full suit's AC.","Base","Base type (white/grey/blue)","https://eu.diablo3.blizzard.com/en-gb/artisan/blacksmith/recipe/resplendent-wristplates","Base name listed through a crafting recipe in Blizzard item guide; recipe bonuses excluded.","D:/Code/Core_Dark/tmp/extracted_text/Player_s_Guide_to_the_Western_Reaches_V1.json","112"
"Armour component","plate","Diablo III","Archon Crown","Helms","Helm","Approximate","Rough material/coverage tier. A component alone does not grant a full suit's AC.","Base","Base type (white/grey/blue)","https://eu.diablo3.blizzard.com/en-gb/item/archon-crown-Helm_206","","D:/Code/Core_Dark/tmp/extracted_text/Player_s_Guide_to_the_Western_Reaches_V1.json","112"
"Armour component","plate","Diablo III","Ascended Crown","Helms","Helm","Approximate","Rough material/coverage tier. A component alone does not grant a full suit's AC.","Base","Base type (white/grey/blue)","https://eu.diablo3.blizzard.com/en-gb/artisan/blacksmith/recipe/sovereign-ascended-crown","Base name listed through a crafting recipe in Blizzard item guide; recipe bonuses excluded.","D:/Code/Core_Dark/tmp/extracted_text/Player_s_Guide_to_the_Western_Reaches_V1.json","112"
"Armour component","plate","Diablo III","Basinet","Helms","Helm","Approximate","Rough material/coverage tier. A component alone does not grant a full suit's AC.","Base","Base type (white/grey/blue)","https://eu.diablo3.blizzard.com/en-gb/item/basinet-Helm_102","","D:/Code/Core_Dark/tmp/extracted_text/Player_s_Guide_to_the_Western_Reaches_V1.json","112"
"Armour component","plate","Diablo III","Casque","Helms","Helm","Approximate","Rough material/coverage tier. A component alone does not grant a full suit's AC.","Base","Base type (white/grey/blue)","https://eu.diablo3.blizzard.com/en-gb/artisan/blacksmith/recipe/magnificent-casque","Base name listed through a crafting recipe in Blizzard item guide; recipe bonuses excluded.","D:/Code/Core_Dark/tmp/extracted_text/Player_s_Guide_to_the_Western_Reaches_V1.json","112"
"Armour component","plate","Diablo III","Great Helm","Helms","Helm","Approximate","Rough material/coverage tier. A component alone does not grant a full suit's AC.","Base","Base type (white/grey/blue)","https://eu.diablo3.blizzard.com/en-gb/artisan/blacksmith/recipe/resplendent-great-helm","Base name listed through a crafting recipe in Blizzard item guide; recipe bonuses excluded.","D:/Code/Core_Dark/tmp/extracted_text/Player_s_Guide_to_the_Western_Reaches_V1.json","112"
"Armour component","plate","Diablo III","Helmet","Helms","Helm","Approximate","Rough material/coverage tier. A component alone does not grant a full suit's AC.","Base","Base type (white/grey/blue)","https://eu.diablo3.blizzard.com/en-gb/artisan/blacksmith/recipe/adept-helmet","Base name listed through a crafting recipe in Blizzard item guide; recipe bonuses excluded.","D:/Code/Core_Dark/tmp/extracted_text/Player_s_Guide_to_the_Western_Reaches_V1.json","112"
"Armour component","plate","Diablo III","Hounskull","Helms","Helm","Approximate","Rough material/coverage tier. A component alone does not grant a full suit's AC.","Base","Base type (white/grey/blue)","https://eu.diablo3.blizzard.com/en-gb/artisan/blacksmith/recipe/glorious-hounskull","Base name listed through a crafting recipe in Blizzard item guide; recipe bonuses excluded.","D:/Code/Core_Dark/tmp/extracted_text/Player_s_Guide_to_the_Western_Reaches_V1.json","112"
"Armour component","plate","Diablo III","Klappvisier","Helms","Helm","Approximate","Rough material/coverage tier. A component alone does not grant a full suit's AC.","Base","Base type (white/grey/blue)","https://eu.diablo3.blizzard.com/en-gb/artisan/blacksmith/recipe/illustrious-klappvisier","Base name listed through a crafting recipe in Blizzard item guide; recipe bonuses excluded.","D:/Code/Core_Dark/tmp/extracted_text/Player_s_Guide_to_the_Western_Reaches_V1.json","112"
"Armour component","plate","Diablo III","Plated Helm","Helms","Helm","Approximate","Rough material/coverage tier. A component alone does not grant a full suit's AC.","Base","Base type (white/grey/blue)","https://eu.diablo3.blizzard.com/en-gb/artisan/blacksmith/recipe/master-plated-helm","Base name listed through a crafting recipe in Blizzard item guide; recipe bonuses excluded.","D:/Code/Core_Dark/tmp/extracted_text/Player_s_Guide_to_the_Western_Reaches_V1.json","112"
"Armour component","plate","Diablo III","Rakkisgard Helm","Helms","Helm","Approximate","Rough material/coverage tier. A component alone does not grant a full suit's AC.","Base","Base type (white/grey/blue)","https://eu.diablo3.blizzard.com/en-gb/artisan/blacksmith/recipe/exquisite-rakkisgard-helm","Base name listed through a crafting recipe in Blizzard item guide; recipe bonuses excluded.","D:/Code/Core_Dark/tmp/extracted_text/Player_s_Guide_to_the_Western_Reaches_V1.json","112"
"Armour component","plate","Diablo III","Sovereign Helm","Helms","Helm","Approximate","Rough material/coverage tier. A component alone does not grant a full suit's AC.","Base","Base type (white/grey/blue)","https://eu.diablo3.blizzard.com/en-gb/artisan/blacksmith/recipe/exalted-helm","Base name listed through a crafting recipe in Blizzard item guide; recipe bonuses excluded.","D:/Code/Core_Dark/tmp/extracted_text/Player_s_Guide_to_the_Western_Reaches_V1.json","112"
"Armour component","plate","Diablo III","Stechhelm","Helms","Helm","Approximate","Rough material/coverage tier. A component alone does not grant a full suit's AC.","Base","Base type (white/grey/blue)","https://eu.diablo3.blizzard.com/en-gb/item/stechhelm-Helm_202","","D:/Code/Core_Dark/tmp/extracted_text/Player_s_Guide_to_the_Western_Reaches_V1.json","112"
"Armour component","plate","Diablo III","Zischagge","Helms","Helm","Approximate","Rough material/coverage tier. A component alone does not grant a full suit's AC.","Base","Base type (white/grey/blue)","https://eu.diablo3.blizzard.com/en-gb/item/zischagge-Helm_203","","D:/Code/Core_Dark/tmp/extracted_text/Player_s_Guide_to_the_Western_Reaches_V1.json","112"
"Armour component","plate","Diablo III","Archon Faulds","Armour","Pants","Approximate","Rough material/coverage tier. A component alone does not grant a full suit's AC.","Base","Base type (white/grey/blue)","https://eu.diablo3.blizzard.com/en-gb/item/archon-faulds-Pants_206","","D:/Code/Core_Dark/tmp/extracted_text/Player_s_Guide_to_the_Western_Reaches_V1.json","112"
"Armour component","plate","Diablo III","Ascended Faulds","Armour","Pants","Approximate","Rough material/coverage tier. A component alone does not grant a full suit's AC.","Base","Base type (white/grey/blue)","https://eu.diablo3.blizzard.com/en-gb/artisan/blacksmith/recipe/sovereign-ascended-faulds","Base name listed through a crafting recipe in Blizzard item guide; recipe bonuses excluded.","D:/Code/Core_Dark/tmp/extracted_text/Player_s_Guide_to_the_Western_Reaches_V1.json","112"
"Armour component","plate","Diablo III","Faulds","Armour","Pants","Approximate","Rough material/coverage tier. A component alone does not grant a full suit's AC.","Base","Base type (white/grey/blue)","https://eu.diablo3.blizzard.com/en-gb/artisan/blacksmith/recipe/journeyman-faulds","Base name listed through a crafting recipe in Blizzard item guide; recipe bonuses excluded.","D:/Code/Core_Dark/tmp/extracted_text/Player_s_Guide_to_the_Western_Reaches_V1.json","112"
"Armour component","plate","Diablo III","Leg Guards","Armour","Pants","Approximate","Rough material/coverage tier. A component alone does not grant a full suit's AC.","Base","Base type (white/grey/blue)","https://eu.diablo3.blizzard.com/en-gb/artisan/blacksmith/recipe/glorious-leg-guards","Base name listed through a crafting recipe in Blizzard item guide; recipe bonuses excluded.","D:/Code/Core_Dark/tmp/extracted_text/Player_s_Guide_to_the_Western_Reaches_V1.json","112"
"Armour component","plate","Diablo III","Plate Leggings","Armour","Pants","Approximate","Rough material/coverage tier. A component alone does not grant a full suit's AC.","Base","Base type (white/grey/blue)","https://eu.diablo3.blizzard.com/en-gb/artisan/blacksmith/recipe/adept-plate-leggings","Base name listed through a crafting recipe in Blizzard item guide; recipe bonuses excluded.","D:/Code/Core_Dark/tmp/extracted_text/Player_s_Guide_to_the_Western_Reaches_V1.json","112"
"Armour component","plate","Diablo III","Poleyns","Armour","Pants","Approximate","Rough material/coverage tier. A component alone does not grant a full suit's AC.","Base","Base type (white/grey/blue)","https://eu.diablo3.blizzard.com/en-gb/item/poleyns-Pants_202","","D:/Code/Core_Dark/tmp/extracted_text/Player_s_Guide_to_the_Western_Reaches_V1.json","112"
"Armour component","plate","Diablo III","Rakkisgard Leg Plates","Armour","Pants","Approximate","Rough material/coverage tier. A component alone does not grant a full suit's AC.","Base","Base type (white/grey/blue)","https://eu.diablo3.blizzard.com/en-gb/artisan/blacksmith/recipe/exquisite-rakkisgard-leg-plates","Base name listed through a crafting recipe in Blizzard item guide; recipe bonuses excluded.","D:/Code/Core_Dark/tmp/extracted_text/Player_s_Guide_to_the_Western_Reaches_V1.json","112"
"Armour component","plate","Diablo III","Schynbalds","Armour","Pants","Approximate","Rough material/coverage tier. A component alone does not grant a full suit's AC.","Base","Base type (white/grey/blue)","https://eu.diablo3.blizzard.com/en-gb/item/schynbalds-Pants_204","","D:/Code/Core_Dark/tmp/extracted_text/Player_s_Guide_to_the_Western_Reaches_V1.json","112"
"Armour component","plate","Diablo III","Sovereign Tassets","Armour","Pants","Approximate","Rough material/coverage tier. A component alone does not grant a full suit's AC.","Base","Base type (white/grey/blue)","https://eu.diablo3.blizzard.com/en-gb/artisan/blacksmith/recipe/exalted-tassets","Base name listed through a crafting recipe in Blizzard item guide; recipe bonuses excluded.","D:/Code/Core_Dark/tmp/extracted_text/Player_s_Guide_to_the_Western_Reaches_V1.json","112"
"Armour component","plate","Diablo III","Tassets","Armour","Pants","Approximate","Rough material/coverage tier. A component alone does not grant a full suit's AC.","Base","Base type (white/grey/blue)","https://eu.diablo3.blizzard.com/en-gb/artisan/blacksmith/recipe/magnificent-tassets","Base name listed through a crafting recipe in Blizzard item guide; recipe bonuses excluded.","D:/Code/Core_Dark/tmp/extracted_text/Player_s_Guide_to_the_Western_Reaches_V1.json","112"
"Armour component","plate","Diablo III","Warlord Leg Plates","Armour","Pants","Approximate","Rough material/coverage tier. A component alone does not grant a full suit's AC.","Base","Base type (white/grey/blue)","https://eu.diablo3.blizzard.com/en-gb/item/warlord-leg-plates-Pants_203","","D:/Code/Core_Dark/tmp/extracted_text/Player_s_Guide_to_the_Western_Reaches_V1.json","112"
"Armour component","plate","Diablo III","Archon Spaulders","Armour","Shoulders","Approximate","Rough material/coverage tier. A component alone does not grant a full suit's AC.","Base","Base type (white/grey/blue)","https://eu.diablo3.blizzard.com/en-gb/item/archon-spaulders-Shoulders_206","","D:/Code/Core_Dark/tmp/extracted_text/Player_s_Guide_to_the_Western_Reaches_V1.json","112"
"Armour component","plate","Diablo III","Ascended Pauldrons","Armour","Shoulders","Approximate","Rough material/coverage tier. A component alone does not grant a full suit's AC.","Base","Base type (white/grey/blue)","https://eu.diablo3.blizzard.com/en-gb/artisan/blacksmith/recipe/sovereign-ascended-pauldrons","Base name listed through a crafting recipe in Blizzard item guide; recipe bonuses excluded.","D:/Code/Core_Dark/tmp/extracted_text/Player_s_Guide_to_the_Western_Reaches_V1.json","112"
"Armour component","plate","Diablo III","Balor Pauldrons","Armour","Shoulders","Approximate","Rough material/coverage tier. A component alone does not grant a full suit's AC.","Base","Base type (white/grey/blue)","https://eu.diablo3.blizzard.com/en-gb/artisan/blacksmith/recipe/glorious-balor-pauldrons","Base name listed through a crafting recipe in Blizzard item guide; recipe bonuses excluded.","D:/Code/Core_Dark/tmp/extracted_text/Player_s_Guide_to_the_Western_Reaches_V1.json","112"
"Armour component","plate","Diablo III","Doom Pauldrons","Armour","Shoulders","Approximate","Rough material/coverage tier. A component alone does not grant a full suit's AC.","Base","Base type (white/grey/blue)","https://eu.diablo3.blizzard.com/en-gb/item/doom-pauldrons-Shoulders_204","","D:/Code/Core_Dark/tmp/extracted_text/Player_s_Guide_to_the_Western_Reaches_V1.json","112"
"Armour component","plate","Diablo III","Pauldrons","Armour","Shoulders","Approximate","Rough material/coverage tier. A component alone does not grant a full suit's AC.","Base","Base type (white/grey/blue)","https://eu.diablo3.blizzard.com/en-gb/artisan/blacksmith/recipe/illustrious-pauldrons","Base name listed through a crafting recipe in Blizzard item guide; recipe bonuses excluded.","D:/Code/Core_Dark/tmp/extracted_text/Player_s_Guide_to_the_Western_Reaches_V1.json","112"
"Armour component","plate","Diablo III","Rakkisgard Pauldrons","Armour","Shoulders","Approximate","Rough material/coverage tier. A component alone does not grant a full suit's AC.","Base","Base type (white/grey/blue)","https://eu.diablo3.blizzard.com/en-gb/artisan/blacksmith/recipe/exquisite-rakkisgard-pauldrons","Base name listed through a crafting recipe in Blizzard item guide; recipe bonuses excluded.","D:/Code/Core_Dark/tmp/extracted_text/Player_s_Guide_to_the_Western_Reaches_V1.json","112"
"Armour component","plate","Diablo III","Shoulder Plates","Armour","Shoulders","Approximate","Rough material/coverage tier. A component alone does not grant a full suit's AC.","Base","Base type (white/grey/blue)","https://eu.diablo3.blizzard.com/en-gb/artisan/blacksmith/recipe/master-shoulder-plates","Base name listed through a crafting recipe in Blizzard item guide; recipe bonuses excluded.","D:/Code/Core_Dark/tmp/extracted_text/Player_s_Guide_to_the_Western_Reaches_V1.json","112"
"Armour component","plate","Diablo III","Spaulders","Armour","Shoulders","Approximate","Rough material/coverage tier. A component alone does not grant a full suit's AC.","Base","Base type (white/grey/blue)","https://eu.diablo3.blizzard.com/en-gb/artisan/blacksmith/recipe/adept-spaulders","Base name listed through a crafting recipe in Blizzard item guide; recipe bonuses excluded.","D:/Code/Core_Dark/tmp/extracted_text/Player_s_Guide_to_the_Western_Reaches_V1.json","112"
"Armour component","plate","Diablo III","Warlord Spaulders","Armour","Shoulders","Approximate","Rough material/coverage tier. A component alone does not grant a full suit's AC.","Base","Base type (white/grey/blue)","https://eu.diablo3.blizzard.com/en-gb/item/warlord-spaulders-Shoulders_203","","D:/Code/Core_Dark/tmp/extracted_text/Player_s_Guide_to_the_Western_Reaches_V1.json","112"
"Armour component","plate","Diablo IV","Helm","Helms","Helm","Approximate","Rough material/coverage tier. A component alone does not grant a full suit's AC.","Base","Magic","https://docs.google.com/spreadsheets/d/1IC6VCLGzocHjHTGQHj3yPSY0KOVBY97jFOFQWvMSARs/edit","Source catalogue updated 2026-07-27; base game","D:/Code/Core_Dark/tmp/extracted_text/Player_s_Guide_to_the_Western_Reaches_V1.json","112"
"Equipment","Arcane focus","Diablo II","Clasped Orb","Weapons","Sorceress orb","Equipment reskin","Orb, crystal or other arcane implement; ambiguous forms default to Arcane focus. No spells, charges, bonuses or class permissions are granted by this classification.","Normal","Normal / Magic","https://classic.battle.net/diablo2exp/items/normal/orbs.shtml","","User-approved equipment grouping",""
"Equipment","Arcane focus","Diablo II","Cloudy Sphere","Weapons","Sorceress orb","Equipment reskin","Orb, crystal or other arcane implement; ambiguous forms default to Arcane focus. No spells, charges, bonuses or class permissions are granted by this classification.","Exceptional","Normal / Magic","https://classic.battle.net/diablo2exp/items/exceptional/orbs.shtml","","User-approved equipment grouping",""
"Equipment","Arcane focus","Diablo II","Crystalline Globe","Weapons","Sorceress orb","Equipment reskin","Orb, crystal or other arcane implement; ambiguous forms default to Arcane focus. No spells, charges, bonuses or class permissions are granted by this classification.","Exceptional","Normal / Magic","https://classic.battle.net/diablo2exp/items/exceptional/orbs.shtml","","User-approved equipment grouping",""
"Equipment","Arcane focus","Diablo II","Demon Heart","Weapons","Sorceress orb","Equipment reskin","Orb, crystal or other arcane implement; ambiguous forms default to Arcane focus. No spells, charges, bonuses or class permissions are granted by this classification.","Elite","Normal / Magic","https://classic.battle.net/diablo2exp/items/elite/orbs.shtml","","User-approved equipment grouping",""
"Equipment","Arcane focus","Diablo II","Dimensional Shard","Weapons","Sorceress orb","Equipment reskin","Orb, crystal or other arcane implement; ambiguous forms default to Arcane focus. No spells, charges, bonuses or class permissions are granted by this classification.","Elite","Normal / Magic","https://classic.battle.net/diablo2exp/items/elite/orbs.shtml","","User-approved equipment grouping",""
"Equipment","Arcane focus","Diablo II","Eagle Orb","Weapons","Sorceress orb","Equipment reskin","Orb, crystal or other arcane implement; ambiguous forms default to Arcane focus. No spells, charges, bonuses or class permissions are granted by this classification.","Normal","Normal / Magic","https://classic.battle.net/diablo2exp/items/normal/orbs.shtml","","User-approved equipment grouping",""
"Equipment","Arcane focus","Diablo II","Eldritch Orb","Weapons","Sorceress orb","Equipment reskin","Orb, crystal or other arcane implement; ambiguous forms default to Arcane focus. No spells, charges, bonuses or class permissions are granted by this classification.","Elite","Normal / Magic","https://classic.battle.net/diablo2exp/items/elite/orbs.shtml","","User-approved equipment grouping",""
"Equipment","Arcane focus","Diablo II","Glowing Orb","Weapons","Sorceress orb","Equipment reskin","Orb, crystal or other arcane implement; ambiguous forms default to Arcane focus. No spells, charges, bonuses or class permissions are granted by this classification.","Exceptional","Normal / Magic","https://classic.battle.net/diablo2exp/items/exceptional/orbs.shtml","","User-approved equipment grouping",""
"Equipment","Arcane focus","Diablo II","Heavenly Stone","Weapons","Sorceress orb","Equipment reskin","Orb, crystal or other arcane implement; ambiguous forms default to Arcane focus. No spells, charges, bonuses or class permissions are granted by this classification.","Elite","Normal / Magic","https://classic.battle.net/diablo2exp/items/elite/orbs.shtml","","User-approved equipment grouping",""
"Equipment","Arcane focus","Diablo II","Jared's Stone","Weapons","Sorceress orb","Equipment reskin","Orb, crystal or other arcane implement; ambiguous forms default to Arcane focus. No spells, charges, bonuses or class permissions are granted by this classification.","Normal","Normal / Magic","https://classic.battle.net/diablo2exp/items/normal/orbs.shtml","","User-approved equipment grouping",""
"Equipment","Arcane focus","Diablo II","Sacred Globe","Weapons","Sorceress orb","Equipment reskin","Orb, crystal or other arcane implement; ambiguous forms default to Arcane focus. No spells, charges, bonuses or class permissions are granted by this classification.","Normal","Normal / Magic","https://classic.battle.net/diablo2exp/items/normal/orbs.shtml","","User-approved equipment grouping",""
"Equipment","Arcane focus","Diablo II","Smoked Sphere","Weapons","Sorceress orb","Equipment reskin","Orb, crystal or other arcane implement; ambiguous forms default to Arcane focus. No spells, charges, bonuses or class permissions are granted by this classification.","Normal","Normal / Magic","https://classic.battle.net/diablo2exp/items/normal/orbs.shtml","","User-approved equipment grouping",""
"Equipment","Arcane focus","Diablo II","Sparkling Ball","Weapons","Sorceress orb","Equipment reskin","Orb, crystal or other arcane implement; ambiguous forms default to Arcane focus. No spells, charges, bonuses or class permissions are granted by this classification.","Exceptional","Normal / Magic","https://classic.battle.net/diablo2exp/items/exceptional/orbs.shtml","","User-approved equipment grouping",""
"Equipment","Arcane focus","Diablo II","Swirling Crystal","Weapons","Sorceress orb","Equipment reskin","Orb, crystal or other arcane implement; ambiguous forms default to Arcane focus. No spells, charges, bonuses or class permissions are granted by this classification.","Exceptional","Normal / Magic","https://classic.battle.net/diablo2exp/items/exceptional/orbs.shtml","","User-approved equipment grouping",""
"Equipment","Arcane focus","Diablo II","Vortex Orb","Weapons","Sorceress orb","Equipment reskin","Orb, crystal or other arcane implement; ambiguous forms default to Arcane focus. No spells, charges, bonuses or class permissions are granted by this classification.","Elite","Normal / Magic","https://classic.battle.net/diablo2exp/items/elite/orbs.shtml","","User-approved equipment grouping",""
"Equipment","Arcane focus","Diablo III","Eagle Orb","Weapons","Source","Equipment reskin","Orb, crystal or other arcane implement; ambiguous forms default to Arcane focus. No spells, charges, bonuses or class permissions are granted by this classification.","Base","Base type (white/grey/blue)","https://eu.diablo3.blizzard.com/en-gb/item/eagle-orb-Orb_001","","User-approved equipment grouping",""
"Equipment","Arcane focus","Diablo III","Moschen Spheres","Weapons","Source","Equipment reskin","Orb, crystal or other arcane implement; ambiguous forms default to Arcane focus. No spells, charges, bonuses or class permissions are granted by this classification.","Base","Base type (white/grey/blue)","https://eu.diablo3.blizzard.com/en-gb/artisan/blacksmith/recipe/sovereign-moschen-spheres","Base name listed through a crafting recipe in Blizzard item guide; recipe bonuses excluded.","User-approved equipment grouping",""
"Equipment","Arcane focus","Diablo III","Nether Orb","Weapons","Source","Equipment reskin","Orb, crystal or other arcane implement; ambiguous forms default to Arcane focus. No spells, charges, bonuses or class permissions are granted by this classification.","Base","Base type (white/grey/blue)","https://eu.diablo3.blizzard.com/en-gb/artisan/blacksmith/recipe/master-globe","Base name listed through a crafting recipe in Blizzard item guide; recipe bonuses excluded.","User-approved equipment grouping",""
"Equipment","Arcane focus","Diablo III","Orbit Stones","Weapons","Source","Equipment reskin","Orb, crystal or other arcane implement; ambiguous forms default to Arcane focus. No spells, charges, bonuses or class permissions are granted by this classification.","Base","Base type (white/grey/blue)","https://eu.diablo3.blizzard.com/en-gb/artisan/blacksmith/recipe/exalted-orbit-stones","Base name listed through a crafting recipe in Blizzard item guide; recipe bonuses excluded.","User-approved equipment grouping",""
"Equipment","Arcane focus","Diablo III","Power Sphere","Weapons","Source","Equipment reskin","Orb, crystal or other arcane implement; ambiguous forms default to Arcane focus. No spells, charges, bonuses or class permissions are granted by this classification.","Base","Base type (white/grey/blue)","https://eu.diablo3.blizzard.com/en-gb/artisan/blacksmith/recipe/glorious-codex","Base name listed through a crafting recipe in Blizzard item guide; recipe bonuses excluded.","User-approved equipment grouping",""
"Equipment","Arcane focus","Diablo III","Puzzle Box","Weapons","Source","Equipment reskin","Orb, crystal or other arcane implement; ambiguous forms default to Arcane focus. No spells, charges, bonuses or class permissions are granted by this classification.","Base","Base type (white/grey/blue)","https://eu.diablo3.blizzard.com/en-gb/artisan/blacksmith/recipe/exquisite-puzzle-box","Base name listed through a crafting recipe in Blizzard item guide; recipe bonuses excluded.","User-approved equipment grouping",""
"Equipment","Arcane focus","Diablo III","Sanctuary Globe","Weapons","Source","Equipment reskin","Orb, crystal or other arcane implement; ambiguous forms default to Arcane focus. No spells, charges, bonuses or class permissions are granted by this classification.","Base","Base type (white/grey/blue)","https://eu.diablo3.blizzard.com/en-gb/artisan/blacksmith/recipe/grand-master-fiendish-folio","Base name listed through a crafting recipe in Blizzard item guide; recipe bonuses excluded.","User-approved equipment grouping",""
"Equipment","Arcane focus","Diablo III","Smoked Spheres","Weapons","Source","Equipment reskin","Orb, crystal or other arcane implement; ambiguous forms default to Arcane focus. No spells, charges, bonuses or class permissions are granted by this classification.","Base","Base type (white/grey/blue)","https://eu.diablo3.blizzard.com/en-gb/artisan/blacksmith/recipe/journeyman-smoked-spheres","Base name listed through a crafting recipe in Blizzard item guide; recipe bonuses excluded.","User-approved equipment grouping",""
"Equipment","Arcane focus","Diablo III","Triad","Weapons","Source","Equipment reskin","Orb, crystal or other arcane implement; ambiguous forms default to Arcane focus. No spells, charges, bonuses or class permissions are granted by this classification.","Base","Base type (white/grey/blue)","https://eu.diablo3.blizzard.com/en-gb/artisan/blacksmith/recipe/magnificent-screaming-skull","Base name listed through a crafting recipe in Blizzard item guide; recipe bonuses excluded.","User-approved equipment grouping",""
"Equipment","Arcane focus","Diablo IV","Augur","Weapons","Focus","Equipment reskin","Orb, crystal or other arcane implement; ambiguous forms default to Arcane focus. No spells, charges, bonuses or class permissions are granted by this classification.","Base","Magic","https://docs.google.com/spreadsheets/d/1IC6VCLGzocHjHTGQHj3yPSY0KOVBY97jFOFQWvMSARs/edit","Source catalogue updated 2026-07-27; base game","User-approved equipment grouping",""
"Equipment","Arcane focus","Diablo IV","Keepsake","Weapons","Focus","Equipment reskin","Orb, crystal or other arcane implement; ambiguous forms default to Arcane focus. No spells, charges, bonuses or class permissions are granted by this classification.","Base","Magic","https://docs.google.com/spreadsheets/d/1IC6VCLGzocHjHTGQHj3yPSY0KOVBY97jFOFQWvMSARs/edit","Source catalogue updated 2026-07-27; base game","User-approved equipment grouping",""
"Equipment","Arcane focus","Diablo IV","Refined Focus","Weapons","Focus","Equipment reskin","Orb, crystal or other arcane implement; ambiguous forms default to Arcane focus. No spells, charges, bonuses or class permissions are granted by this classification.","Base","Magic","https://docs.google.com/spreadsheets/d/1IC6VCLGzocHjHTGQHj3yPSY0KOVBY97jFOFQWvMSARs/edit","Source catalogue updated 2026-07-27; base game","User-approved equipment grouping",""
"Equipment","Arcane focus","Diablo IV","Simple Focus","Weapons","Focus","Equipment reskin","Orb, crystal or other arcane implement; ambiguous forms default to Arcane focus. No spells, charges, bonuses or class permissions are granted by this classification.","Base","Magic","https://docs.google.com/spreadsheets/d/1IC6VCLGzocHjHTGQHj3yPSY0KOVBY97jFOFQWvMSARs/edit","Source catalogue updated 2026-07-27; base game","User-approved equipment grouping",""
"Equipment","Holy symbol","Diablo II","Bloodlord Skull","Armour","Necromancer shrunken head","Equipment reskin","Ritual token, fetish, relic or trophy; holy symbol is a functional category and may represent a dark faith. No spells, charges, bonuses or class permissions are granted by this classification.","Elite","Normal / Magic","https://classic.battle.net/diablo2exp/items/elite/shrunkenheads.shtml","","User-approved equipment grouping",""
"Equipment","Holy symbol","Diablo II","Cantor Trophy","Armour","Necromancer shrunken head","Equipment reskin","Ritual token, fetish, relic or trophy; holy symbol is a functional category and may represent a dark faith. No spells, charges, bonuses or class permissions are granted by this classification.","Exceptional","Normal / Magic","https://classic.battle.net/diablo2exp/items/exceptional/shrunkenheads.shtml","","User-approved equipment grouping",""
"Equipment","Holy symbol","Diablo II","Demon Head","Armour","Necromancer shrunken head","Equipment reskin","Ritual token, fetish, relic or trophy; holy symbol is a functional category and may represent a dark faith. No spells, charges, bonuses or class permissions are granted by this classification.","Normal","Normal / Magic","https://classic.battle.net/diablo2exp/items/normal/shrunkenheads.shtml","","User-approved equipment grouping",""
"Equipment","Holy symbol","Diablo II","Fetish Trophy","Armour","Necromancer shrunken head","Equipment reskin","Ritual token, fetish, relic or trophy; holy symbol is a functional category and may represent a dark faith. No spells, charges, bonuses or class permissions are granted by this classification.","Exceptional","Normal / Magic","https://classic.battle.net/diablo2exp/items/exceptional/shrunkenheads.shtml","","User-approved equipment grouping",""
"Equipment","Holy symbol","Diablo II","Gargoyle Head","Armour","Necromancer shrunken head","Equipment reskin","Ritual token, fetish, relic or trophy; holy symbol is a functional category and may represent a dark faith. No spells, charges, bonuses or class permissions are granted by this classification.","Normal","Normal / Magic","https://classic.battle.net/diablo2exp/items/normal/shrunkenheads.shtml","","User-approved equipment grouping",""
"Equipment","Holy symbol","Diablo II","Hellspawn Skull","Armour","Necromancer shrunken head","Equipment reskin","Ritual token, fetish, relic or trophy; holy symbol is a functional category and may represent a dark faith. No spells, charges, bonuses or class permissions are granted by this classification.","Elite","Normal / Magic","https://classic.battle.net/diablo2exp/items/elite/shrunkenheads.shtml","","User-approved equipment grouping",""
"Equipment","Holy symbol","Diablo II","Hierophant Trophy","Armour","Necromancer shrunken head","Equipment reskin","Ritual token, fetish, relic or trophy; holy symbol is a functional category and may represent a dark faith. No spells, charges, bonuses or class permissions are granted by this classification.","Exceptional","Normal / Magic","https://classic.battle.net/diablo2exp/items/exceptional/shrunkenheads.shtml","","User-approved equipment grouping",""
"Equipment","Holy symbol","Diablo II","Minion Skull","Armour","Necromancer shrunken head","Equipment reskin","Ritual token, fetish, relic or trophy; holy symbol is a functional category and may represent a dark faith. No spells, charges, bonuses or class permissions are granted by this classification.","Elite","Normal / Magic","https://classic.battle.net/diablo2exp/items/elite/shrunkenheads.shtml","","User-approved equipment grouping",""
"Equipment","Holy symbol","Diablo II","Mummified Trophy","Armour","Necromancer shrunken head","Equipment reskin","Ritual token, fetish, relic or trophy; holy symbol is a functional category and may represent a dark faith. No spells, charges, bonuses or class permissions are granted by this classification.","Exceptional","Normal / Magic","https://classic.battle.net/diablo2exp/items/exceptional/shrunkenheads.shtml","","User-approved equipment grouping",""
"Equipment","Holy symbol","Diablo II","Overseer Skull","Armour","Necromancer shrunken head","Equipment reskin","Ritual token, fetish, relic or trophy; holy symbol is a functional category and may represent a dark faith. No spells, charges, bonuses or class permissions are granted by this classification.","Elite","Normal / Magic","https://classic.battle.net/diablo2exp/items/elite/shrunkenheads.shtml","","User-approved equipment grouping",""
"Equipment","Holy symbol","Diablo II","Preserved Head","Armour","Necromancer shrunken head","Equipment reskin","Ritual token, fetish, relic or trophy; holy symbol is a functional category and may represent a dark faith. No spells, charges, bonuses or class permissions are granted by this classification.","Normal","Normal / Magic","https://classic.battle.net/diablo2exp/items/normal/shrunkenheads.shtml","","User-approved equipment grouping",""
"Equipment","Holy symbol","Diablo II","Sexton Trophy","Armour","Necromancer shrunken head","Equipment reskin","Ritual token, fetish, relic or trophy; holy symbol is a functional category and may represent a dark faith. No spells, charges, bonuses or class permissions are granted by this classification.","Exceptional","Normal / Magic","https://classic.battle.net/diablo2exp/items/exceptional/shrunkenheads.shtml","","User-approved equipment grouping",""
"Equipment","Holy symbol","Diablo II","Succubus Skull","Armour","Necromancer shrunken head","Equipment reskin","Ritual token, fetish, relic or trophy; holy symbol is a functional category and may represent a dark faith. No spells, charges, bonuses or class permissions are granted by this classification.","Elite","Normal / Magic","https://classic.battle.net/diablo2exp/items/elite/shrunkenheads.shtml","","User-approved equipment grouping",""
"Equipment","Holy symbol","Diablo II","Unraveller Head","Armour","Necromancer shrunken head","Equipment reskin","Ritual token, fetish, relic or trophy; holy symbol is a functional category and may represent a dark faith. No spells, charges, bonuses or class permissions are granted by this classification.","Normal","Normal / Magic","https://classic.battle.net/diablo2exp/items/normal/shrunkenheads.shtml","","User-approved equipment grouping",""
"Equipment","Holy symbol","Diablo II","Zombie Head","Armour","Necromancer shrunken head","Equipment reskin","Ritual token, fetish, relic or trophy; holy symbol is a functional category and may represent a dark faith. No spells, charges, bonuses or class permissions are granted by this classification.","Normal","Normal / Magic","https://classic.battle.net/diablo2exp/items/normal/shrunkenheads.shtml","","User-approved equipment grouping",""
"Equipment","Holy symbol","Diablo III","Caged Horror","Weapons","Mojo","Equipment reskin","Ritual token, fetish, relic or trophy; holy symbol is a functional category and may represent a dark faith. No spells, charges, bonuses or class permissions are granted by this classification.","Base","Base type (white/grey/blue)","https://eu.diablo3.blizzard.com/en-gb/artisan/blacksmith/recipe/journeyman-caged-horror","Base name listed through a crafting recipe in Blizzard item guide; recipe bonuses excluded.","User-approved equipment grouping",""
"Equipment","Holy symbol","Diablo III","Copperhead","Weapons","Mojo","Equipment reskin","Ritual token, fetish, relic or trophy; holy symbol is a functional category and may represent a dark faith. No spells, charges, bonuses or class permissions are granted by this classification.","Base","Base type (white/grey/blue)","https://eu.diablo3.blizzard.com/en-gb/artisan/blacksmith/recipe/resplendent-copperhead","Base name listed through a crafting recipe in Blizzard item guide; recipe bonuses excluded.","User-approved equipment grouping",""
"Equipment","Holy symbol","Diablo III","Gris-Gris Moppet","Weapons","Mojo","Equipment reskin","Ritual token, fetish, relic or trophy; holy symbol is a functional category and may represent a dark faith. No spells, charges, bonuses or class permissions are granted by this classification.","Base","Base type (white/grey/blue)","https://eu.diablo3.blizzard.com/en-gb/artisan/blacksmith/recipe/grand-master-tzantza","Base name listed through a crafting recipe in Blizzard item guide; recipe bonuses excluded.","User-approved equipment grouping",""
"Equipment","Holy symbol","Diablo III","Hollow Gaze","Weapons","Mojo","Equipment reskin","Ritual token, fetish, relic or trophy; holy symbol is a functional category and may represent a dark faith. No spells, charges, bonuses or class permissions are granted by this classification.","Base","Base type (white/grey/blue)","https://eu.diablo3.blizzard.com/en-gb/artisan/blacksmith/recipe/sovereign-thing-that-should-not-be","Base name listed through a crafting recipe in Blizzard item guide; recipe bonuses excluded.","User-approved equipment grouping",""
"Equipment","Holy symbol","Diablo III","Kurastian Asp","Weapons","Mojo","Equipment reskin","Ritual token, fetish, relic or trophy; holy symbol is a functional category and may represent a dark faith. No spells, charges, bonuses or class permissions are granted by this classification.","Base","Base type (white/grey/blue)","https://eu.diablo3.blizzard.com/en-gb/item/kurastian-asp-Mojo_204","","User-approved equipment grouping",""
"Equipment","Holy symbol","Diablo III","Living Tentacle","Weapons","Mojo","Equipment reskin","Ritual token, fetish, relic or trophy; holy symbol is a functional category and may represent a dark faith. No spells, charges, bonuses or class permissions are granted by this classification.","Base","Base type (white/grey/blue)","https://eu.diablo3.blizzard.com/en-gb/artisan/blacksmith/recipe/magnificent-living-tentacle","Base name listed through a crafting recipe in Blizzard item guide; recipe bonuses excluded.","User-approved equipment grouping",""
"Equipment","Holy symbol","Diablo III","Muttering Head","Weapons","Mojo","Equipment reskin","Ritual token, fetish, relic or trophy; holy symbol is a functional category and may represent a dark faith. No spells, charges, bonuses or class permissions are granted by this classification.","Base","Base type (white/grey/blue)","https://eu.diablo3.blizzard.com/en-gb/item/muttering-head-Mojo_202","","User-approved equipment grouping",""
"Equipment","Holy symbol","Diablo III","Shrunken Ghoul Head","Weapons","Mojo","Equipment reskin","Ritual token, fetish, relic or trophy; holy symbol is a functional category and may represent a dark faith. No spells, charges, bonuses or class permissions are granted by this classification.","Base","Base type (white/grey/blue)","https://eu.diablo3.blizzard.com/en-gb/artisan/blacksmith/recipe/master-moppet","Base name listed through a crafting recipe in Blizzard item guide; recipe bonuses excluded.","User-approved equipment grouping",""
"Equipment","Holy symbol","Diablo III","Shrunken Head","Weapons","Mojo","Equipment reskin","Ritual token, fetish, relic or trophy; holy symbol is a functional category and may represent a dark faith. No spells, charges, bonuses or class permissions are granted by this classification.","Base","Base type (white/grey/blue)","https://eu.diablo3.blizzard.com/en-gb/item/shrunken-head-Mojo_002","","User-approved equipment grouping",""
"Equipment","Holy symbol","Diablo III","Skull Talisman","Weapons","Mojo","Equipment reskin","Ritual token, fetish, relic or trophy; holy symbol is a functional category and may represent a dark faith. No spells, charges, bonuses or class permissions are granted by this classification.","Base","Base type (white/grey/blue)","https://eu.diablo3.blizzard.com/en-gb/artisan/blacksmith/recipe/exquisite-skull-talisman","Base name listed through a crafting recipe in Blizzard item guide; recipe bonuses excluded.","User-approved equipment grouping",""
"Equipment","Holy symbol","Diablo III","Tzantza","Weapons","Mojo","Equipment reskin","Ritual token, fetish, relic or trophy; holy symbol is a functional category and may represent a dark faith. No spells, charges, bonuses or class permissions are granted by this classification.","Base","Base type (white/grey/blue)","https://eu.diablo3.blizzard.com/en-gb/artisan/blacksmith/recipe/illustrious-juju","Base name listed through a crafting recipe in Blizzard item guide; recipe bonuses excluded.","User-approved equipment grouping",""
"Equipment","Holy symbol","Diablo III","Unspeakable Thing","Weapons","Mojo","Equipment reskin","Ritual token, fetish, relic or trophy; holy symbol is a functional category and may represent a dark faith. No spells, charges, bonuses or class permissions are granted by this classification.","Base","Base type (white/grey/blue)","https://eu.diablo3.blizzard.com/en-gb/artisan/blacksmith/recipe/exalted-unspeakable-thing","Base name listed through a crafting recipe in Blizzard item guide; recipe bonuses excluded.","User-approved equipment grouping",""
"Equipment","Holy symbol","Diablo III","Viper","Weapons","Mojo","Equipment reskin","Ritual token, fetish, relic or trophy; holy symbol is a functional category and may represent a dark faith. No spells, charges, bonuses or class permissions are granted by this classification.","Base","Base type (white/grey/blue)","https://eu.diablo3.blizzard.com/en-gb/artisan/blacksmith/recipe/adept-viper","Base name listed through a crafting recipe in Blizzard item guide; recipe bonuses excluded.","User-approved equipment grouping",""
"Equipment","Holy symbol","Diablo III","Wanga Doll","Weapons","Mojo","Equipment reskin","Ritual token, fetish, relic or trophy; holy symbol is a functional category and may represent a dark faith. No spells, charges, bonuses or class permissions are granted by this classification.","Base","Base type (white/grey/blue)","https://eu.diablo3.blizzard.com/en-gb/item/wanga-doll-Mojo_001","","User-approved equipment grouping",""
"Equipment","Holy symbol","Diablo III","Wicker Man","Weapons","Mojo","Equipment reskin","Ritual token, fetish, relic or trophy; holy symbol is a functional category and may represent a dark faith. No spells, charges, bonuses or class permissions are granted by this classification.","Base","Base type (white/grey/blue)","https://eu.diablo3.blizzard.com/en-gb/artisan/blacksmith/recipe/glorious-wicker-man","Base name listed through a crafting recipe in Blizzard item guide; recipe bonuses excluded.","User-approved equipment grouping",""
"Equipment","Holy symbol","Diablo III","Blasphemer's Cinerary","Weapons","Phylactery","Equipment reskin","Ritual token, fetish, relic or trophy; holy symbol is a functional category and may represent a dark faith. No spells, charges, bonuses or class permissions are granted by this classification.","Base","Base type (white/grey/blue)","https://eu.diablo3.blizzard.com/en-gb/item/blasphemers-cinerary-NecromancerTalisman_002_t7","","User-approved equipment grouping",""
"Equipment","Holy symbol","Diablo III","Cursed Reliquary","Weapons","Phylactery","Equipment reskin","Ritual token, fetish, relic or trophy; holy symbol is a functional category and may represent a dark faith. No spells, charges, bonuses or class permissions are granted by this classification.","Base","Base type (white/grey/blue)","https://eu.diablo3.blizzard.com/en-gb/item/cursed-reliquary-NecromancerTalisman_002_t5","","User-approved equipment grouping",""
"Equipment","Holy symbol","Diablo III","Dark Remains","Weapons","Phylactery","Equipment reskin","Ritual token, fetish, relic or trophy; holy symbol is a functional category and may represent a dark faith. No spells, charges, bonuses or class permissions are granted by this classification.","Base","Base type (white/grey/blue)","https://eu.diablo3.blizzard.com/en-gb/item/dark-remains-NecromancerTalisman_001_t3","","User-approved equipment grouping",""
"Equipment","Holy symbol","Diablo III","Demonic Cinerary","Weapons","Phylactery","Equipment reskin","Ritual token, fetish, relic or trophy; holy symbol is a functional category and may represent a dark faith. No spells, charges, bonuses or class permissions are granted by this classification.","Base","Base type (white/grey/blue)","https://eu.diablo3.blizzard.com/en-gb/item/demonic-cinerary-NecromancerTalisman_001_t2","","User-approved equipment grouping",""
"Equipment","Holy symbol","Diablo III","Desiccated Heart","Weapons","Phylactery","Equipment reskin","Ritual token, fetish, relic or trophy; holy symbol is a functional category and may represent a dark faith. No spells, charges, bonuses or class permissions are granted by this classification.","Base","Base type (white/grey/blue)","https://eu.diablo3.blizzard.com/en-gb/artisan/blacksmith/recipe/exsanguinated-heart","Base name listed through a crafting recipe in Blizzard item guide; recipe bonuses excluded.","User-approved equipment grouping",""
"Equipment","Holy symbol","Diablo III","Forbidden Cinerary","Weapons","Phylactery","Equipment reskin","Ritual token, fetish, relic or trophy; holy symbol is a functional category and may represent a dark faith. No spells, charges, bonuses or class permissions are granted by this classification.","Base","Base type (white/grey/blue)","https://eu.diablo3.blizzard.com/en-gb/artisan/blacksmith/recipe/shattered-candle","Base name listed through a crafting recipe in Blizzard item guide; recipe bonuses excluded.","User-approved equipment grouping",""
"Equipment","Holy symbol","Diablo III","Golem Heart","Weapons","Phylactery","Equipment reskin","Ritual token, fetish, relic or trophy; holy symbol is a functional category and may represent a dark faith. No spells, charges, bonuses or class permissions are granted by this classification.","Base","Base type (white/grey/blue)","https://eu.diablo3.blizzard.com/en-gb/item/golem-heart-NecromancerTalisman_002_t6","","User-approved equipment grouping",""
"Equipment","Holy symbol","Diablo III","Granite Heart","Weapons","Phylactery","Equipment reskin","Ritual token, fetish, relic or trophy; holy symbol is a functional category and may represent a dark faith. No spells, charges, bonuses or class permissions are granted by this classification.","Base","Base type (white/grey/blue)","https://eu.diablo3.blizzard.com/en-gb/item/granite-heart-NecromancerTalisman_002_t3","","User-approved equipment grouping",""
"Equipment","Holy symbol","Diablo III","Horrifying Cinerary","Weapons","Phylactery","Equipment reskin","Ritual token, fetish, relic or trophy; holy symbol is a functional category and may represent a dark faith. No spells, charges, bonuses or class permissions are granted by this classification.","Base","Base type (white/grey/blue)","https://eu.diablo3.blizzard.com/en-gb/item/horrifying-cinerary-NecromancerTalisman_003_t2","","User-approved equipment grouping",""
"Equipment","Holy symbol","Diablo III","Incorruptible Soul","Weapons","Phylactery","Equipment reskin","Ritual token, fetish, relic or trophy; holy symbol is a functional category and may represent a dark faith. No spells, charges, bonuses or class permissions are granted by this classification.","Base","Base type (white/grey/blue)","https://eu.diablo3.blizzard.com/en-gb/artisan/blacksmith/recipe/embalming-vessel","Base name listed through a crafting recipe in Blizzard item guide; recipe bonuses excluded.","User-approved equipment grouping",""
"Equipment","Holy symbol","Diablo III","Innocent Cinerary","Weapons","Phylactery","Equipment reskin","Ritual token, fetish, relic or trophy; holy symbol is a functional category and may represent a dark faith. No spells, charges, bonuses or class permissions are granted by this classification.","Base","Base type (white/grey/blue)","https://eu.diablo3.blizzard.com/en-gb/item/innocent-cinerary-NecromancerTalisman_002_t4","","User-approved equipment grouping",""
"Equipment","Holy symbol","Diablo III","Nephalem Heart","Weapons","Phylactery","Equipment reskin","Ritual token, fetish, relic or trophy; holy symbol is a functional category and may represent a dark faith. No spells, charges, bonuses or class permissions are granted by this classification.","Base","Base type (white/grey/blue)","https://eu.diablo3.blizzard.com/en-gb/artisan/blacksmith/recipe/masters-reliquary","Base name listed through a crafting recipe in Blizzard item guide; recipe bonuses excluded.","User-approved equipment grouping",""
"Equipment","Holy symbol","Diablo III","Peasant Heart","Weapons","Phylactery","Equipment reskin","Ritual token, fetish, relic or trophy; holy symbol is a functional category and may represent a dark faith. No spells, charges, bonuses or class permissions are granted by this classification.","Base","Base type (white/grey/blue)","https://eu.diablo3.blizzard.com/en-gb/item/peasant-heart-NecromancerTalisman_001_t4","","User-approved equipment grouping",""
"Equipment","Holy symbol","Diablo III","Saint's Remains","Weapons","Phylactery","Equipment reskin","Ritual token, fetish, relic or trophy; holy symbol is a functional category and may represent a dark faith. No spells, charges, bonuses or class permissions are granted by this classification.","Base","Base type (white/grey/blue)","https://eu.diablo3.blizzard.com/en-gb/item/saints-remains-NecromancerTalisman_002_t8","","User-approved equipment grouping",""
"Equipment","Holy symbol","Diablo III","Soul Prison","Weapons","Phylactery","Equipment reskin","Ritual token, fetish, relic or trophy; holy symbol is a functional category and may represent a dark faith. No spells, charges, bonuses or class permissions are granted by this classification.","Base","Base type (white/grey/blue)","https://eu.diablo3.blizzard.com/en-gb/item/soul-prison-NecromancerTalisman_002_t2","","User-approved equipment grouping",""
"Equipment","Holy symbol","Diablo III","Cursed Skull","Weapons","Source","Equipment reskin","Ritual token, fetish, relic or trophy; holy symbol is a functional category and may represent a dark faith. No spells, charges, bonuses or class permissions are granted by this classification.","Base","Base type (white/grey/blue)","https://eu.diablo3.blizzard.com/en-gb/artisan/blacksmith/recipe/adept-cursed-skull","Base name listed through a crafting recipe in Blizzard item guide; recipe bonuses excluded.","User-approved equipment grouping",""
"Equipment","Holy symbol","Diablo III","Demi Lich","Weapons","Source","Equipment reskin","Ritual token, fetish, relic or trophy; holy symbol is a functional category and may represent a dark faith. No spells, charges, bonuses or class permissions are granted by this classification.","Base","Base type (white/grey/blue)","https://eu.diablo3.blizzard.com/en-gb/item/demi-lich-Orb_204","","User-approved equipment grouping",""
"Equipment","Holy symbol","Diablo III","Screaming Skull","Weapons","Source","Equipment reskin","Ritual token, fetish, relic or trophy; holy symbol is a functional category and may represent a dark faith. No spells, charges, bonuses or class permissions are granted by this classification.","Base","Base type (white/grey/blue)","https://eu.diablo3.blizzard.com/en-gb/artisan/blacksmith/recipe/resplendent-power-sphere","Base name listed through a crafting recipe in Blizzard item guide; recipe bonuses excluded.","User-approved equipment grouping",""
"Equipment","Holy symbol","Diablo IV","Primitive Talisman","Weapons","Focus","Equipment reskin","Ritual token, fetish, relic or trophy; holy symbol is a functional category and may represent a dark faith. No spells, charges, bonuses or class permissions are granted by this classification.","Base","Magic","https://docs.google.com/spreadsheets/d/1IC6VCLGzocHjHTGQHj3yPSY0KOVBY97jFOFQWvMSARs/edit","Source catalogue updated 2026-07-27; base game","User-approved equipment grouping",""
"Equipment","Holy symbol","Diablo IV","Relic Skull","Weapons","Focus","Equipment reskin","Ritual token, fetish, relic or trophy; holy symbol is a functional category and may represent a dark faith. No spells, charges, bonuses or class permissions are granted by this classification.","Base","Common / Magic","https://docs.google.com/spreadsheets/d/1IC6VCLGzocHjHTGQHj3yPSY0KOVBY97jFOFQWvMSARs/edit","Source catalogue updated 2026-07-27; base game","User-approved equipment grouping",""
"Equipment","Holy symbol","Diablo IV","Crude Totem","Weapons","Totem","Equipment reskin","Ritual token, fetish, relic or trophy; holy symbol is a functional category and may represent a dark faith. No spells, charges, bonuses or class permissions are granted by this classification.","Base","Magic","https://docs.google.com/spreadsheets/d/1IC6VCLGzocHjHTGQHj3yPSY0KOVBY97jFOFQWvMSARs/edit","Source catalogue updated 2026-07-27; base game","User-approved equipment grouping",""
"Equipment","Holy symbol","Diablo IV","Dreamwhisper Totem","Weapons","Totem","Equipment reskin","Ritual token, fetish, relic or trophy; holy symbol is a functional category and may represent a dark faith. No spells, charges, bonuses or class permissions are granted by this classification.","Base","Magic","https://docs.google.com/spreadsheets/d/1IC6VCLGzocHjHTGQHj3yPSY0KOVBY97jFOFQWvMSARs/edit","Source catalogue updated 2026-07-27; base game","User-approved equipment grouping",""
"Equipment","Holy symbol","Diablo IV","Imbued Totem","Weapons","Totem","Equipment reskin","Ritual token, fetish, relic or trophy; holy symbol is a functional category and may represent a dark faith. No spells, charges, bonuses or class permissions are granted by this classification.","Base","Magic","https://docs.google.com/spreadsheets/d/1IC6VCLGzocHjHTGQHj3yPSY0KOVBY97jFOFQWvMSARs/edit","Source catalogue updated 2026-07-27; base game","User-approved equipment grouping",""
"Equipment","Holy symbol","Diablo IV","Lesser Totem","Weapons","Totem","Equipment reskin","Ritual token, fetish, relic or trophy; holy symbol is a functional category and may represent a dark faith. No spells, charges, bonuses or class permissions are granted by this classification.","Base","Magic","https://docs.google.com/spreadsheets/d/1IC6VCLGzocHjHTGQHj3yPSY0KOVBY97jFOFQWvMSARs/edit","Source catalogue updated 2026-07-27; base game","User-approved equipment grouping",""
"Equipment","Holy symbol","Diablo IV","Primitive Totem","Weapons","Totem","Equipment reskin","Ritual token, fetish, relic or trophy; holy symbol is a functional category and may represent a dark faith. No spells, charges, bonuses or class permissions are granted by this classification.","Base","Magic","https://docs.google.com/spreadsheets/d/1IC6VCLGzocHjHTGQHj3yPSY0KOVBY97jFOFQWvMSARs/edit","Source catalogue updated 2026-07-27; base game","User-approved equipment grouping",""
"Equipment","Holy symbol","Diablo IV","Totem","Weapons","Totem","Equipment reskin","Ritual token, fetish, relic or trophy; holy symbol is a functional category and may represent a dark faith. No spells, charges, bonuses or class permissions are granted by this classification.","Base","Common","https://docs.google.com/spreadsheets/d/1IC6VCLGzocHjHTGQHj3yPSY0KOVBY97jFOFQWvMSARs/edit","Source catalogue updated 2026-07-27; base game","User-approved equipment grouping",""
"Equipment","Quiver","Diablo III","Ascended Quiver","Weapons","Quiver","Equipment reskin","Ordinary ammunition container. No spells, charges, bonuses or class permissions are granted by this classification.","Base","Base type (white/grey/blue)","https://eu.diablo3.blizzard.com/en-gb/artisan/blacksmith/recipe/sovereign-ascended-quiver","Base name listed through a crafting recipe in Blizzard item guide; recipe bonuses excluded.","User-approved equipment grouping",""
"Equipment","Quiver","Diablo III","Assassin Quiver","Weapons","Quiver","Equipment reskin","Ordinary ammunition container. No spells, charges, bonuses or class permissions are granted by this classification.","Base","Base type (white/grey/blue)","https://eu.diablo3.blizzard.com/en-gb/artisan/blacksmith/recipe/adept-hunting-quiver","Base name listed through a crafting recipe in Blizzard item guide; recipe bonuses excluded.","User-approved equipment grouping",""
"Equipment","Quiver","Diablo III","Barbed Quiver","Weapons","Quiver","Equipment reskin","Ordinary ammunition container. No spells, charges, bonuses or class permissions are granted by this classification.","Base","Base type (white/grey/blue)","https://eu.diablo3.blizzard.com/en-gb/artisan/blacksmith/recipe/grand-master-heavy-quiver","Base name listed through a crafting recipe in Blizzard item guide; recipe bonuses excluded.","User-approved equipment grouping",""
"Equipment","Quiver","Diablo III","Bonetooth Quiver","Weapons","Quiver","Equipment reskin","Ordinary ammunition container. No spells, charges, bonuses or class permissions are granted by this classification.","Base","Base type (white/grey/blue)","https://eu.diablo3.blizzard.com/en-gb/item/bonetooth-quiver-Quiver_202","","User-approved equipment grouping",""
"Equipment","Quiver","Diablo III","Canvas Quiver","Weapons","Quiver","Equipment reskin","Ordinary ammunition container. No spells, charges, bonuses or class permissions are granted by this classification.","Base","Base type (white/grey/blue)","https://eu.diablo3.blizzard.com/en-gb/item/canvas-quiver-Quiver_002","","User-approved equipment grouping",""
"Equipment","Quiver","Diablo III","Consecrated Quiver","Weapons","Quiver","Equipment reskin","Ordinary ammunition container. No spells, charges, bonuses or class permissions are granted by this classification.","Base","Base type (white/grey/blue)","https://eu.diablo3.blizzard.com/en-gb/artisan/blacksmith/recipe/exalted-runic-quiver","Base name listed through a crafting recipe in Blizzard item guide; recipe bonuses excluded.","User-approved equipment grouping",""
"Equipment","Quiver","Diablo III","Deadeye Quiver","Weapons","Quiver","Equipment reskin","Ordinary ammunition container. No spells, charges, bonuses or class permissions are granted by this classification.","Base","Base type (white/grey/blue)","https://eu.diablo3.blizzard.com/en-gb/artisan/blacksmith/recipe/glorious-deadeye-quiver","Base name listed through a crafting recipe in Blizzard item guide; recipe bonuses excluded.","User-approved equipment grouping",""
"Equipment","Quiver","Diablo III","Hallowed Quiver","Weapons","Quiver","Equipment reskin","Ordinary ammunition container. No spells, charges, bonuses or class permissions are granted by this classification.","Base","Base type (white/grey/blue)","https://eu.diablo3.blizzard.com/en-gb/artisan/blacksmith/recipe/illustrious-barbed-quiver","Base name listed through a crafting recipe in Blizzard item guide; recipe bonuses excluded.","User-approved equipment grouping",""
"Equipment","Quiver","Diablo III","Heavy Quiver","Weapons","Quiver","Equipment reskin","Ordinary ammunition container. No spells, charges, bonuses or class permissions are granted by this classification.","Base","Base type (white/grey/blue)","https://eu.diablo3.blizzard.com/en-gb/artisan/blacksmith/recipe/master-assassin-quiver","Base name listed through a crafting recipe in Blizzard item guide; recipe bonuses excluded.","User-approved equipment grouping",""
"Equipment","Quiver","Diablo III","Hunting Quiver","Weapons","Quiver","Equipment reskin","Ordinary ammunition container. No spells, charges, bonuses or class permissions are granted by this classification.","Base","Base type (white/grey/blue)","https://eu.diablo3.blizzard.com/en-gb/artisan/blacksmith/recipe/journeyman-leather-quiver","Base name listed through a crafting recipe in Blizzard item guide; recipe bonuses excluded.","User-approved equipment grouping",""
"Equipment","Quiver","Diablo III","Leather Quiver","Weapons","Quiver","Equipment reskin","Ordinary ammunition container. No spells, charges, bonuses or class permissions are granted by this classification.","Base","Base type (white/grey/blue)","https://eu.diablo3.blizzard.com/en-gb/item/leather-quiver-Quiver_003","","User-approved equipment grouping",""
"Equipment","Quiver","Diablo III","Quiver","Weapons","Quiver","Equipment reskin","Ordinary ammunition container. No spells, charges, bonuses or class permissions are granted by this classification.","Base","Base type (white/grey/blue)","https://eu.diablo3.blizzard.com/en-gb/item/quiver-Quiver_001","","User-approved equipment grouping",""
"Equipment","Quiver","Diablo III","Rakkisgard Quiver","Weapons","Quiver","Equipment reskin","Ordinary ammunition container. No spells, charges, bonuses or class permissions are granted by this classification.","Base","Base type (white/grey/blue)","https://eu.diablo3.blizzard.com/en-gb/artisan/blacksmith/recipe/exquisite-rakkisgard-quiver","Base name listed through a crafting recipe in Blizzard item guide; recipe bonuses excluded.","User-approved equipment grouping",""
"Equipment","Quiver","Diablo III","Razorspine Quiver","Weapons","Quiver","Equipment reskin","Ordinary ammunition container. No spells, charges, bonuses or class permissions are granted by this classification.","Base","Base type (white/grey/blue)","https://eu.diablo3.blizzard.com/en-gb/artisan/blacksmith/recipe/resplendent-stalker-quiver","Base name listed through a crafting recipe in Blizzard item guide; recipe bonuses excluded.","User-approved equipment grouping",""
"Equipment","Quiver","Diablo III","Runic Quiver","Weapons","Quiver","Equipment reskin","Ordinary ammunition container. No spells, charges, bonuses or class permissions are granted by this classification.","Base","Base type (white/grey/blue)","https://eu.diablo3.blizzard.com/en-gb/item/runic-quiver-Quiver_204","","User-approved equipment grouping",""
"Equipment","Quiver","Diablo III","Sanctified Quiver","Weapons","Quiver","Equipment reskin","Ordinary ammunition container. No spells, charges, bonuses or class permissions are granted by this classification.","Base","Base type (white/grey/blue)","https://eu.diablo3.blizzard.com/en-gb/item/sanctified-quiver-Quiver_205","","User-approved equipment grouping",""
"Equipment","Quiver","Diablo III","Stalker Quiver","Weapons","Quiver","Equipment reskin","Ordinary ammunition container. No spells, charges, bonuses or class permissions are granted by this classification.","Base","Base type (white/grey/blue)","https://eu.diablo3.blizzard.com/en-gb/item/stalker-quiver-Quiver_104","","User-approved equipment grouping",""
"Equipment","Spellbook","Diablo III","Codex","Weapons","Source","Equipment reskin","Book-form magical implement. No spells, charges, bonuses or class permissions are granted by this classification.","Base","Base type (white/grey/blue)","https://eu.diablo3.blizzard.com/en-gb/item/codex-Orb_202","","User-approved equipment grouping",""
"Equipment","Spellbook","Diablo III","Fiendish Folio","Weapons","Source","Equipment reskin","Book-form magical implement. No spells, charges, bonuses or class permissions are granted by this classification.","Base","Base type (white/grey/blue)","https://eu.diablo3.blizzard.com/en-gb/artisan/blacksmith/recipe/illustrious-triad","Base name listed through a crafting recipe in Blizzard item guide; recipe bonuses excluded.","User-approved equipment grouping",""
"Equipment","Spellbook","Diablo III","Spellbook","Weapons","Source","Equipment reskin","Book-form magical implement. No spells, charges, bonuses or class permissions are granted by this classification.","Base","Base type (white/grey/blue)","https://eu.diablo3.blizzard.com/en-gb/item/spellbook-Orb_002","","User-approved equipment grouping",""
"Equipment","Spellbook","Diablo IV","Fiendish Folio","Weapons","Focus","Equipment reskin","Book-form magical implement. No spells, charges, bonuses or class permissions are granted by this classification.","Base","Common / Magic","https://docs.google.com/spreadsheets/d/1IC6VCLGzocHjHTGQHj3yPSY0KOVBY97jFOFQWvMSARs/edit","Source catalogue updated 2026-07-27; base game","User-approved equipment grouping",""
"Equipment","Wand","Diablo II","Bone Wand","Weapons","Wand","Equipment reskin","Wand-family implement. No spells, charges, bonuses or class permissions are granted by this classification.","Normal","Normal / Magic","https://classic.battle.net/diablo2exp/items/normal/wands.shtml","","User-approved equipment grouping",""
"Equipment","Wand","Diablo II","Burnt Wand","Weapons","Wand","Equipment reskin","Wand-family implement. No spells, charges, bonuses or class permissions are granted by this classification.","Exceptional","Normal / Magic","https://classic.battle.net/diablo2exp/items/exceptional/wands.shtml","","User-approved equipment grouping",""
"Equipment","Wand","Diablo II","Ghost Wand","Weapons","Wand","Equipment reskin","Wand-family implement. No spells, charges, bonuses or class permissions are granted by this classification.","Elite","Normal / Magic","https://classic.battle.net/diablo2exp/items/elite/wands.shtml","","User-approved equipment grouping",""
"Equipment","Wand","Diablo II","Grave Wand","Weapons","Wand","Equipment reskin","Wand-family implement. No spells, charges, bonuses or class permissions are granted by this classification.","Exceptional","Normal / Magic","https://classic.battle.net/diablo2exp/items/exceptional/wands.shtml","","User-approved equipment grouping",""
"Equipment","Wand","Diablo II","Grim Wand","Weapons","Wand","Equipment reskin","Wand-family implement. No spells, charges, bonuses or class permissions are granted by this classification.","Normal","Normal / Magic","https://classic.battle.net/diablo2exp/items/normal/wands.shtml","","User-approved equipment grouping",""
"Equipment","Wand","Diablo II","Lich Wand","Weapons","Wand","Equipment reskin","Wand-family implement. No spells, charges, bonuses or class permissions are granted by this classification.","Elite","Normal / Magic","https://classic.battle.net/diablo2exp/items/elite/wands.shtml","","User-approved equipment grouping",""
"Equipment","Wand","Diablo II","Petrified Wand","Weapons","Wand","Equipment reskin","Wand-family implement. No spells, charges, bonuses or class permissions are granted by this classification.","Exceptional","Normal / Magic","https://classic.battle.net/diablo2exp/items/exceptional/wands.shtml","","User-approved equipment grouping",""
"Equipment","Wand","Diablo II","Polished Wand","Weapons","Wand","Equipment reskin","Wand-family implement. No spells, charges, bonuses or class permissions are granted by this classification.","Elite","Normal / Magic","https://classic.battle.net/diablo2exp/items/elite/wands.shtml","","User-approved equipment grouping",""
"Equipment","Wand","Diablo II","Tomb Wand","Weapons","Wand","Equipment reskin","Wand-family implement. No spells, charges, bonuses or class permissions are granted by this classification.","Exceptional","Normal / Magic","https://classic.battle.net/diablo2exp/items/exceptional/wands.shtml","","User-approved equipment grouping",""
"Equipment","Wand","Diablo II","Unearthed Wand","Weapons","Wand","Equipment reskin","Wand-family implement. No spells, charges, bonuses or class permissions are granted by this classification.","Elite","Normal / Magic","https://classic.battle.net/diablo2exp/items/elite/wands.shtml","","User-approved equipment grouping",""
"Equipment","Wand","Diablo II","Wand","Weapons","Wand","Equipment reskin","Wand-family implement. No spells, charges, bonuses or class permissions are granted by this classification.","Normal","Normal / Magic","https://classic.battle.net/diablo2exp/items/normal/wands.shtml","","User-approved equipment grouping",""
"Equipment","Wand","Diablo II","Yew Wand","Weapons","Wand","Equipment reskin","Wand-family implement. No spells, charges, bonuses or class permissions are granted by this classification.","Normal","Normal / Magic","https://classic.battle.net/diablo2exp/items/normal/wands.shtml","","User-approved equipment grouping",""
"Equipment","Wand","Diablo III","Apprentice's Wand","Weapons","Wand","Equipment reskin","Wand-family implement. No spells, charges, bonuses or class permissions are granted by this classification.","Base","Base type (white/grey/blue)","https://eu.diablo3.blizzard.com/en-gb/item/apprentices-wand-Wand_000","","User-approved equipment grouping",""
"Equipment","Wand","Diablo III","Archmage Wand","Weapons","Wand","Equipment reskin","Wand-family implement. No spells, charges, bonuses or class permissions are granted by this classification.","Base","Base type (white/grey/blue)","https://eu.diablo3.blizzard.com/en-gb/artisan/blacksmith/recipe/exalted-strike-wand","Base name listed through a crafting recipe in Blizzard item guide; recipe bonuses excluded.","User-approved equipment grouping",""
"Equipment","Wand","Diablo III","Battle Wand","Weapons","Wand","Equipment reskin","Wand-family implement. No spells, charges, bonuses or class permissions are granted by this classification.","Base","Base type (white/grey/blue)","https://eu.diablo3.blizzard.com/en-gb/item/battle-wand-Wand_104","","User-approved equipment grouping",""
"Equipment","Wand","Diablo III","Conjuration Twig","Weapons","Wand","Equipment reskin","Wand-family implement. No spells, charges, bonuses or class permissions are granted by this classification.","Base","Base type (white/grey/blue)","https://eu.diablo3.blizzard.com/en-gb/artisan/blacksmith/recipe/master-conjuration-twig","Base name listed through a crafting recipe in Blizzard item guide; recipe bonuses excluded.","User-approved equipment grouping",""
"Equipment","Wand","Diablo III","Demon's Head Wand","Weapons","Wand","Equipment reskin","Wand-family implement. No spells, charges, bonuses or class permissions are granted by this classification.","Base","Base type (white/grey/blue)","https://eu.diablo3.blizzard.com/en-gb/artisan/blacksmith/recipe/exquisite-demons-head-wand","Base name listed through a crafting recipe in Blizzard item guide; recipe bonuses excluded.","User-approved equipment grouping",""
"Equipment","Wand","Diablo III","Desolator Wand","Weapons","Wand","Equipment reskin","Wand-family implement. No spells, charges, bonuses or class permissions are granted by this classification.","Base","Base type (white/grey/blue)","https://eu.diablo3.blizzard.com/en-gb/item/desolator-wand-Wand_207","","User-approved equipment grouping",""
"Equipment","Wand","Diablo III","Diabolic Wand","Weapons","Wand","Equipment reskin","Wand-family implement. No spells, charges, bonuses or class permissions are granted by this classification.","Base","Base type (white/grey/blue)","https://eu.diablo3.blizzard.com/en-gb/artisan/blacksmith/recipe/sovereign-diabolic-wand","Base name listed through a crafting recipe in Blizzard item guide; recipe bonuses excluded.","User-approved equipment grouping",""
"Equipment","Wand","Diablo III","Divination Wand","Weapons","Wand","Equipment reskin","Wand-family implement. No spells, charges, bonuses or class permissions are granted by this classification.","Base","Base type (white/grey/blue)","https://eu.diablo3.blizzard.com/en-gb/artisan/blacksmith/recipe/magnificent-divination-wand","Base name listed through a crafting recipe in Blizzard item guide; recipe bonuses excluded.","User-approved equipment grouping",""
"Equipment","Wand","Diablo III","Duelist Wand","Weapons","Wand","Equipment reskin","Wand-family implement. No spells, charges, bonuses or class permissions are granted by this classification.","Base","Base type (white/grey/blue)","https://eu.diablo3.blizzard.com/en-gb/item/duelist-wand-Wand_102","","User-approved equipment grouping",""
"Equipment","Wand","Diablo III","Enchanter Wand","Weapons","Wand","Equipment reskin","Wand-family implement. No spells, charges, bonuses or class permissions are granted by this classification.","Base","Base type (white/grey/blue)","https://eu.diablo3.blizzard.com/en-gb/item/enchanter-wand-Wand_006","","User-approved equipment grouping",""
"Equipment","Wand","Diablo III","Greater Wand","Weapons","Wand","Equipment reskin","Wand-family implement. No spells, charges, bonuses or class permissions are granted by this classification.","Base","Base type (white/grey/blue)","https://eu.diablo3.blizzard.com/en-gb/item/greater-wand-Wand_201","","User-approved equipment grouping",""
"Equipment","Wand","Diablo III","Grim Wand","Weapons","Wand","Equipment reskin","Wand-family implement. No spells, charges, bonuses or class permissions are granted by this classification.","Base","Base type (white/grey/blue)","https://eu.diablo3.blizzard.com/en-gb/artisan/blacksmith/recipe/adept-enchanter-wand","Base name listed through a crafting recipe in Blizzard item guide; recipe bonuses excluded.","User-approved equipment grouping",""
"Equipment","Wand","Diablo III","Guardian","Weapons","Wand","Equipment reskin","Wand-family implement. No spells, charges, bonuses or class permissions are granted by this classification.","Base","Base type (white/grey/blue)","https://eu.diablo3.blizzard.com/en-gb/artisan/blacksmith/recipe/glorious-arch-guardian","Base name listed through a crafting recipe in Blizzard item guide; recipe bonuses excluded.","User-approved equipment grouping",""
"Equipment","Wand","Diablo III","Jade Wand","Weapons","Wand","Equipment reskin","Wand-family implement. No spells, charges, bonuses or class permissions are granted by this classification.","Base","Base type (white/grey/blue)","https://eu.diablo3.blizzard.com/en-gb/artisan/blacksmith/recipe/illustrious-jade-wand","Base name listed through a crafting recipe in Blizzard item guide; recipe bonuses excluded.","User-approved equipment grouping",""
"Equipment","Wand","Diablo III","Lesser Wand","Weapons","Wand","Equipment reskin","Wand-family implement. No spells, charges, bonuses or class permissions are granted by this classification.","Base","Base type (white/grey/blue)","https://eu.diablo3.blizzard.com/en-gb/item/lesser-wand-Wand_001","","User-approved equipment grouping",""
"Equipment","Wand","Diablo III","Magus Wand","Weapons","Wand","Equipment reskin","Wand-family implement. No spells, charges, bonuses or class permissions are granted by this classification.","Base","Base type (white/grey/blue)","https://eu.diablo3.blizzard.com/en-gb/item/magus-wand-Wand_203","","User-approved equipment grouping",""
"Equipment","Wand","Diablo III","Mentor Wand","Weapons","Wand","Equipment reskin","Wand-family implement. No spells, charges, bonuses or class permissions are granted by this classification.","Base","Base type (white/grey/blue)","https://eu.diablo3.blizzard.com/en-gb/artisan/blacksmith/recipe/journeyman-mentor-wand","Base name listed through a crafting recipe in Blizzard item guide; recipe bonuses excluded.","User-approved equipment grouping",""
"Equipment","Wand","Diablo III","Oak Wand","Weapons","Wand","Equipment reskin","Wand-family implement. No spells, charges, bonuses or class permissions are granted by this classification.","Base","Base type (white/grey/blue)","https://eu.diablo3.blizzard.com/en-gb/item/oak-wand-Wand_002","","User-approved equipment grouping",""
"Equipment","Wand","Diablo III","Petrified Wand","Weapons","Wand","Equipment reskin","Wand-family implement. No spells, charges, bonuses or class permissions are granted by this classification.","Base","Base type (white/grey/blue)","https://eu.diablo3.blizzard.com/en-gb/artisan/blacksmith/recipe/grand-master-petrified-wand","Base name listed through a crafting recipe in Blizzard item guide; recipe bonuses excluded.","User-approved equipment grouping",""
"Equipment","Wand","Diablo III","Silversteel Wand","Weapons","Wand","Equipment reskin","Wand-family implement. No spells, charges, bonuses or class permissions are granted by this classification.","Base","Base type (white/grey/blue)","https://eu.diablo3.blizzard.com/en-gb/artisan/blacksmith/recipe/resplendent-silversteel-wand","Base name listed through a crafting recipe in Blizzard item guide; recipe bonuses excluded.","User-approved equipment grouping",""
"Equipment","Wand","Diablo III","Sorcery Wand","Weapons","Wand","Equipment reskin","Wand-family implement. No spells, charges, bonuses or class permissions are granted by this classification.","Base","Base type (white/grey/blue)","https://eu.diablo3.blizzard.com/en-gb/item/sorcery-wand-Wand_106","","User-approved equipment grouping",""
"Equipment","Wand","Diablo III","Spellbinder","Weapons","Wand","Equipment reskin","Wand-family implement. No spells, charges, bonuses or class permissions are granted by this classification.","Base","Base type (white/grey/blue)","https://eu.diablo3.blizzard.com/en-gb/item/spellbinder-Wand_204","","User-approved equipment grouping",""
"Equipment","Wand","Diablo III","Steel Wand","Weapons","Wand","Equipment reskin","Wand-family implement. No spells, charges, bonuses or class permissions are granted by this classification.","Base","Base type (white/grey/blue)","https://eu.diablo3.blizzard.com/en-gb/item/steel-wand-Wand_004","","User-approved equipment grouping",""
"Equipment","Wand","Diablo III","Strike Wand","Weapons","Wand","Equipment reskin","Wand-family implement. No spells, charges, bonuses or class permissions are granted by this classification.","Base","Base type (white/grey/blue)","https://eu.diablo3.blizzard.com/en-gb/item/strike-wand-Wand_206","","User-approved equipment grouping",""
"Equipment","Wand","Diablo III","Wand","Weapons","Wand","Equipment reskin","Wand-family implement. No spells, charges, bonuses or class permissions are granted by this classification.","Base","Base type (white/grey/blue)","https://eu.diablo3.blizzard.com/en-gb/item/wand-Wand_003","","User-approved equipment grouping",""
"Equipment","Wand","Diablo IV","Apprentice's Wand","Weapons","Wand","Equipment reskin","Wand-family implement. No spells, charges, bonuses or class permissions are granted by this classification.","Base","Common / Magic","https://docs.google.com/spreadsheets/d/1IC6VCLGzocHjHTGQHj3yPSY0KOVBY97jFOFQWvMSARs/edit","Source catalogue updated 2026-07-27; base game","User-approved equipment grouping",""
"Equipment","Wand","Diablo IV","Lesser Wand","Weapons","Wand","Equipment reskin","Wand-family implement. No spells, charges, bonuses or class permissions are granted by this classification.","Base","Magic","https://docs.google.com/spreadsheets/d/1IC6VCLGzocHjHTGQHj3yPSY0KOVBY97jFOFQWvMSARs/edit","Source catalogue updated 2026-07-27; base game","User-approved equipment grouping",""
"Equipment","Wand","Diablo IV","Makeshift Wand","Weapons","Wand","Equipment reskin","Wand-family implement. No spells, charges, bonuses or class permissions are granted by this classification.","Base","Magic","https://docs.google.com/spreadsheets/d/1IC6VCLGzocHjHTGQHj3yPSY0KOVBY97jFOFQWvMSARs/edit","Source catalogue updated 2026-07-27; base game","User-approved equipment grouping",""
"Equipment","Wand","Diablo IV","Rough-Hewn Wand","Weapons","Wand","Equipment reskin","Wand-family implement. No spells, charges, bonuses or class permissions are granted by this classification.","Base","Magic","https://docs.google.com/spreadsheets/d/1IC6VCLGzocHjHTGQHj3yPSY0KOVBY97jFOFQWvMSARs/edit","Source catalogue updated 2026-07-27; base game","User-approved equipment grouping",""
"Equipment","Wand","Diablo IV","Rudimentary Wand","Weapons","Wand","Equipment reskin","Wand-family implement. No spells, charges, bonuses or class permissions are granted by this classification.","Base","Magic","https://docs.google.com/spreadsheets/d/1IC6VCLGzocHjHTGQHj3yPSY0KOVBY97jFOFQWvMSARs/edit","Source catalogue updated 2026-07-27; base game","User-approved equipment grouping",""
"Shield","Round shield","Diablo I","Buckler","Armour","Shield","Equivalent family","Shield follows its separate shield profile, not a body-armour tier.","Base","Normal / Magic","https://www.lurkerlounge.com/diablo/jarulf/jarulf162.pdf","","D:/Code/Core_Dark/tmp/extracted_text/Player_s_Guide_to_the_Western_Reaches_V1.json","112"
"Shield","Round shield","Diablo I","Small Shield","Armour","Shield","Equivalent family","Shield follows its separate shield profile, not a body-armour tier.","Base","Normal / Magic","https://www.lurkerlounge.com/diablo/jarulf/jarulf162.pdf","","D:/Code/Core_Dark/tmp/extracted_text/Player_s_Guide_to_the_Western_Reaches_V1.json","112"
"Shield","Round shield","Diablo II","Akaran Rondache","Armour","Paladin shield","Equivalent family","Shield follows its separate shield profile, not a body-armour tier.","Exceptional","Normal / Magic","https://classic.battle.net/diablo2exp/items/exceptional/paladinshields.shtml","","D:/Code/Core_Dark/tmp/extracted_text/Player_s_Guide_to_the_Western_Reaches_V1.json","112"
"Shield","Round shield","Diablo II","Akaran Targe","Armour","Paladin shield","Equivalent family","Shield follows its separate shield profile, not a body-armour tier.","Exceptional","Normal / Magic","https://classic.battle.net/diablo2exp/items/exceptional/paladinshields.shtml","","D:/Code/Core_Dark/tmp/extracted_text/Player_s_Guide_to_the_Western_Reaches_V1.json","112"
"Shield","Round shield","Diablo II","Rondache","Armour","Paladin shield","Equivalent family","Shield follows its separate shield profile, not a body-armour tier.","Normal","Normal / Magic","https://classic.battle.net/diablo2exp/items/normal/paladinshields.shtml","","D:/Code/Core_Dark/tmp/extracted_text/Player_s_Guide_to_the_Western_Reaches_V1.json","112"
"Shield","Round shield","Diablo II","Sacred Rondache","Armour","Paladin shield","Equivalent family","Shield follows its separate shield profile, not a body-armour tier.","Elite","Normal / Magic","https://classic.battle.net/diablo2exp/items/elite/paladinshields.shtml","","D:/Code/Core_Dark/tmp/extracted_text/Player_s_Guide_to_the_Western_Reaches_V1.json","112"
"Shield","Round shield","Diablo II","Sacred Targe","Armour","Paladin shield","Equivalent family","Shield follows its separate shield profile, not a body-armour tier.","Elite","Normal / Magic","https://classic.battle.net/diablo2exp/items/elite/paladinshields.shtml","","D:/Code/Core_Dark/tmp/extracted_text/Player_s_Guide_to_the_Western_Reaches_V1.json","112"
"Shield","Round shield","Diablo II","Targe","Armour","Paladin shield","Equivalent family","Shield follows its separate shield profile, not a body-armour tier.","Normal","Normal / Magic","https://classic.battle.net/diablo2exp/items/normal/paladinshields.shtml","","D:/Code/Core_Dark/tmp/extracted_text/Player_s_Guide_to_the_Western_Reaches_V1.json","112"
"Shield","Round shield","Diablo II","Buckler","Armour","Shield","Equivalent family","Shield follows its separate shield profile, not a body-armour tier.","Normal","Normal / Magic","https://classic.battle.net/diablo2exp/items/normal/shields.shtml","","D:/Code/Core_Dark/tmp/extracted_text/Player_s_Guide_to_the_Western_Reaches_V1.json","112"
"Shield","Round shield","Diablo II","Luna","Armour","Shield","Equivalent family","Shield follows its separate shield profile, not a body-armour tier.","Elite","Normal / Magic","https://classic.battle.net/diablo2exp/items/elite/shields.shtml","","D:/Code/Core_Dark/tmp/extracted_text/Player_s_Guide_to_the_Western_Reaches_V1.json","112"
"Shield","Round shield","Diablo II","Round Shield","Armour","Shield","Equivalent family","Shield follows its separate shield profile, not a body-armour tier.","Exceptional","Normal / Magic","https://classic.battle.net/diablo2exp/items/exceptional/shields.shtml","","D:/Code/Core_Dark/tmp/extracted_text/Player_s_Guide_to_the_Western_Reaches_V1.json","112"
"Shield","Round shield","Diablo II","Small Shield","Armour","Shield","Equivalent family","Shield follows its separate shield profile, not a body-armour tier.","Normal","Normal / Magic","https://classic.battle.net/diablo2exp/items/normal/shields.shtml","","D:/Code/Core_Dark/tmp/extracted_text/Player_s_Guide_to_the_Western_Reaches_V1.json","112"
"Shield","Round shield","Diablo III","Aspis","Armour","Shield","Equivalent family","Shield follows its separate shield profile, not a body-armour tier.","Base","Base type (white/grey/blue)","https://eu.diablo3.blizzard.com/en-gb/artisan/blacksmith/recipe/glorious-hoplon","Base name listed through a crafting recipe in Blizzard item guide; recipe bonuses excluded.","D:/Code/Core_Dark/tmp/extracted_text/Player_s_Guide_to_the_Western_Reaches_V1.json","112"
"Shield","Round shield","Diablo III","Buckler","Armour","Shield","Equivalent family","Shield follows its separate shield profile, not a body-armour tier.","Base","Base type (white/grey/blue)","https://eu.diablo3.blizzard.com/en-gb/item/buckler-Shield_000","","D:/Code/Core_Dark/tmp/extracted_text/Player_s_Guide_to_the_Western_Reaches_V1.json","112"
"Shield","Round shield","Diablo III","Hoplon","Armour","Shield","Equivalent family","Shield follows its separate shield profile, not a body-armour tier.","Base","Base type (white/grey/blue)","https://eu.diablo3.blizzard.com/en-gb/item/hoplon-Shield_202","","D:/Code/Core_Dark/tmp/extracted_text/Player_s_Guide_to_the_Western_Reaches_V1.json","112"
"Shield","Round shield","Diablo III","Pelta","Armour","Shield","Equivalent family","Shield follows its separate shield profile, not a body-armour tier.","Base","Base type (white/grey/blue)","https://eu.diablo3.blizzard.com/en-gb/artisan/blacksmith/recipe/master-pelta","Base name listed through a crafting recipe in Blizzard item guide; recipe bonuses excluded.","D:/Code/Core_Dark/tmp/extracted_text/Player_s_Guide_to_the_Western_Reaches_V1.json","112"
"Shield","Round shield","Diablo III","Rondache","Armour","Shield","Equivalent family","Shield follows its separate shield profile, not a body-armour tier.","Base","Base type (white/grey/blue)","https://eu.diablo3.blizzard.com/en-gb/artisan/blacksmith/recipe/grand-master-rondache","Base name listed through a crafting recipe in Blizzard item guide; recipe bonuses excluded.","D:/Code/Core_Dark/tmp/extracted_text/Player_s_Guide_to_the_Western_Reaches_V1.json","112"
"Shield","Round shield","Diablo III","Targe Shield","Armour","Shield","Equivalent family","Shield follows its separate shield profile, not a body-armour tier.","Base","Base type (white/grey/blue)","https://eu.diablo3.blizzard.com/en-gb/item/targe-shield-Shield_002","","D:/Code/Core_Dark/tmp/extracted_text/Player_s_Guide_to_the_Western_Reaches_V1.json","112"
"Shield","Round shield","Diablo IV","Buckler","Armour","Shield","Equivalent family","Shield follows its separate shield profile, not a body-armour tier.","Base","Common / Magic","https://docs.google.com/spreadsheets/d/1IC6VCLGzocHjHTGQHj3yPSY0KOVBY97jFOFQWvMSARs/edit","Source catalogue updated 2026-07-27; base game","D:/Code/Core_Dark/tmp/extracted_text/Player_s_Guide_to_the_Western_Reaches_V1.json","112"
"Shield","Round shield","Diablo IV","Targe","Armour","Shield","Equivalent family","Shield follows its separate shield profile, not a body-armour tier.","Base","Magic","https://docs.google.com/spreadsheets/d/1IC6VCLGzocHjHTGQHj3yPSY0KOVBY97jFOFQWvMSARs/edit","Source catalogue updated 2026-07-27; base game","D:/Code/Core_Dark/tmp/extracted_text/Player_s_Guide_to_the_Western_Reaches_V1.json","112"
"Shield","Shield","Diablo I","Gothic Shield","Armour","Shield","Equivalent family","Shield follows its separate shield profile, not a body-armour tier.","Base","Normal / Magic","https://www.lurkerlounge.com/diablo/jarulf/jarulf162.pdf","","D:/Code/Core_Dark/tmp/extracted_text/Player_s_Guide_to_the_Western_Reaches_V1.json","112"
"Shield","Shield","Diablo I","Kite Shield","Armour","Shield","Equivalent family","Shield follows its separate shield profile, not a body-armour tier.","Base","Normal / Magic","https://www.lurkerlounge.com/diablo/jarulf/jarulf162.pdf","","D:/Code/Core_Dark/tmp/extracted_text/Player_s_Guide_to_the_Western_Reaches_V1.json","112"
"Shield","Shield","Diablo I","Large Shield","Armour","Shield","Equivalent family","Shield follows its separate shield profile, not a body-armour tier.","Base","Normal / Magic","https://www.lurkerlounge.com/diablo/jarulf/jarulf162.pdf","","D:/Code/Core_Dark/tmp/extracted_text/Player_s_Guide_to_the_Western_Reaches_V1.json","112"
"Shield","Shield","Diablo I","Tower Shield","Armour","Shield","Equivalent family","Shield follows its separate shield profile, not a body-armour tier.","Base","Normal / Magic","https://www.lurkerlounge.com/diablo/jarulf/jarulf162.pdf","","D:/Code/Core_Dark/tmp/extracted_text/Player_s_Guide_to_the_Western_Reaches_V1.json","112"
"Shield","Shield","Diablo II","Aerin Shield","Armour","Paladin shield","Equivalent family","Shield follows its separate shield profile, not a body-armour tier.","Normal","Normal / Magic","https://classic.battle.net/diablo2exp/items/normal/paladinshields.shtml","","D:/Code/Core_Dark/tmp/extracted_text/Player_s_Guide_to_the_Western_Reaches_V1.json","112"
"Shield","Shield","Diablo II","Crown Shield","Armour","Paladin shield","Equivalent family","Shield follows its separate shield profile, not a body-armour tier.","Normal","Normal / Magic","https://classic.battle.net/diablo2exp/items/normal/paladinshields.shtml","","D:/Code/Core_Dark/tmp/extracted_text/Player_s_Guide_to_the_Western_Reaches_V1.json","112"
"Shield","Shield","Diablo II","Gilded Shield","Armour","Paladin shield","Equivalent family","Shield follows its separate shield profile, not a body-armour tier.","Exceptional","Normal / Magic","https://classic.battle.net/diablo2exp/items/exceptional/paladinshields.shtml","","D:/Code/Core_Dark/tmp/extracted_text/Player_s_Guide_to_the_Western_Reaches_V1.json","112"
"Shield","Shield","Diablo II","Heraldic Shield","Armour","Paladin shield","Equivalent family","Shield follows its separate shield profile, not a body-armour tier.","Normal","Normal / Magic","https://classic.battle.net/diablo2exp/items/normal/paladinshields.shtml","","D:/Code/Core_Dark/tmp/extracted_text/Player_s_Guide_to_the_Western_Reaches_V1.json","112"
"Shield","Shield","Diablo II","Kurast Shield","Armour","Paladin shield","Equivalent family","Shield follows its separate shield profile, not a body-armour tier.","Elite","Normal / Magic","https://classic.battle.net/diablo2exp/items/elite/paladinshields.shtml","","D:/Code/Core_Dark/tmp/extracted_text/Player_s_Guide_to_the_Western_Reaches_V1.json","112"
"Shield","Shield","Diablo II","Protector Shield","Armour","Paladin shield","Equivalent family","Shield follows its separate shield profile, not a body-armour tier.","Exceptional","Normal / Magic","https://classic.battle.net/diablo2exp/items/exceptional/paladinshields.shtml","","D:/Code/Core_Dark/tmp/extracted_text/Player_s_Guide_to_the_Western_Reaches_V1.json","112"
"Shield","Shield","Diablo II","Royal Shield","Armour","Paladin shield","Equivalent family","Shield follows its separate shield profile, not a body-armour tier.","Exceptional","Normal / Magic","https://classic.battle.net/diablo2exp/items/exceptional/paladinshields.shtml","","D:/Code/Core_Dark/tmp/extracted_text/Player_s_Guide_to_the_Western_Reaches_V1.json","112"
"Shield","Shield","Diablo II","Vortex Shield","Armour","Paladin shield","Equivalent family","Shield follows its separate shield profile, not a body-armour tier.","Elite","Normal / Magic","https://classic.battle.net/diablo2exp/items/elite/paladinshields.shtml","","D:/Code/Core_Dark/tmp/extracted_text/Player_s_Guide_to_the_Western_Reaches_V1.json","112"
"Shield","Shield","Diablo II","Zakarum Shield","Armour","Paladin shield","Equivalent family","Shield follows its separate shield profile, not a body-armour tier.","Elite","Normal / Magic","https://classic.battle.net/diablo2exp/items/elite/paladinshields.shtml","","D:/Code/Core_Dark/tmp/extracted_text/Player_s_Guide_to_the_Western_Reaches_V1.json","112"
"Shield","Shield","Diablo II","Aegis","Armour","Shield","Equivalent family","Shield follows its separate shield profile, not a body-armour tier.","Elite","Normal / Magic","https://classic.battle.net/diablo2exp/items/elite/shields.shtml","","D:/Code/Core_Dark/tmp/extracted_text/Player_s_Guide_to_the_Western_Reaches_V1.json","112"
"Shield","Shield","Diablo II","Ancient Shield","Armour","Shield","Equivalent family","Shield follows its separate shield profile, not a body-armour tier.","Exceptional","Normal / Magic","https://classic.battle.net/diablo2exp/items/exceptional/shields.shtml","","D:/Code/Core_Dark/tmp/extracted_text/Player_s_Guide_to_the_Western_Reaches_V1.json","112"
"Shield","Shield","Diablo II","Barbed Shield","Armour","Shield","Equivalent family","Shield follows its separate shield profile, not a body-armour tier.","Exceptional","Normal / Magic","https://classic.battle.net/diablo2exp/items/exceptional/shields.shtml","","D:/Code/Core_Dark/tmp/extracted_text/Player_s_Guide_to_the_Western_Reaches_V1.json","112"
"Shield","Shield","Diablo II","Blade Barrier","Armour","Shield","Equivalent family","Shield follows its separate shield profile, not a body-armour tier.","Elite","Normal / Magic","https://classic.battle.net/diablo2exp/items/elite/shields.shtml","","D:/Code/Core_Dark/tmp/extracted_text/Player_s_Guide_to_the_Western_Reaches_V1.json","112"
"Shield","Shield","Diablo II","Bone Shield","Armour","Shield","Equivalent family","Shield follows its separate shield profile, not a body-armour tier.","Normal","Normal / Magic","https://classic.battle.net/diablo2exp/items/normal/shields.shtml","","D:/Code/Core_Dark/tmp/extracted_text/Player_s_Guide_to_the_Western_Reaches_V1.json","112"
"Shield","Shield","Diablo II","Defender","Armour","Shield","Equivalent family","Shield follows its separate shield profile, not a body-armour tier.","Exceptional","Normal / Magic","https://classic.battle.net/diablo2exp/items/exceptional/shields.shtml","","D:/Code/Core_Dark/tmp/extracted_text/Player_s_Guide_to_the_Western_Reaches_V1.json","112"
"Shield","Shield","Diablo II","Dragon Shield","Armour","Shield","Equivalent family","Shield follows its separate shield profile, not a body-armour tier.","Exceptional","Normal / Magic","https://classic.battle.net/diablo2exp/items/exceptional/shields.shtml","","D:/Code/Core_Dark/tmp/extracted_text/Player_s_Guide_to_the_Western_Reaches_V1.json","112"
"Shield","Shield","Diablo II","Gothic Shield","Armour","Shield","Equivalent family","Shield follows its separate shield profile, not a body-armour tier.","Normal","Normal / Magic","https://classic.battle.net/diablo2exp/items/normal/shields.shtml","","D:/Code/Core_Dark/tmp/extracted_text/Player_s_Guide_to_the_Western_Reaches_V1.json","112"
"Shield","Shield","Diablo II","Grim Shield","Armour","Shield","Equivalent family","Shield follows its separate shield profile, not a body-armour tier.","Exceptional","Normal / Magic","https://classic.battle.net/diablo2exp/items/exceptional/shields.shtml","","D:/Code/Core_Dark/tmp/extracted_text/Player_s_Guide_to_the_Western_Reaches_V1.json","112"
"Shield","Shield","Diablo II","Heater","Armour","Shield","Equivalent family","Shield follows its separate shield profile, not a body-armour tier.","Elite","Normal / Magic","https://classic.battle.net/diablo2exp/items/elite/shields.shtml","","D:/Code/Core_Dark/tmp/extracted_text/Player_s_Guide_to_the_Western_Reaches_V1.json","112"
"Shield","Shield","Diablo II","Hyperion","Armour","Shield","Equivalent family","Shield follows its separate shield profile, not a body-armour tier.","Elite","Normal / Magic","https://classic.battle.net/diablo2exp/items/elite/shields.shtml","","D:/Code/Core_Dark/tmp/extracted_text/Player_s_Guide_to_the_Western_Reaches_V1.json","112"
"Shield","Shield","Diablo II","Kite Shield","Armour","Shield","Equivalent family","Shield follows its separate shield profile, not a body-armour tier.","Normal","Normal / Magic","https://classic.battle.net/diablo2exp/items/normal/shields.shtml","","D:/Code/Core_Dark/tmp/extracted_text/Player_s_Guide_to_the_Western_Reaches_V1.json","112"
"Shield","Shield","Diablo II","Large Shield","Armour","Shield","Equivalent family","Shield follows its separate shield profile, not a body-armour tier.","Normal","Normal / Magic","https://classic.battle.net/diablo2exp/items/normal/shields.shtml","","D:/Code/Core_Dark/tmp/extracted_text/Player_s_Guide_to_the_Western_Reaches_V1.json","112"
"Shield","Shield","Diablo II","Monarch","Armour","Shield","Equivalent family","Shield follows its separate shield profile, not a body-armour tier.","Elite","Normal / Magic","https://classic.battle.net/diablo2exp/items/elite/shields.shtml","","D:/Code/Core_Dark/tmp/extracted_text/Player_s_Guide_to_the_Western_Reaches_V1.json","112"
"Shield","Shield","Diablo II","Pavise","Armour","Shield","Equivalent family","Shield follows its separate shield profile, not a body-armour tier.","Exceptional","Normal / Magic","https://classic.battle.net/diablo2exp/items/exceptional/shields.shtml","","D:/Code/Core_Dark/tmp/extracted_text/Player_s_Guide_to_the_Western_Reaches_V1.json","112"
"Shield","Shield","Diablo II","Scutum","Armour","Shield","Equivalent family","Shield follows its separate shield profile, not a body-armour tier.","Exceptional","Normal / Magic","https://classic.battle.net/diablo2exp/items/exceptional/shields.shtml","","D:/Code/Core_Dark/tmp/extracted_text/Player_s_Guide_to_the_Western_Reaches_V1.json","112"
"Shield","Shield","Diablo II","Spiked Shield","Armour","Shield","Equivalent family","Shield follows its separate shield profile, not a body-armour tier.","Normal","Normal / Magic","https://classic.battle.net/diablo2exp/items/normal/shields.shtml","","D:/Code/Core_Dark/tmp/extracted_text/Player_s_Guide_to_the_Western_Reaches_V1.json","112"
"Shield","Shield","Diablo II","Tower Shield","Armour","Shield","Equivalent family","Shield follows its separate shield profile, not a body-armour tier.","Normal","Normal / Magic","https://classic.battle.net/diablo2exp/items/normal/shields.shtml","","D:/Code/Core_Dark/tmp/extracted_text/Player_s_Guide_to_the_Western_Reaches_V1.json","112"
"Shield","Shield","Diablo II","Troll Nest","Armour","Shield","Equivalent family","Shield follows its separate shield profile, not a body-armour tier.","Elite","Normal / Magic","https://classic.battle.net/diablo2exp/items/elite/shields.shtml","","D:/Code/Core_Dark/tmp/extracted_text/Player_s_Guide_to_the_Western_Reaches_V1.json","112"
"Shield","Shield","Diablo II","Ward","Armour","Shield","Equivalent family","Shield follows its separate shield profile, not a body-armour tier.","Elite","Normal / Magic","https://classic.battle.net/diablo2exp/items/elite/shields.shtml","","D:/Code/Core_Dark/tmp/extracted_text/Player_s_Guide_to_the_Western_Reaches_V1.json","112"
"Shield","Shield","Diablo III","Adamantine Blason","Armour","Crusader Shield","Equivalent family","Shield follows its separate shield profile, not a body-armour tier.","Base","Base type (white/grey/blue)","https://eu.diablo3.blizzard.com/en-gb/item/adamantine-blason-CrusaderShield_205","","D:/Code/Core_Dark/tmp/extracted_text/Player_s_Guide_to_the_Western_Reaches_V1.json","112"
"Shield","Shield","Diablo III","Blazoned Shield","Armour","Crusader Shield","Equivalent family","Shield follows its separate shield profile, not a body-armour tier.","Base","Base type (white/grey/blue)","https://eu.diablo3.blizzard.com/en-gb/item/blazoned-shield-CrusaderShield_104","","D:/Code/Core_Dark/tmp/extracted_text/Player_s_Guide_to_the_Western_Reaches_V1.json","112"
"Shield","Shield","Diablo III","Chased Shield","Armour","Crusader Shield","Equivalent family","Shield follows its separate shield profile, not a body-armour tier.","Base","Base type (white/grey/blue)","https://eu.diablo3.blizzard.com/en-gb/item/chased-shield-CrusaderShield_105","","D:/Code/Core_Dark/tmp/extracted_text/Player_s_Guide_to_the_Western_Reaches_V1.json","112"
"Shield","Shield","Diablo III","Conquest Shield","Armour","Crusader Shield","Equivalent family","Shield follows its separate shield profile, not a body-armour tier.","Base","Base type (white/grey/blue)","https://eu.diablo3.blizzard.com/en-gb/item/conquest-shield-CrusaderShield_106","","D:/Code/Core_Dark/tmp/extracted_text/Player_s_Guide_to_the_Western_Reaches_V1.json","112"
"Shield","Shield","Diablo III","Crown Shield","Armour","Crusader Shield","Equivalent family","Shield follows its separate shield profile, not a body-armour tier.","Base","Base type (white/grey/blue)","https://eu.diablo3.blizzard.com/en-gb/item/crown-shield-CrusaderShield_007","","D:/Code/Core_Dark/tmp/extracted_text/Player_s_Guide_to_the_Western_Reaches_V1.json","112"
"Shield","Shield","Diablo III","Crusader Shield","Armour","Crusader Shield","Equivalent family","Shield follows its separate shield profile, not a body-armour tier.","Base","Base type (white/grey/blue)","https://eu.diablo3.blizzard.com/en-gb/item/crusader-shield-CrusaderShield_000","","D:/Code/Core_Dark/tmp/extracted_text/Player_s_Guide_to_the_Western_Reaches_V1.json","112"
"Shield","Shield","Diablo III","Embossed Shield","Armour","Crusader Shield","Equivalent family","Shield follows its separate shield profile, not a body-armour tier.","Base","Base type (white/grey/blue)","https://eu.diablo3.blizzard.com/en-gb/item/embossed-shield-CrusaderShield_005","","D:/Code/Core_Dark/tmp/extracted_text/Player_s_Guide_to_the_Western_Reaches_V1.json","112"
"Shield","Shield","Diablo III","Enduring Guardian","Armour","Crusader Shield","Equivalent family","Shield follows its separate shield profile, not a body-armour tier.","Base","Base type (white/grey/blue)","https://eu.diablo3.blizzard.com/en-gb/item/enduring-guardian-CrusaderShield_202","","D:/Code/Core_Dark/tmp/extracted_text/Player_s_Guide_to_the_Western_Reaches_V1.json","112"
"Shield","Shield","Diablo III","Gilded Shield","Armour","Crusader Shield","Equivalent family","Shield follows its separate shield profile, not a body-armour tier.","Base","Base type (white/grey/blue)","https://eu.diablo3.blizzard.com/en-gb/item/gilded-shield-CrusaderShield_101","","D:/Code/Core_Dark/tmp/extracted_text/Player_s_Guide_to_the_Western_Reaches_V1.json","112"
"Shield","Shield","Diablo III","Heavy Shield","Armour","Crusader Shield","Equivalent family","Shield follows its separate shield profile, not a body-armour tier.","Base","Base type (white/grey/blue)","https://eu.diablo3.blizzard.com/en-gb/item/heavy-shield-CrusaderShield_206","","D:/Code/Core_Dark/tmp/extracted_text/Player_s_Guide_to_the_Western_Reaches_V1.json","112"
"Shield","Shield","Diablo III","Heraldic Heater","Armour","Crusader Shield","Equivalent family","Shield follows its separate shield profile, not a body-armour tier.","Base","Base type (white/grey/blue)","https://eu.diablo3.blizzard.com/en-gb/item/heraldic-heater-CrusaderShield_004","","D:/Code/Core_Dark/tmp/extracted_text/Player_s_Guide_to_the_Western_Reaches_V1.json","112"
"Shield","Shield","Diablo III","Imperial Kite","Armour","Crusader Shield","Equivalent family","Shield follows its separate shield profile, not a body-armour tier.","Base","Base type (white/grey/blue)","https://eu.diablo3.blizzard.com/en-gb/item/imperial-kite-CrusaderShield_107","","D:/Code/Core_Dark/tmp/extracted_text/Player_s_Guide_to_the_Western_Reaches_V1.json","112"
"Shield","Shield","Diablo III","Protector Shield","Armour","Crusader Shield","Equivalent family","Shield follows its separate shield profile, not a body-armour tier.","Base","Base type (white/grey/blue)","https://eu.diablo3.blizzard.com/en-gb/item/protector-shield-CrusaderShield_006","","D:/Code/Core_Dark/tmp/extracted_text/Player_s_Guide_to_the_Western_Reaches_V1.json","112"
"Shield","Shield","Diablo III","Raptor Shield","Armour","Crusader Shield","Equivalent family","Shield follows its separate shield profile, not a body-armour tier.","Base","Base type (white/grey/blue)","https://eu.diablo3.blizzard.com/en-gb/item/raptor-shield-CrusaderShield_204","","D:/Code/Core_Dark/tmp/extracted_text/Player_s_Guide_to_the_Western_Reaches_V1.json","112"
"Shield","Shield","Diablo III","Righteous Defender","Armour","Crusader Shield","Equivalent family","Shield follows its separate shield profile, not a body-armour tier.","Base","Base type (white/grey/blue)","https://eu.diablo3.blizzard.com/en-gb/item/righteous-defender-CrusaderShield_201","","D:/Code/Core_Dark/tmp/extracted_text/Player_s_Guide_to_the_Western_Reaches_V1.json","112"
"Shield","Shield","Diablo III","Royal Shield","Armour","Crusader Shield","Equivalent family","Shield follows its separate shield profile, not a body-armour tier.","Base","Base type (white/grey/blue)","https://eu.diablo3.blizzard.com/en-gb/item/royal-shield-CrusaderShield_003","","D:/Code/Core_Dark/tmp/extracted_text/Player_s_Guide_to_the_Western_Reaches_V1.json","112"
"Shield","Shield","Diablo III","Sacred Scutum","Armour","Crusader Shield","Equivalent family","Shield follows its separate shield profile, not a body-armour tier.","Base","Base type (white/grey/blue)","https://eu.diablo3.blizzard.com/en-gb/item/sacred-scutum-CrusaderShield_002","","D:/Code/Core_Dark/tmp/extracted_text/Player_s_Guide_to_the_Western_Reaches_V1.json","112"
"Shield","Shield","Diablo III","Stalwart Guardian","Armour","Crusader Shield","Equivalent family","Shield follows its separate shield profile, not a body-armour tier.","Base","Base type (white/grey/blue)","https://eu.diablo3.blizzard.com/en-gb/artisan/blacksmith/recipe/sovereign-stalwart-guardian","Base name listed through a crafting recipe in Blizzard item guide; recipe bonuses excluded.","D:/Code/Core_Dark/tmp/extracted_text/Player_s_Guide_to_the_Western_Reaches_V1.json","112"
"Shield","Shield","Diablo III","Wall Shield","Armour","Crusader Shield","Equivalent family","Shield follows its separate shield profile, not a body-armour tier.","Base","Base type (white/grey/blue)","https://eu.diablo3.blizzard.com/en-gb/item/wall-shield-CrusaderShield_102","","D:/Code/Core_Dark/tmp/extracted_text/Player_s_Guide_to_the_Western_Reaches_V1.json","112"
"Shield","Shield","Diablo III","Zakara Heater","Armour","Crusader Shield","Equivalent family","Shield follows its separate shield profile, not a body-armour tier.","Base","Base type (white/grey/blue)","https://eu.diablo3.blizzard.com/en-gb/item/zakara-heater-CrusaderShield_103","","D:/Code/Core_Dark/tmp/extracted_text/Player_s_Guide_to_the_Western_Reaches_V1.json","112"
"Shield","Shield","Diablo III","Zealous Protector","Armour","Crusader Shield","Equivalent family","Shield follows its separate shield profile, not a body-armour tier.","Base","Base type (white/grey/blue)","https://eu.diablo3.blizzard.com/en-gb/item/zealous-protector-CrusaderShield_203","","D:/Code/Core_Dark/tmp/extracted_text/Player_s_Guide_to_the_Western_Reaches_V1.json","112"
"Shield","Shield","Diablo III","Aegis","Armour","Shield","Equivalent family","Shield follows its separate shield profile, not a body-armour tier.","Base","Base type (white/grey/blue)","https://eu.diablo3.blizzard.com/en-gb/item/aegis-Shield_205_104","","D:/Code/Core_Dark/tmp/extracted_text/Player_s_Guide_to_the_Western_Reaches_V1.json","112"
"Shield","Shield","Diablo III","Ascended Shield","Armour","Shield","Equivalent family","Shield follows its separate shield profile, not a body-armour tier.","Base","Base type (white/grey/blue)","https://eu.diablo3.blizzard.com/en-gb/artisan/blacksmith/recipe/sovereign-ascended-shield","Base name listed through a crafting recipe in Blizzard item guide; recipe bonuses excluded.","D:/Code/Core_Dark/tmp/extracted_text/Player_s_Guide_to_the_Western_Reaches_V1.json","112"
"Shield","Shield","Diablo III","Bone Shield","Armour","Shield","Equivalent family","Shield follows its separate shield profile, not a body-armour tier.","Base","Base type (white/grey/blue)","https://eu.diablo3.blizzard.com/en-gb/artisan/blacksmith/recipe/resplendent-bone-shield","Base name listed through a crafting recipe in Blizzard item guide; recipe bonuses excluded.","D:/Code/Core_Dark/tmp/extracted_text/Player_s_Guide_to_the_Western_Reaches_V1.json","112"
"Shield","Shield","Diablo III","Defender","Armour","Shield","Equivalent family","Shield follows its separate shield profile, not a body-armour tier.","Base","Base type (white/grey/blue)","https://eu.diablo3.blizzard.com/en-gb/item/defender-Shield_203_104","","D:/Code/Core_Dark/tmp/extracted_text/Player_s_Guide_to_the_Western_Reaches_V1.json","112"
"Shield","Shield","Diablo III","Dread Shield","Armour","Shield","Equivalent family","Shield follows its separate shield profile, not a body-armour tier.","Base","Base type (white/grey/blue)","https://eu.diablo3.blizzard.com/en-gb/item/dread-shield-Shield_206","","D:/Code/Core_Dark/tmp/extracted_text/Player_s_Guide_to_the_Western_Reaches_V1.json","112"
"Shield","Shield","Diablo III","Gothic Shield","Armour","Shield","Equivalent family","Shield follows its separate shield profile, not a body-armour tier.","Base","Base type (white/grey/blue)","https://eu.diablo3.blizzard.com/en-gb/artisan/blacksmith/recipe/adept-gothic-shield","Base name listed through a crafting recipe in Blizzard item guide; recipe bonuses excluded.","D:/Code/Core_Dark/tmp/extracted_text/Player_s_Guide_to_the_Western_Reaches_V1.json","112"
"Shield","Shield","Diablo III","Heater Shield","Armour","Shield","Equivalent family","Shield follows its separate shield profile, not a body-armour tier.","Base","Base type (white/grey/blue)","https://eu.diablo3.blizzard.com/en-gb/artisan/blacksmith/recipe/apprentice-heater-shield","Base name listed through a crafting recipe in Blizzard item guide; recipe bonuses excluded.","D:/Code/Core_Dark/tmp/extracted_text/Player_s_Guide_to_the_Western_Reaches_V1.json","112"
"Shield","Shield","Diablo III","Ironwood Shield","Armour","Shield","Equivalent family","Shield follows its separate shield profile, not a body-armour tier.","Base","Base type (white/grey/blue)","https://eu.diablo3.blizzard.com/en-gb/item/ironwood-shield-Shield_104","","D:/Code/Core_Dark/tmp/extracted_text/Player_s_Guide_to_the_Western_Reaches_V1.json","112"
"Shield","Shield","Diablo III","Kite Shield","Armour","Shield","Equivalent family","Shield follows its separate shield profile, not a body-armour tier.","Base","Base type (white/grey/blue)","https://eu.diablo3.blizzard.com/en-gb/artisan/blacksmith/recipe/apprentice-kite-shield","Base name listed through a crafting recipe in Blizzard item guide; recipe bonuses excluded.","D:/Code/Core_Dark/tmp/extracted_text/Player_s_Guide_to_the_Western_Reaches_V1.json","112"
"Shield","Shield","Diablo III","Knight Shield","Armour","Shield","Equivalent family","Shield follows its separate shield profile, not a body-armour tier.","Base","Base type (white/grey/blue)","https://eu.diablo3.blizzard.com/en-gb/artisan/blacksmith/recipe/illustrious-knight-shield","Base name listed through a crafting recipe in Blizzard item guide; recipe bonuses excluded.","D:/Code/Core_Dark/tmp/extracted_text/Player_s_Guide_to_the_Western_Reaches_V1.json","112"
"Shield","Shield","Diablo III","Large Shield","Armour","Shield","Equivalent family","Shield follows its separate shield profile, not a body-armour tier.","Base","Base type (white/grey/blue)","https://eu.diablo3.blizzard.com/en-gb/artisan/blacksmith/recipe/journeyman-large-shield","Base name listed through a crafting recipe in Blizzard item guide; recipe bonuses excluded.","D:/Code/Core_Dark/tmp/extracted_text/Player_s_Guide_to_the_Western_Reaches_V1.json","112"
"Shield","Shield","Diablo III","Pavise","Armour","Shield","Equivalent family","Shield follows its separate shield profile, not a body-armour tier.","Base","Base type (white/grey/blue)","https://eu.diablo3.blizzard.com/en-gb/artisan/blacksmith/recipe/magnificent-pavise","Base name listed through a crafting recipe in Blizzard item guide; recipe bonuses excluded.","D:/Code/Core_Dark/tmp/extracted_text/Player_s_Guide_to_the_Western_Reaches_V1.json","112"
"Shield","Shield","Diablo III","Rakkisgard Shield","Armour","Shield","Equivalent family","Shield follows its separate shield profile, not a body-armour tier.","Base","Base type (white/grey/blue)","https://eu.diablo3.blizzard.com/en-gb/artisan/blacksmith/recipe/exquisite-rakkisgard-shield","Base name listed through a crafting recipe in Blizzard item guide; recipe bonuses excluded.","D:/Code/Core_Dark/tmp/extracted_text/Player_s_Guide_to_the_Western_Reaches_V1.json","112"
"Shield","Shield","Diablo III","Sacred Shield","Armour","Shield","Equivalent family","Shield follows its separate shield profile, not a body-armour tier.","Base","Base type (white/grey/blue)","https://eu.diablo3.blizzard.com/en-gb/item/sacred-shield-Shield_207_104","","D:/Code/Core_Dark/tmp/extracted_text/Player_s_Guide_to_the_Western_Reaches_V1.json","112"
"Shield","Shield","Diablo III","Savior","Armour","Shield","Equivalent family","Shield follows its separate shield profile, not a body-armour tier.","Base","Base type (white/grey/blue)","https://eu.diablo3.blizzard.com/en-gb/item/savior-Shield_107","","D:/Code/Core_Dark/tmp/extracted_text/Player_s_Guide_to_the_Western_Reaches_V1.json","112"
"Shield","Shield","Diablo III","Scutum","Armour","Shield","Equivalent family","Shield follows its separate shield profile, not a body-armour tier.","Base","Base type (white/grey/blue)","https://eu.diablo3.blizzard.com/en-gb/item/scutum-Shield_204_104","","D:/Code/Core_Dark/tmp/extracted_text/Player_s_Guide_to_the_Western_Reaches_V1.json","112"
"Shield","Shield","Diablo III","Tower Shield","Armour","Shield","Equivalent family","Shield follows its separate shield profile, not a body-armour tier.","Base","Base type (white/grey/blue)","https://eu.diablo3.blizzard.com/en-gb/item/tower-shield-Shield_007","","D:/Code/Core_Dark/tmp/extracted_text/Player_s_Guide_to_the_Western_Reaches_V1.json","112"
"Shield","Shield","Diablo IV","Basic Shield","Armour","Shield","Equivalent family","Shield follows its separate shield profile, not a body-armour tier.","Base","Magic","https://docs.google.com/spreadsheets/d/1IC6VCLGzocHjHTGQHj3yPSY0KOVBY97jFOFQWvMSARs/edit","Source catalogue updated 2026-07-27; base game","D:/Code/Core_Dark/tmp/extracted_text/Player_s_Guide_to_the_Western_Reaches_V1.json","112"
"Shield","Shield","Diablo IV","Rudimentary Shield","Armour","Shield","Equivalent family","Shield follows its separate shield profile, not a body-armour tier.","Base","Common","https://docs.google.com/spreadsheets/d/1IC6VCLGzocHjHTGQHj3yPSY0KOVBY97jFOFQWvMSARs/edit","Source catalogue updated 2026-07-27; base game","D:/Code/Core_Dark/tmp/extracted_text/Player_s_Guide_to_the_Western_Reaches_V1.json","112"
"Weapon","Bastard sword","Diablo I","Bastard Sword","Weapons","Sword","Equivalent family","Uses the nearest weapon family from the guide; Diablo bonuses and damage are ignored.","Base","Normal / Magic","https://www.lurkerlounge.com/diablo/jarulf/jarulf162.pdf","","D:/Code/Core_Dark/tmp/extracted_text/Player_s_Guide_to_the_Western_Reaches_V1.json","110-111"
"Weapon","Bastard sword","Diablo II","Bastard Sword","Weapons","Sword","Equivalent family","Uses the nearest weapon family from the guide; Diablo bonuses and damage are ignored.","Normal","Normal / Magic","https://classic.battle.net/diablo2exp/items/normal/swords.shtml","","D:/Code/Core_Dark/tmp/extracted_text/Player_s_Guide_to_the_Western_Reaches_V1.json","110-111"
"Weapon","Bastard sword","Diablo III","Bastard Sword","Weapons","Sword","Equivalent family","Uses the nearest weapon family from the guide; Diablo bonuses and damage are ignored.","Base","Base type (white/grey/blue)","https://eu.diablo3.blizzard.com/en-gb/item/bastard-sword-Sword_1H_008","","D:/Code/Core_Dark/tmp/extracted_text/Player_s_Guide_to_the_Western_Reaches_V1.json","110-111"
"Weapon","Club","Diablo I","Club","Weapons","Mace","Equivalent family","Uses the nearest weapon family from the guide; Diablo bonuses and damage are ignored.","Base","Normal / Magic","https://www.lurkerlounge.com/diablo/jarulf/jarulf162.pdf","","D:/Code/Core_Dark/tmp/extracted_text/Player_s_Guide_to_the_Western_Reaches_V1.json","110-111"
"Weapon","Club","Diablo I","Spiked Club","Weapons","Mace","Equivalent family","Uses the nearest weapon family from the guide; Diablo bonuses and damage are ignored.","Base","Normal / Magic","https://www.lurkerlounge.com/diablo/jarulf/jarulf162.pdf","","D:/Code/Core_Dark/tmp/extracted_text/Player_s_Guide_to_the_Western_Reaches_V1.json","110-111"
"Weapon","Club","Diablo II","Barbed Club","Weapons","Mace","Equivalent family","Uses the nearest weapon family from the guide; Diablo bonuses and damage are ignored.","Exceptional","Normal / Magic","https://classic.battle.net/diablo2exp/items/exceptional/maces.shtml","","D:/Code/Core_Dark/tmp/extracted_text/Player_s_Guide_to_the_Western_Reaches_V1.json","110-111"
"Weapon","Club","Diablo II","Club","Weapons","Mace","Equivalent family","Uses the nearest weapon family from the guide; Diablo bonuses and damage are ignored.","Normal","Normal / Magic","https://classic.battle.net/diablo2exp/items/normal/maces.shtml","","D:/Code/Core_Dark/tmp/extracted_text/Player_s_Guide_to_the_Western_Reaches_V1.json","110-111"
"Weapon","Club","Diablo II","Cudgel","Weapons","Mace","Equivalent family","Uses the nearest weapon family from the guide; Diablo bonuses and damage are ignored.","Exceptional","Normal / Magic","https://classic.battle.net/diablo2exp/items/exceptional/maces.shtml","","D:/Code/Core_Dark/tmp/extracted_text/Player_s_Guide_to_the_Western_Reaches_V1.json","110-111"
"Weapon","Club","Diablo II","Spiked Club","Weapons","Mace","Equivalent family","Uses the nearest weapon family from the guide; Diablo bonuses and damage are ignored.","Normal","Normal / Magic","https://classic.battle.net/diablo2exp/items/normal/maces.shtml","","D:/Code/Core_Dark/tmp/extracted_text/Player_s_Guide_to_the_Western_Reaches_V1.json","110-111"
"Weapon","Club","Diablo II","Truncheon","Weapons","Mace","Equivalent family","Uses the nearest weapon family from the guide; Diablo bonuses and damage are ignored.","Elite","Normal / Magic","https://classic.battle.net/diablo2exp/items/elite/maces.shtml","","D:/Code/Core_Dark/tmp/extracted_text/Player_s_Guide_to_the_Western_Reaches_V1.json","110-111"
"Weapon","Club","Diablo II","Tyrant Club","Weapons","Mace","Equivalent family","Uses the nearest weapon family from the guide; Diablo bonuses and damage are ignored.","Elite","Normal / Magic","https://classic.battle.net/diablo2exp/items/elite/maces.shtml","","D:/Code/Core_Dark/tmp/extracted_text/Player_s_Guide_to_the_Western_Reaches_V1.json","110-111"
"Weapon","Club","Diablo III","Bludgeon","Weapons","Mace","Equivalent family","Uses the nearest weapon family from the guide; Diablo bonuses and damage are ignored.","Base","Base type (white/grey/blue)","https://eu.diablo3.blizzard.com/en-gb/artisan/blacksmith/recipe/grand-master-bludgeon","Base name listed through a crafting recipe in Blizzard item guide; recipe bonuses excluded.","D:/Code/Core_Dark/tmp/extracted_text/Player_s_Guide_to_the_Western_Reaches_V1.json","110-111"
"Weapon","Club","Diablo III","Club","Weapons","Mace","Equivalent family","Uses the nearest weapon family from the guide; Diablo bonuses and damage are ignored.","Base","Base type (white/grey/blue)","https://eu.diablo3.blizzard.com/en-gb/item/club-Mace_1H_001","","D:/Code/Core_Dark/tmp/extracted_text/Player_s_Guide_to_the_Western_Reaches_V1.json","110-111"
"Weapon","Club","Diablo III","Cudgel","Weapons","Mace","Equivalent family","Uses the nearest weapon family from the guide; Diablo bonuses and damage are ignored.","Base","Base type (white/grey/blue)","https://eu.diablo3.blizzard.com/en-gb/item/cudgel-Mace_1H_002","","D:/Code/Core_Dark/tmp/extracted_text/Player_s_Guide_to_the_Western_Reaches_V1.json","110-111"
"Weapon","Club","Diablo III","Truncheon","Weapons","Mace","Equivalent family","Uses the nearest weapon family from the guide; Diablo bonuses and damage are ignored.","Base","Base type (white/grey/blue)","https://eu.diablo3.blizzard.com/en-gb/artisan/blacksmith/recipe/glorious-death-mace","Base name listed through a crafting recipe in Blizzard item guide; recipe bonuses excluded.","D:/Code/Core_Dark/tmp/extracted_text/Player_s_Guide_to_the_Western_Reaches_V1.json","110-111"
"Weapon","Club","Diablo IV","Barbed Club","Weapons","Mace","Equivalent family","Uses the nearest weapon family from the guide; Diablo bonuses and damage are ignored.","Base","Magic","https://docs.google.com/spreadsheets/d/1IC6VCLGzocHjHTGQHj3yPSY0KOVBY97jFOFQWvMSARs/edit","Source catalogue updated 2026-07-27; base game","D:/Code/Core_Dark/tmp/extracted_text/Player_s_Guide_to_the_Western_Reaches_V1.json","110-111"
"Weapon","Club","Diablo IV","Bludgeon","Weapons","Mace","Equivalent family","Uses the nearest weapon family from the guide; Diablo bonuses and damage are ignored.","Base","Magic","https://docs.google.com/spreadsheets/d/1IC6VCLGzocHjHTGQHj3yPSY0KOVBY97jFOFQWvMSARs/edit","Source catalogue updated 2026-07-27; base game","D:/Code/Core_Dark/tmp/extracted_text/Player_s_Guide_to_the_Western_Reaches_V1.json","110-111"
"Weapon","Club","Diablo IV","Club","Weapons","Mace","Equivalent family","Uses the nearest weapon family from the guide; Diablo bonuses and damage are ignored.","Base","Common / Magic","https://docs.google.com/spreadsheets/d/1IC6VCLGzocHjHTGQHj3yPSY0KOVBY97jFOFQWvMSARs/edit","Source catalogue updated 2026-07-27; base game","D:/Code/Core_Dark/tmp/extracted_text/Player_s_Guide_to_the_Western_Reaches_V1.json","110-111"
"Weapon","Crossbow","Diablo II","Arbalest","Weapons","Crossbow","Equivalent family","Hand/repeating/heavy crossbows collapse to the ordinary Crossbow profile; loading and hands follow that profile.","Exceptional","Normal / Magic","https://classic.battle.net/diablo2exp/items/exceptional/crossbows.shtml","","D:/Code/Core_Dark/tmp/extracted_text/Player_s_Guide_to_the_Western_Reaches_V1.json","110-111"
"Weapon","Crossbow","Diablo II","Ballista","Weapons","Crossbow","Equivalent family","Hand/repeating/heavy crossbows collapse to the ordinary Crossbow profile; loading and hands follow that profile.","Exceptional","Normal / Magic","https://classic.battle.net/diablo2exp/items/exceptional/crossbows.shtml","","D:/Code/Core_Dark/tmp/extracted_text/Player_s_Guide_to_the_Western_Reaches_V1.json","110-111"
"Weapon","Crossbow","Diablo II","Chu-Ko-Nu","Weapons","Crossbow","Equivalent family","Hand/repeating/heavy crossbows collapse to the ordinary Crossbow profile; loading and hands follow that profile.","Exceptional","Normal / Magic","https://classic.battle.net/diablo2exp/items/exceptional/crossbows.shtml","","D:/Code/Core_Dark/tmp/extracted_text/Player_s_Guide_to_the_Western_Reaches_V1.json","110-111"
"Weapon","Crossbow","Diablo II","Colossus Crossbow","Weapons","Crossbow","Equivalent family","Hand/repeating/heavy crossbows collapse to the ordinary Crossbow profile; loading and hands follow that profile.","Elite","Normal / Magic","https://classic.battle.net/diablo2exp/items/elite/crossbows.shtml","","D:/Code/Core_Dark/tmp/extracted_text/Player_s_Guide_to_the_Western_Reaches_V1.json","110-111"
"Weapon","Crossbow","Diablo II","Crossbow","Weapons","Crossbow","Equivalent family","Hand/repeating/heavy crossbows collapse to the ordinary Crossbow profile; loading and hands follow that profile.","Normal","Normal / Magic","https://classic.battle.net/diablo2exp/items/normal/crossbows.shtml","","D:/Code/Core_Dark/tmp/extracted_text/Player_s_Guide_to_the_Western_Reaches_V1.json","110-111"
"Weapon","Crossbow","Diablo II","Demon Crossbow","Weapons","Crossbow","Equivalent family","Hand/repeating/heavy crossbows collapse to the ordinary Crossbow profile; loading and hands follow that profile.","Elite","Normal / Magic","https://classic.battle.net/diablo2exp/items/elite/crossbows.shtml","","D:/Code/Core_Dark/tmp/extracted_text/Player_s_Guide_to_the_Western_Reaches_V1.json","110-111"
"Weapon","Crossbow","Diablo II","Gorgon Crossbow","Weapons","Crossbow","Equivalent family","Hand/repeating/heavy crossbows collapse to the ordinary Crossbow profile; loading and hands follow that profile.","Elite","Normal / Magic","https://classic.battle.net/diablo2exp/items/elite/crossbows.shtml","","D:/Code/Core_Dark/tmp/extracted_text/Player_s_Guide_to_the_Western_Reaches_V1.json","110-111"
"Weapon","Crossbow","Diablo II","Heavy Crossbow","Weapons","Crossbow","Equivalent family","Hand/repeating/heavy crossbows collapse to the ordinary Crossbow profile; loading and hands follow that profile.","Normal","Normal / Magic","https://classic.battle.net/diablo2exp/items/normal/crossbows.shtml","","D:/Code/Core_Dark/tmp/extracted_text/Player_s_Guide_to_the_Western_Reaches_V1.json","110-111"
"Weapon","Crossbow","Diablo II","Light Crossbow","Weapons","Crossbow","Equivalent family","Hand/repeating/heavy crossbows collapse to the ordinary Crossbow profile; loading and hands follow that profile.","Normal","Normal / Magic","https://classic.battle.net/diablo2exp/items/normal/crossbows.shtml","","D:/Code/Core_Dark/tmp/extracted_text/Player_s_Guide_to_the_Western_Reaches_V1.json","110-111"
"Weapon","Crossbow","Diablo II","Pellet Bow","Weapons","Crossbow","Equivalent family","Hand/repeating/heavy crossbows collapse to the ordinary Crossbow profile; loading and hands follow that profile.","Elite","Normal / Magic","https://classic.battle.net/diablo2exp/items/elite/crossbows.shtml","","D:/Code/Core_Dark/tmp/extracted_text/Player_s_Guide_to_the_Western_Reaches_V1.json","110-111"
"Weapon","Crossbow","Diablo II","Repeating Crossbow","Weapons","Crossbow","Equivalent family","Hand/repeating/heavy crossbows collapse to the ordinary Crossbow profile; loading and hands follow that profile.","Normal","Normal / Magic","https://classic.battle.net/diablo2exp/items/normal/crossbows.shtml","","D:/Code/Core_Dark/tmp/extracted_text/Player_s_Guide_to_the_Western_Reaches_V1.json","110-111"
"Weapon","Crossbow","Diablo II","Siege Crossbow","Weapons","Crossbow","Equivalent family","Hand/repeating/heavy crossbows collapse to the ordinary Crossbow profile; loading and hands follow that profile.","Exceptional","Normal / Magic","https://classic.battle.net/diablo2exp/items/exceptional/crossbows.shtml","","D:/Code/Core_Dark/tmp/extracted_text/Player_s_Guide_to_the_Western_Reaches_V1.json","110-111"
"Weapon","Crossbow","Diablo III","Arbalest","Weapons","Crossbow","Equivalent family","Hand/repeating/heavy crossbows collapse to the ordinary Crossbow profile; loading and hands follow that profile.","Base","Base type (white/grey/blue)","https://eu.diablo3.blizzard.com/en-gb/artisan/blacksmith/recipe/apprentice-crossbow","Base name listed through a crafting recipe in Blizzard item guide; recipe bonuses excluded.","D:/Code/Core_Dark/tmp/extracted_text/Player_s_Guide_to_the_Western_Reaches_V1.json","110-111"
"Weapon","Crossbow","Diablo III","Chokonu","Weapons","Crossbow","Equivalent family","Hand/repeating/heavy crossbows collapse to the ordinary Crossbow profile; loading and hands follow that profile.","Base","Base type (white/grey/blue)","https://eu.diablo3.blizzard.com/en-gb/artisan/blacksmith/recipe/magnificent-chokonu","Base name listed through a crafting recipe in Blizzard item guide; recipe bonuses excluded.","D:/Code/Core_Dark/tmp/extracted_text/Player_s_Guide_to_the_Western_Reaches_V1.json","110-111"
"Weapon","Crossbow","Diablo III","Cranequin","Weapons","Crossbow","Equivalent family","Hand/repeating/heavy crossbows collapse to the ordinary Crossbow profile; loading and hands follow that profile.","Base","Base type (white/grey/blue)","https://eu.diablo3.blizzard.com/en-gb/item/cranequin-Crossbow_202","","D:/Code/Core_Dark/tmp/extracted_text/Player_s_Guide_to_the_Western_Reaches_V1.json","110-111"
"Weapon","Crossbow","Diablo III","Crossbow","Weapons","Crossbow","Equivalent family","Hand/repeating/heavy crossbows collapse to the ordinary Crossbow profile; loading and hands follow that profile.","Base","Base type (white/grey/blue)","https://eu.diablo3.blizzard.com/en-gb/item/crossbow-Crossbow_002","","D:/Code/Core_Dark/tmp/extracted_text/Player_s_Guide_to_the_Western_Reaches_V1.json","110-111"
"Weapon","Crossbow","Diablo III","Doomcaster","Weapons","Crossbow","Equivalent family","Hand/repeating/heavy crossbows collapse to the ordinary Crossbow profile; loading and hands follow that profile.","Base","Base type (white/grey/blue)","https://eu.diablo3.blizzard.com/en-gb/item/doomcaster-Crossbow_206","","D:/Code/Core_Dark/tmp/extracted_text/Player_s_Guide_to_the_Western_Reaches_V1.json","110-111"
"Weapon","Crossbow","Diablo III","Dread Crossbow","Weapons","Crossbow","Equivalent family","Hand/repeating/heavy crossbows collapse to the ordinary Crossbow profile; loading and hands follow that profile.","Base","Base type (white/grey/blue)","https://eu.diablo3.blizzard.com/en-gb/artisan/blacksmith/recipe/glorious-dread-crossbow","Base name listed through a crafting recipe in Blizzard item guide; recipe bonuses excluded.","D:/Code/Core_Dark/tmp/extracted_text/Player_s_Guide_to_the_Western_Reaches_V1.json","110-111"
"Weapon","Crossbow","Diablo III","Heavy Crossbow","Weapons","Crossbow","Equivalent family","Hand/repeating/heavy crossbows collapse to the ordinary Crossbow profile; loading and hands follow that profile.","Base","Base type (white/grey/blue)","https://eu.diablo3.blizzard.com/en-gb/item/heavy-crossbow-Crossbow_003","","D:/Code/Core_Dark/tmp/extracted_text/Player_s_Guide_to_the_Western_Reaches_V1.json","110-111"
"Weapon","Crossbow","Diablo III","Heavy Siege Crossbow","Weapons","Crossbow","Equivalent family","Hand/repeating/heavy crossbows collapse to the ordinary Crossbow profile; loading and hands follow that profile.","Base","Base type (white/grey/blue)","https://eu.diablo3.blizzard.com/en-gb/artisan/blacksmith/recipe/illustrious-slingbow","Base name listed through a crafting recipe in Blizzard item guide; recipe bonuses excluded.","D:/Code/Core_Dark/tmp/extracted_text/Player_s_Guide_to_the_Western_Reaches_V1.json","110-111"
"Weapon","Crossbow","Diablo III","Hellion Crossbow","Weapons","Crossbow","Equivalent family","Hand/repeating/heavy crossbows collapse to the ordinary Crossbow profile; loading and hands follow that profile.","Base","Base type (white/grey/blue)","https://eu.diablo3.blizzard.com/en-gb/item/hellion-crossbow-Crossbow_207","","D:/Code/Core_Dark/tmp/extracted_text/Player_s_Guide_to_the_Western_Reaches_V1.json","110-111"
"Weapon","Crossbow","Diablo III","Lian Nu","Weapons","Crossbow","Equivalent family","Hand/repeating/heavy crossbows collapse to the ordinary Crossbow profile; loading and hands follow that profile.","Base","Base type (white/grey/blue)","https://eu.diablo3.blizzard.com/en-gb/artisan/blacksmith/recipe/journeyman-lian-nu","Base name listed through a crafting recipe in Blizzard item guide; recipe bonuses excluded.","D:/Code/Core_Dark/tmp/extracted_text/Player_s_Guide_to_the_Western_Reaches_V1.json","110-111"
"Weapon","Crossbow","Diablo III","Light Crossbow","Weapons","Crossbow","Equivalent family","Hand/repeating/heavy crossbows collapse to the ordinary Crossbow profile; loading and hands follow that profile.","Base","Base type (white/grey/blue)","https://eu.diablo3.blizzard.com/en-gb/item/light-crossbow-Crossbow_001","","D:/Code/Core_Dark/tmp/extracted_text/Player_s_Guide_to_the_Western_Reaches_V1.json","110-111"
"Weapon","Crossbow","Diablo III","Nayin","Weapons","Crossbow","Equivalent family","Hand/repeating/heavy crossbows collapse to the ordinary Crossbow profile; loading and hands follow that profile.","Base","Base type (white/grey/blue)","https://eu.diablo3.blizzard.com/en-gb/artisan/blacksmith/recipe/exalted-doomcaster","Base name listed through a crafting recipe in Blizzard item guide; recipe bonuses excluded.","D:/Code/Core_Dark/tmp/extracted_text/Player_s_Guide_to_the_Western_Reaches_V1.json","110-111"
"Weapon","Crossbow","Diablo III","Oxybeles","Weapons","Crossbow","Equivalent family","Hand/repeating/heavy crossbows collapse to the ordinary Crossbow profile; loading and hands follow that profile.","Base","Base type (white/grey/blue)","https://eu.diablo3.blizzard.com/en-gb/artisan/blacksmith/recipe/sovereign-oxybeles","Base name listed through a crafting recipe in Blizzard item guide; recipe bonuses excluded.","D:/Code/Core_Dark/tmp/extracted_text/Player_s_Guide_to_the_Western_Reaches_V1.json","110-111"
"Weapon","Crossbow","Diablo III","Porcupine","Weapons","Crossbow","Equivalent family","Hand/repeating/heavy crossbows collapse to the ordinary Crossbow profile; loading and hands follow that profile.","Base","Base type (white/grey/blue)","https://eu.diablo3.blizzard.com/en-gb/artisan/blacksmith/recipe/adept-porcupine","Base name listed through a crafting recipe in Blizzard item guide; recipe bonuses excluded.","D:/Code/Core_Dark/tmp/extracted_text/Player_s_Guide_to_the_Western_Reaches_V1.json","110-111"
"Weapon","Crossbow","Diablo III","Quarrelbow","Weapons","Crossbow","Equivalent family","Hand/repeating/heavy crossbows collapse to the ordinary Crossbow profile; loading and hands follow that profile.","Base","Base type (white/grey/blue)","https://eu.diablo3.blizzard.com/en-gb/artisan/blacksmith/recipe/grand-master-heavy-siege-crossbow","Base name listed through a crafting recipe in Blizzard item guide; recipe bonuses excluded.","D:/Code/Core_Dark/tmp/extracted_text/Player_s_Guide_to_the_Western_Reaches_V1.json","110-111"
"Weapon","Crossbow","Diablo III","Rampart Bow","Weapons","Crossbow","Equivalent family","Hand/repeating/heavy crossbows collapse to the ordinary Crossbow profile; loading and hands follow that profile.","Base","Base type (white/grey/blue)","https://eu.diablo3.blizzard.com/en-gb/artisan/blacksmith/recipe/exquisite-rampart-bow","Base name listed through a crafting recipe in Blizzard item guide; recipe bonuses excluded.","D:/Code/Core_Dark/tmp/extracted_text/Player_s_Guide_to_the_Western_Reaches_V1.json","110-111"
"Weapon","Crossbow","Diablo III","Scorpion","Weapons","Crossbow","Equivalent family","Hand/repeating/heavy crossbows collapse to the ordinary Crossbow profile; loading and hands follow that profile.","Base","Base type (white/grey/blue)","https://eu.diablo3.blizzard.com/en-gb/artisan/blacksmith/recipe/resplendent-scorpion","Base name listed through a crafting recipe in Blizzard item guide; recipe bonuses excluded.","D:/Code/Core_Dark/tmp/extracted_text/Player_s_Guide_to_the_Western_Reaches_V1.json","110-111"
"Weapon","Crossbow","Diablo III","Siege Crossbow","Weapons","Crossbow","Equivalent family","Hand/repeating/heavy crossbows collapse to the ordinary Crossbow profile; loading and hands follow that profile.","Base","Base type (white/grey/blue)","https://eu.diablo3.blizzard.com/en-gb/artisan/blacksmith/recipe/master-crossbow","Base name listed through a crafting recipe in Blizzard item guide; recipe bonuses excluded.","D:/Code/Core_Dark/tmp/extracted_text/Player_s_Guide_to_the_Western_Reaches_V1.json","110-111"
"Weapon","Crossbow","Diablo III","Slingbow","Weapons","Crossbow","Equivalent family","Hand/repeating/heavy crossbows collapse to the ordinary Crossbow profile; loading and hands follow that profile.","Base","Base type (white/grey/blue)","https://eu.diablo3.blizzard.com/en-gb/item/slingbow-Crossbow_104","","D:/Code/Core_Dark/tmp/extracted_text/Player_s_Guide_to_the_Western_Reaches_V1.json","110-111"
"Weapon","Crossbow","Diablo III","Stonebow","Weapons","Crossbow","Equivalent family","Hand/repeating/heavy crossbows collapse to the ordinary Crossbow profile; loading and hands follow that profile.","Base","Base type (white/grey/blue)","https://eu.diablo3.blizzard.com/en-gb/item/stonebow-Crossbow_205","","D:/Code/Core_Dark/tmp/extracted_text/Player_s_Guide_to_the_Western_Reaches_V1.json","110-111"
"Weapon","Crossbow","Diablo III","War Caster","Weapons","Crossbow","Equivalent family","Hand/repeating/heavy crossbows collapse to the ordinary Crossbow profile; loading and hands follow that profile.","Base","Base type (white/grey/blue)","https://eu.diablo3.blizzard.com/en-gb/item/war-caster-Crossbow_106","","D:/Code/Core_Dark/tmp/extracted_text/Player_s_Guide_to_the_Western_Reaches_V1.json","110-111"
"Weapon","Crossbow","Diablo III","War Crossbow","Weapons","Crossbow","Equivalent family","Hand/repeating/heavy crossbows collapse to the ordinary Crossbow profile; loading and hands follow that profile.","Base","Base type (white/grey/blue)","https://eu.diablo3.blizzard.com/en-gb/item/war-crossbow-Crossbow_006","","D:/Code/Core_Dark/tmp/extracted_text/Player_s_Guide_to_the_Western_Reaches_V1.json","110-111"
"Weapon","Crossbow","Diablo III","Windlass","Weapons","Crossbow","Equivalent family","Hand/repeating/heavy crossbows collapse to the ordinary Crossbow profile; loading and hands follow that profile.","Base","Base type (white/grey/blue)","https://eu.diablo3.blizzard.com/en-gb/item/windlass-Crossbow_201","","D:/Code/Core_Dark/tmp/extracted_text/Player_s_Guide_to_the_Western_Reaches_V1.json","110-111"
"Weapon","Crossbow","Diablo III","Arcus","Weapons","Hand Crossbow","Approximate","Hand/repeating/heavy crossbows collapse to the ordinary Crossbow profile; loading and hands follow that profile.","Base","Base type (white/grey/blue)","https://eu.diablo3.blizzard.com/en-gb/artisan/blacksmith/recipe/illustrious-arcus","Base name listed through a crafting recipe in Blizzard item guide; recipe bonuses excluded.","D:/Code/Core_Dark/tmp/extracted_text/Player_s_Guide_to_the_Western_Reaches_V1.json","110-111"
"Weapon","Crossbow","Diablo III","Blade Spitter","Weapons","Hand Crossbow","Approximate","Hand/repeating/heavy crossbows collapse to the ordinary Crossbow profile; loading and hands follow that profile.","Base","Base type (white/grey/blue)","https://eu.diablo3.blizzard.com/en-gb/artisan/blacksmith/recipe/exalted-bolt-caster","Base name listed through a crafting recipe in Blizzard item guide; recipe bonuses excluded.","D:/Code/Core_Dark/tmp/extracted_text/Player_s_Guide_to_the_Western_Reaches_V1.json","110-111"
"Weapon","Crossbow","Diablo III","Bolt Caster","Weapons","Hand Crossbow","Approximate","Hand/repeating/heavy crossbows collapse to the ordinary Crossbow profile; loading and hands follow that profile.","Base","Base type (white/grey/blue)","https://eu.diablo3.blizzard.com/en-gb/item/bolt-caster-HandXbow_207","","D:/Code/Core_Dark/tmp/extracted_text/Player_s_Guide_to_the_Western_Reaches_V1.json","110-111"
"Weapon","Crossbow","Diablo III","Bolt Rack","Weapons","Hand Crossbow","Approximate","Hand/repeating/heavy crossbows collapse to the ordinary Crossbow profile; loading and hands follow that profile.","Base","Base type (white/grey/blue)","https://eu.diablo3.blizzard.com/en-gb/artisan/blacksmith/recipe/resplendent-sling-pistol","Base name listed through a crafting recipe in Blizzard item guide; recipe bonuses excluded.","D:/Code/Core_Dark/tmp/extracted_text/Player_s_Guide_to_the_Western_Reaches_V1.json","110-111"
"Weapon","Crossbow","Diablo III","Cranequin","Weapons","Hand Crossbow","Approximate","Hand/repeating/heavy crossbows collapse to the ordinary Crossbow profile; loading and hands follow that profile.","Base","Base type (white/grey/blue)","https://eu.diablo3.blizzard.com/en-gb/item/cranequin-HandXbow_105","","D:/Code/Core_Dark/tmp/extracted_text/Player_s_Guide_to_the_Western_Reaches_V1.json","110-111"
"Weapon","Crossbow","Diablo III","Crosslock","Weapons","Hand Crossbow","Approximate","Hand/repeating/heavy crossbows collapse to the ordinary Crossbow profile; loading and hands follow that profile.","Base","Base type (white/grey/blue)","https://eu.diablo3.blizzard.com/en-gb/artisan/blacksmith/recipe/grand-master-crosslock","Base name listed through a crafting recipe in Blizzard item guide; recipe bonuses excluded.","D:/Code/Core_Dark/tmp/extracted_text/Player_s_Guide_to_the_Western_Reaches_V1.json","110-111"
"Weapon","Crossbow","Diablo III","Exorcist","Weapons","Hand Crossbow","Approximate","Hand/repeating/heavy crossbows collapse to the ordinary Crossbow profile; loading and hands follow that profile.","Base","Base type (white/grey/blue)","https://eu.diablo3.blizzard.com/en-gb/item/exorcist-HandXbow_208","","D:/Code/Core_Dark/tmp/extracted_text/Player_s_Guide_to_the_Western_Reaches_V1.json","110-111"
"Weapon","Crossbow","Diablo III","Hand Crossbow","Weapons","Hand Crossbow","Approximate","Hand/repeating/heavy crossbows collapse to the ordinary Crossbow profile; loading and hands follow that profile.","Base","Base type (white/grey/blue)","https://eu.diablo3.blizzard.com/en-gb/artisan/blacksmith/recipe/apprentice-hand-crossbow","Base name listed through a crafting recipe in Blizzard item guide; recipe bonuses excluded.","D:/Code/Core_Dark/tmp/extracted_text/Player_s_Guide_to_the_Western_Reaches_V1.json","110-111"
"Weapon","Crossbow","Diablo III","Heavy Arcus","Weapons","Hand Crossbow","Approximate","Hand/repeating/heavy crossbows collapse to the ordinary Crossbow profile; loading and hands follow that profile.","Base","Base type (white/grey/blue)","https://eu.diablo3.blizzard.com/en-gb/item/heavy-arcus-HandXbow_107","","D:/Code/Core_Dark/tmp/extracted_text/Player_s_Guide_to_the_Western_Reaches_V1.json","110-111"
"Weapon","Crossbow","Diablo III","Heavy Cranequin","Weapons","Hand Crossbow","Approximate","Hand/repeating/heavy crossbows collapse to the ordinary Crossbow profile; loading and hands follow that profile.","Base","Base type (white/grey/blue)","https://eu.diablo3.blizzard.com/en-gb/item/heavy-cranequin-HandXbow_205","","D:/Code/Core_Dark/tmp/extracted_text/Player_s_Guide_to_the_Western_Reaches_V1.json","110-111"
"Weapon","Crossbow","Diablo III","Heavy Stake Thrower","Weapons","Hand Crossbow","Approximate","Hand/repeating/heavy crossbows collapse to the ordinary Crossbow profile; loading and hands follow that profile.","Base","Base type (white/grey/blue)","https://eu.diablo3.blizzard.com/en-gb/item/heavy-stake-thrower-HandXbow_008","","D:/Code/Core_Dark/tmp/extracted_text/Player_s_Guide_to_the_Western_Reaches_V1.json","110-111"
"Weapon","Crossbow","Diablo III","Initiate's Hand Crossbow","Weapons","Hand Crossbow","Approximate","Hand/repeating/heavy crossbows collapse to the ordinary Crossbow profile; loading and hands follow that profile.","Base","Base type (white/grey/blue)","https://eu.diablo3.blizzard.com/en-gb/item/initiates-hand-crossbow-HandXbow_000","","D:/Code/Core_Dark/tmp/extracted_text/Player_s_Guide_to_the_Western_Reaches_V1.json","110-111"
"Weapon","Crossbow","Diablo III","Light Hand Crossbow","Weapons","Hand Crossbow","Approximate","Hand/repeating/heavy crossbows collapse to the ordinary Crossbow profile; loading and hands follow that profile.","Base","Base type (white/grey/blue)","https://eu.diablo3.blizzard.com/en-gb/item/light-hand-crossbow-HandXbow_002","","D:/Code/Core_Dark/tmp/extracted_text/Player_s_Guide_to_the_Western_Reaches_V1.json","110-111"
"Weapon","Crossbow","Diablo III","Lionblade Bow","Weapons","Hand Crossbow","Approximate","Hand/repeating/heavy crossbows collapse to the ordinary Crossbow profile; loading and hands follow that profile.","Base","Base type (white/grey/blue)","https://eu.diablo3.blizzard.com/en-gb/artisan/blacksmith/recipe/exquisite-lionblade-bow","Base name listed through a crafting recipe in Blizzard item guide; recipe bonuses excluded.","D:/Code/Core_Dark/tmp/extracted_text/Player_s_Guide_to_the_Western_Reaches_V1.json","110-111"
"Weapon","Crossbow","Diablo III","Nail Spitter","Weapons","Hand Crossbow","Approximate","Hand/repeating/heavy crossbows collapse to the ordinary Crossbow profile; loading and hands follow that profile.","Base","Base type (white/grey/blue)","https://eu.diablo3.blizzard.com/en-gb/artisan/blacksmith/recipe/adept-nail-spitter","Base name listed through a crafting recipe in Blizzard item guide; recipe bonuses excluded.","D:/Code/Core_Dark/tmp/extracted_text/Player_s_Guide_to_the_Western_Reaches_V1.json","110-111"
"Weapon","Crossbow","Diablo III","Penetrator","Weapons","Hand Crossbow","Approximate","Hand/repeating/heavy crossbows collapse to the ordinary Crossbow profile; loading and hands follow that profile.","Base","Base type (white/grey/blue)","https://eu.diablo3.blizzard.com/en-gb/artisan/blacksmith/recipe/sovereign-penetrator","Base name listed through a crafting recipe in Blizzard item guide; recipe bonuses excluded.","D:/Code/Core_Dark/tmp/extracted_text/Player_s_Guide_to_the_Western_Reaches_V1.json","110-111"
"Weapon","Crossbow","Diablo III","Quillshot","Weapons","Hand Crossbow","Approximate","Hand/repeating/heavy crossbows collapse to the ordinary Crossbow profile; loading and hands follow that profile.","Base","Base type (white/grey/blue)","https://eu.diablo3.blizzard.com/en-gb/artisan/blacksmith/recipe/journeyman-quillshot","Base name listed through a crafting recipe in Blizzard item guide; recipe bonuses excluded.","D:/Code/Core_Dark/tmp/extracted_text/Player_s_Guide_to_the_Western_Reaches_V1.json","110-111"
"Weapon","Crossbow","Diablo III","Runic Arcus","Weapons","Hand Crossbow","Approximate","Hand/repeating/heavy crossbows collapse to the ordinary Crossbow profile; loading and hands follow that profile.","Base","Base type (white/grey/blue)","https://eu.diablo3.blizzard.com/en-gb/item/runic-arcus-HandXbow_206","","D:/Code/Core_Dark/tmp/extracted_text/Player_s_Guide_to_the_Western_Reaches_V1.json","110-111"
"Weapon","Crossbow","Diablo III","Runic Sling Pistol","Weapons","Hand Crossbow","Approximate","Hand/repeating/heavy crossbows collapse to the ordinary Crossbow profile; loading and hands follow that profile.","Base","Base type (white/grey/blue)","https://eu.diablo3.blizzard.com/en-gb/item/runic-sling-pistol-HandXbow_201","","D:/Code/Core_Dark/tmp/extracted_text/Player_s_Guide_to_the_Western_Reaches_V1.json","110-111"
"Weapon","Crossbow","Diablo III","Siege Lock","Weapons","Hand Crossbow","Approximate","Hand/repeating/heavy crossbows collapse to the ordinary Crossbow profile; loading and hands follow that profile.","Base","Base type (white/grey/blue)","https://eu.diablo3.blizzard.com/en-gb/item/siege-lock-HandXbow_103","","D:/Code/Core_Dark/tmp/extracted_text/Player_s_Guide_to_the_Western_Reaches_V1.json","110-111"
"Weapon","Crossbow","Diablo III","Simple Hand Crossbow","Weapons","Hand Crossbow","Approximate","Hand/repeating/heavy crossbows collapse to the ordinary Crossbow profile; loading and hands follow that profile.","Base","Base type (white/grey/blue)","https://eu.diablo3.blizzard.com/en-gb/artisan/blacksmith/recipe/apprentice-light-hand-crossbow","Base name listed through a crafting recipe in Blizzard item guide; recipe bonuses excluded.","D:/Code/Core_Dark/tmp/extracted_text/Player_s_Guide_to_the_Western_Reaches_V1.json","110-111"
"Weapon","Crossbow","Diablo III","Sling Pistol","Weapons","Hand Crossbow","Approximate","Hand/repeating/heavy crossbows collapse to the ordinary Crossbow profile; loading and hands follow that profile.","Base","Base type (white/grey/blue)","https://eu.diablo3.blizzard.com/en-gb/artisan/blacksmith/recipe/master-heavy-sling-pistol","Base name listed through a crafting recipe in Blizzard item guide; recipe bonuses excluded.","D:/Code/Core_Dark/tmp/extracted_text/Player_s_Guide_to_the_Western_Reaches_V1.json","110-111"
"Weapon","Crossbow","Diablo III","Slinglock","Weapons","Hand Crossbow","Approximate","Hand/repeating/heavy crossbows collapse to the ordinary Crossbow profile; loading and hands follow that profile.","Base","Base type (white/grey/blue)","https://eu.diablo3.blizzard.com/en-gb/item/slinglock-HandXbow_005","","D:/Code/Core_Dark/tmp/extracted_text/Player_s_Guide_to_the_Western_Reaches_V1.json","110-111"
"Weapon","Crossbow","Diablo III","Spine Thrower","Weapons","Hand Crossbow","Approximate","Hand/repeating/heavy crossbows collapse to the ordinary Crossbow profile; loading and hands follow that profile.","Base","Base type (white/grey/blue)","https://eu.diablo3.blizzard.com/en-gb/artisan/blacksmith/recipe/magnificent-heavy-arcus","Base name listed through a crafting recipe in Blizzard item guide; recipe bonuses excluded.","D:/Code/Core_Dark/tmp/extracted_text/Player_s_Guide_to_the_Western_Reaches_V1.json","110-111"
"Weapon","Crossbow","Diablo III","Splinter Shot","Weapons","Hand Crossbow","Approximate","Hand/repeating/heavy crossbows collapse to the ordinary Crossbow profile; loading and hands follow that profile.","Base","Base type (white/grey/blue)","https://eu.diablo3.blizzard.com/en-gb/artisan/blacksmith/recipe/glorious-blade-spitter","Base name listed through a crafting recipe in Blizzard item guide; recipe bonuses excluded.","D:/Code/Core_Dark/tmp/extracted_text/Player_s_Guide_to_the_Western_Reaches_V1.json","110-111"
"Weapon","Crossbow","Diablo III","Stake Thrower","Weapons","Hand Crossbow","Approximate","Hand/repeating/heavy crossbows collapse to the ordinary Crossbow profile; loading and hands follow that profile.","Base","Base type (white/grey/blue)","https://eu.diablo3.blizzard.com/en-gb/item/stake-thrower-HandXbow_003","","D:/Code/Core_Dark/tmp/extracted_text/Player_s_Guide_to_the_Western_Reaches_V1.json","110-111"
"Weapon","Crossbow","Diablo III","Windlash","Weapons","Hand Crossbow","Approximate","Hand/repeating/heavy crossbows collapse to the ordinary Crossbow profile; loading and hands follow that profile.","Base","Base type (white/grey/blue)","https://eu.diablo3.blizzard.com/en-gb/item/windlash-HandXbow_203","","D:/Code/Core_Dark/tmp/extracted_text/Player_s_Guide_to_the_Western_Reaches_V1.json","110-111"
"Weapon","Crossbow","Diablo IV","Crossbow","Weapons","Crossbow","Equivalent family","Hand/repeating/heavy crossbows collapse to the ordinary Crossbow profile; loading and hands follow that profile.","Base","Common","https://docs.google.com/spreadsheets/d/1IC6VCLGzocHjHTGQHj3yPSY0KOVBY97jFOFQWvMSARs/edit","Source catalogue updated 2026-07-27; base game","D:/Code/Core_Dark/tmp/extracted_text/Player_s_Guide_to_the_Western_Reaches_V1.json","110-111"
"Weapon","Crossbow","Diablo IV","Pellet Bow","Weapons","Crossbow","Equivalent family","Hand/repeating/heavy crossbows collapse to the ordinary Crossbow profile; loading and hands follow that profile.","Base","Magic","https://docs.google.com/spreadsheets/d/1IC6VCLGzocHjHTGQHj3yPSY0KOVBY97jFOFQWvMSARs/edit","Source catalogue updated 2026-07-27; base game","D:/Code/Core_Dark/tmp/extracted_text/Player_s_Guide_to_the_Western_Reaches_V1.json","110-111"
"Weapon","Crossbow","Diablo IV","Reinforced Crossbow","Weapons","Crossbow","Equivalent family","Hand/repeating/heavy crossbows collapse to the ordinary Crossbow profile; loading and hands follow that profile.","Base","Magic","https://docs.google.com/spreadsheets/d/1IC6VCLGzocHjHTGQHj3yPSY0KOVBY97jFOFQWvMSARs/edit","Source catalogue updated 2026-07-27; base game","D:/Code/Core_Dark/tmp/extracted_text/Player_s_Guide_to_the_Western_Reaches_V1.json","110-111"
"Weapon","Crossbow","Diablo IV","Simple Crossbow","Weapons","Crossbow","Equivalent family","Hand/repeating/heavy crossbows collapse to the ordinary Crossbow profile; loading and hands follow that profile.","Base","Magic","https://docs.google.com/spreadsheets/d/1IC6VCLGzocHjHTGQHj3yPSY0KOVBY97jFOFQWvMSARs/edit","Source catalogue updated 2026-07-27; base game","D:/Code/Core_Dark/tmp/extracted_text/Player_s_Guide_to_the_Western_Reaches_V1.json","110-111"
"Weapon","Dagger","Diablo I","Dagger","Weapons","Sword","Equivalent family","Uses the nearest weapon family from the guide; Diablo bonuses and damage are ignored.","Base","Normal / Magic","https://www.lurkerlounge.com/diablo/jarulf/jarulf162.pdf","","D:/Code/Core_Dark/tmp/extracted_text/Player_s_Guide_to_the_Western_Reaches_V1.json","110-111"
"Weapon","Dagger","Diablo II","Battle Cestus","Weapons","Assassin claw","Approximate","Wrist blades and claws use Dagger as a rough reskin; attachment and dual-wield properties are not imported.","Elite","Normal / Magic","https://classic.battle.net/diablo2exp/items/elite/katars.shtml","","D:/Code/Core_Dark/tmp/extracted_text/Player_s_Guide_to_the_Western_Reaches_V1.json","110-111"
"Weapon","Dagger","Diablo II","Blade Talons","Weapons","Assassin claw","Approximate","Wrist blades and claws use Dagger as a rough reskin; attachment and dual-wield properties are not imported.","Normal","Normal / Magic","https://classic.battle.net/diablo2exp/items/normal/katars.shtml","","D:/Code/Core_Dark/tmp/extracted_text/Player_s_Guide_to_the_Western_Reaches_V1.json","110-111"
"Weapon","Dagger","Diablo II","Cestus","Weapons","Assassin claw","Approximate","Wrist blades and claws use Dagger as a rough reskin; attachment and dual-wield properties are not imported.","Normal","Normal / Magic","https://classic.battle.net/diablo2exp/items/normal/katars.shtml","","D:/Code/Core_Dark/tmp/extracted_text/Player_s_Guide_to_the_Western_Reaches_V1.json","110-111"
"Weapon","Dagger","Diablo II","Claws","Weapons","Assassin claw","Approximate","Wrist blades and claws use Dagger as a rough reskin; attachment and dual-wield properties are not imported.","Normal","Normal / Magic","https://classic.battle.net/diablo2exp/items/normal/katars.shtml","","D:/Code/Core_Dark/tmp/extracted_text/Player_s_Guide_to_the_Western_Reaches_V1.json","110-111"
"Weapon","Dagger","Diablo II","Fascia","Weapons","Assassin claw","Approximate","Wrist blades and claws use Dagger as a rough reskin; attachment and dual-wield properties are not imported.","Exceptional","Normal / Magic","https://classic.battle.net/diablo2exp/items/exceptional/katars.shtml","","D:/Code/Core_Dark/tmp/extracted_text/Player_s_Guide_to_the_Western_Reaches_V1.json","110-111"
"Weapon","Dagger","Diablo II","Feral Claws","Weapons","Assassin claw","Approximate","Wrist blades and claws use Dagger as a rough reskin; attachment and dual-wield properties are not imported.","Elite","Normal / Magic","https://classic.battle.net/diablo2exp/items/elite/katars.shtml","","D:/Code/Core_Dark/tmp/extracted_text/Player_s_Guide_to_the_Western_Reaches_V1.json","110-111"
"Weapon","Dagger","Diablo II","Greater Claws","Weapons","Assassin claw","Approximate","Wrist blades and claws use Dagger as a rough reskin; attachment and dual-wield properties are not imported.","Exceptional","Normal / Magic","https://classic.battle.net/diablo2exp/items/exceptional/katars.shtml","","D:/Code/Core_Dark/tmp/extracted_text/Player_s_Guide_to_the_Western_Reaches_V1.json","110-111"
"Weapon","Dagger","Diablo II","Greater Talons","Weapons","Assassin claw","Approximate","Wrist blades and claws use Dagger as a rough reskin; attachment and dual-wield properties are not imported.","Exceptional","Normal / Magic","https://classic.battle.net/diablo2exp/items/exceptional/katars.shtml","","D:/Code/Core_Dark/tmp/extracted_text/Player_s_Guide_to_the_Western_Reaches_V1.json","110-111"
"Weapon","Dagger","Diablo II","Hand Scythe","Weapons","Assassin claw","Approximate","Wrist blades and claws use Dagger as a rough reskin; attachment and dual-wield properties are not imported.","Exceptional","Normal / Magic","https://classic.battle.net/diablo2exp/items/exceptional/katars.shtml","","D:/Code/Core_Dark/tmp/extracted_text/Player_s_Guide_to_the_Western_Reaches_V1.json","110-111"
"Weapon","Dagger","Diablo II","Hatchet Hands","Weapons","Assassin claw","Approximate","Wrist blades and claws use Dagger as a rough reskin; attachment and dual-wield properties are not imported.","Normal","Normal / Magic","https://classic.battle.net/diablo2exp/items/normal/katars.shtml","","D:/Code/Core_Dark/tmp/extracted_text/Player_s_Guide_to_the_Western_Reaches_V1.json","110-111"
"Weapon","Dagger","Diablo II","Katar","Weapons","Assassin claw","Approximate","Wrist blades and claws use Dagger as a rough reskin; attachment and dual-wield properties are not imported.","Normal","Normal / Magic","https://classic.battle.net/diablo2exp/items/normal/katars.shtml","","D:/Code/Core_Dark/tmp/extracted_text/Player_s_Guide_to_the_Western_Reaches_V1.json","110-111"
"Weapon","Dagger","Diablo II","Quhab","Weapons","Assassin claw","Approximate","Wrist blades and claws use Dagger as a rough reskin; attachment and dual-wield properties are not imported.","Exceptional","Normal / Magic","https://classic.battle.net/diablo2exp/items/exceptional/katars.shtml","","D:/Code/Core_Dark/tmp/extracted_text/Player_s_Guide_to_the_Western_Reaches_V1.json","110-111"
"Weapon","Dagger","Diablo II","Runic Talons","Weapons","Assassin claw","Approximate","Wrist blades and claws use Dagger as a rough reskin; attachment and dual-wield properties are not imported.","Elite","Normal / Magic","https://classic.battle.net/diablo2exp/items/elite/katars.shtml","","D:/Code/Core_Dark/tmp/extracted_text/Player_s_Guide_to_the_Western_Reaches_V1.json","110-111"
"Weapon","Dagger","Diablo II","Scissors Katar","Weapons","Assassin claw","Approximate","Wrist blades and claws use Dagger as a rough reskin; attachment and dual-wield properties are not imported.","Normal","Normal / Magic","https://classic.battle.net/diablo2exp/items/normal/katars.shtml","","D:/Code/Core_Dark/tmp/extracted_text/Player_s_Guide_to_the_Western_Reaches_V1.json","110-111"
"Weapon","Dagger","Diablo II","Scissors Quhab","Weapons","Assassin claw","Approximate","Wrist blades and claws use Dagger as a rough reskin; attachment and dual-wield properties are not imported.","Exceptional","Normal / Magic","https://classic.battle.net/diablo2exp/items/exceptional/katars.shtml","","D:/Code/Core_Dark/tmp/extracted_text/Player_s_Guide_to_the_Western_Reaches_V1.json","110-111"
"Weapon","Dagger","Diablo II","Scissors Suwayyah","Weapons","Assassin claw","Approximate","Wrist blades and claws use Dagger as a rough reskin; attachment and dual-wield properties are not imported.","Elite","Normal / Magic","https://classic.battle.net/diablo2exp/items/elite/katars.shtml","","D:/Code/Core_Dark/tmp/extracted_text/Player_s_Guide_to_the_Western_Reaches_V1.json","110-111"
"Weapon","Dagger","Diablo II","Suwayyah","Weapons","Assassin claw","Approximate","Wrist blades and claws use Dagger as a rough reskin; attachment and dual-wield properties are not imported.","Elite","Normal / Magic","https://classic.battle.net/diablo2exp/items/elite/katars.shtml","","D:/Code/Core_Dark/tmp/extracted_text/Player_s_Guide_to_the_Western_Reaches_V1.json","110-111"
"Weapon","Dagger","Diablo II","War Fist","Weapons","Assassin claw","Approximate","Wrist blades and claws use Dagger as a rough reskin; attachment and dual-wield properties are not imported.","Elite","Normal / Magic","https://classic.battle.net/diablo2exp/items/elite/katars.shtml","","D:/Code/Core_Dark/tmp/extracted_text/Player_s_Guide_to_the_Western_Reaches_V1.json","110-111"
"Weapon","Dagger","Diablo II","Wrist Blade","Weapons","Assassin claw","Approximate","Wrist blades and claws use Dagger as a rough reskin; attachment and dual-wield properties are not imported.","Normal","Normal / Magic","https://classic.battle.net/diablo2exp/items/normal/katars.shtml","","D:/Code/Core_Dark/tmp/extracted_text/Player_s_Guide_to_the_Western_Reaches_V1.json","110-111"
"Weapon","Dagger","Diablo II","Wrist Spike","Weapons","Assassin claw","Approximate","Wrist blades and claws use Dagger as a rough reskin; attachment and dual-wield properties are not imported.","Exceptional","Normal / Magic","https://classic.battle.net/diablo2exp/items/exceptional/katars.shtml","","D:/Code/Core_Dark/tmp/extracted_text/Player_s_Guide_to_the_Western_Reaches_V1.json","110-111"
"Weapon","Dagger","Diablo II","Wrist Sword","Weapons","Assassin claw","Approximate","Wrist blades and claws use Dagger as a rough reskin; attachment and dual-wield properties are not imported.","Elite","Normal / Magic","https://classic.battle.net/diablo2exp/items/elite/katars.shtml","","D:/Code/Core_Dark/tmp/extracted_text/Player_s_Guide_to_the_Western_Reaches_V1.json","110-111"
"Weapon","Dagger","Diablo II","Blade","Weapons","Dagger","Equivalent family","Uses the nearest weapon family from the guide; Diablo bonuses and damage are ignored.","Normal","Normal / Magic","https://classic.battle.net/diablo2exp/items/normal/daggers.shtml","","D:/Code/Core_Dark/tmp/extracted_text/Player_s_Guide_to_the_Western_Reaches_V1.json","110-111"
"Weapon","Dagger","Diablo II","Bone Knife","Weapons","Dagger","Equivalent family","Uses the nearest weapon family from the guide; Diablo bonuses and damage are ignored.","Elite","Normal / Magic","https://classic.battle.net/diablo2exp/items/elite/daggers.shtml","","D:/Code/Core_Dark/tmp/extracted_text/Player_s_Guide_to_the_Western_Reaches_V1.json","110-111"
"Weapon","Dagger","Diablo II","Cinquedeas","Weapons","Dagger","Equivalent family","Uses the nearest weapon family from the guide; Diablo bonuses and damage are ignored.","Exceptional","Normal / Magic","https://classic.battle.net/diablo2exp/items/exceptional/daggers.shtml","","D:/Code/Core_Dark/tmp/extracted_text/Player_s_Guide_to_the_Western_Reaches_V1.json","110-111"
"Weapon","Dagger","Diablo II","Dagger","Weapons","Dagger","Equivalent family","Uses the nearest weapon family from the guide; Diablo bonuses and damage are ignored.","Normal","Normal / Magic","https://classic.battle.net/diablo2exp/items/normal/daggers.shtml","","D:/Code/Core_Dark/tmp/extracted_text/Player_s_Guide_to_the_Western_Reaches_V1.json","110-111"
"Weapon","Dagger","Diablo II","Dirk","Weapons","Dagger","Equivalent family","Uses the nearest weapon family from the guide; Diablo bonuses and damage are ignored.","Normal","Normal / Magic","https://classic.battle.net/diablo2exp/items/normal/daggers.shtml","","D:/Code/Core_Dark/tmp/extracted_text/Player_s_Guide_to_the_Western_Reaches_V1.json","110-111"
"Weapon","Dagger","Diablo II","Fanged Knife","Weapons","Dagger","Equivalent family","Uses the nearest weapon family from the guide; Diablo bonuses and damage are ignored.","Elite","Normal / Magic","https://classic.battle.net/diablo2exp/items/elite/daggers.shtml","","D:/Code/Core_Dark/tmp/extracted_text/Player_s_Guide_to_the_Western_Reaches_V1.json","110-111"
"Weapon","Dagger","Diablo II","Kris","Weapons","Dagger","Equivalent family","Uses the nearest weapon family from the guide; Diablo bonuses and damage are ignored.","Normal","Normal / Magic","https://classic.battle.net/diablo2exp/items/normal/daggers.shtml","","D:/Code/Core_Dark/tmp/extracted_text/Player_s_Guide_to_the_Western_Reaches_V1.json","110-111"
"Weapon","Dagger","Diablo II","Legend Spike","Weapons","Dagger","Equivalent family","Uses the nearest weapon family from the guide; Diablo bonuses and damage are ignored.","Elite","Normal / Magic","https://classic.battle.net/diablo2exp/items/elite/daggers.shtml","","D:/Code/Core_Dark/tmp/extracted_text/Player_s_Guide_to_the_Western_Reaches_V1.json","110-111"
"Weapon","Dagger","Diablo II","Mithril Point","Weapons","Dagger","Equivalent family","Uses the nearest weapon family from the guide; Diablo bonuses and damage are ignored.","Elite","Normal / Magic","https://classic.battle.net/diablo2exp/items/elite/daggers.shtml","","D:/Code/Core_Dark/tmp/extracted_text/Player_s_Guide_to_the_Western_Reaches_V1.json","110-111"
"Weapon","Dagger","Diablo II","Poignard","Weapons","Dagger","Equivalent family","Uses the nearest weapon family from the guide; Diablo bonuses and damage are ignored.","Exceptional","Normal / Magic","https://classic.battle.net/diablo2exp/items/exceptional/daggers.shtml","","D:/Code/Core_Dark/tmp/extracted_text/Player_s_Guide_to_the_Western_Reaches_V1.json","110-111"
"Weapon","Dagger","Diablo II","Rondel","Weapons","Dagger","Equivalent family","Uses the nearest weapon family from the guide; Diablo bonuses and damage are ignored.","Exceptional","Normal / Magic","https://classic.battle.net/diablo2exp/items/exceptional/daggers.shtml","","D:/Code/Core_Dark/tmp/extracted_text/Player_s_Guide_to_the_Western_Reaches_V1.json","110-111"
"Weapon","Dagger","Diablo II","Stiletto","Weapons","Dagger","Equivalent family","Uses the nearest weapon family from the guide; Diablo bonuses and damage are ignored.","Exceptional","Normal / Magic","https://classic.battle.net/diablo2exp/items/exceptional/daggers.shtml","","D:/Code/Core_Dark/tmp/extracted_text/Player_s_Guide_to_the_Western_Reaches_V1.json","110-111"
"Weapon","Dagger","Diablo II","Balanced Knife","Weapons","Throwing weapon","Approximate","Thrown axes use Handaxe; thrown blades/darts use Dagger.","Normal","Normal / Magic","https://classic.battle.net/diablo2exp/items/normal/throw.shtml","","D:/Code/Core_Dark/tmp/extracted_text/Player_s_Guide_to_the_Western_Reaches_V1.json","110-111"
"Weapon","Dagger","Diablo II","Battle Dart","Weapons","Throwing weapon","Approximate","Thrown axes use Handaxe; thrown blades/darts use Dagger.","Exceptional","Normal / Magic","https://classic.battle.net/diablo2exp/items/exceptional/throw.shtml","","D:/Code/Core_Dark/tmp/extracted_text/Player_s_Guide_to_the_Western_Reaches_V1.json","110-111"
"Weapon","Dagger","Diablo II","Flying Knife","Weapons","Throwing weapon","Approximate","Thrown axes use Handaxe; thrown blades/darts use Dagger.","Elite","Normal / Magic","https://classic.battle.net/diablo2exp/items/elite/throw.shtml","","D:/Code/Core_Dark/tmp/extracted_text/Player_s_Guide_to_the_Western_Reaches_V1.json","110-111"
"Weapon","Dagger","Diablo II","Throwing Knife","Weapons","Throwing weapon","Approximate","Thrown axes use Handaxe; thrown blades/darts use Dagger.","Normal","Normal / Magic","https://classic.battle.net/diablo2exp/items/normal/throw.shtml","","D:/Code/Core_Dark/tmp/extracted_text/Player_s_Guide_to_the_Western_Reaches_V1.json","110-111"
"Weapon","Dagger","Diablo II","War Dart","Weapons","Throwing weapon","Approximate","Thrown axes use Handaxe; thrown blades/darts use Dagger.","Exceptional","Normal / Magic","https://classic.battle.net/diablo2exp/items/exceptional/throw.shtml","","D:/Code/Core_Dark/tmp/extracted_text/Player_s_Guide_to_the_Western_Reaches_V1.json","110-111"
"Weapon","Dagger","Diablo II","Winged Knife","Weapons","Throwing weapon","Approximate","Thrown axes use Handaxe; thrown blades/darts use Dagger.","Elite","Normal / Magic","https://classic.battle.net/diablo2exp/items/elite/throw.shtml","","D:/Code/Core_Dark/tmp/extracted_text/Player_s_Guide_to_the_Western_Reaches_V1.json","110-111"
"Weapon","Dagger","Diablo III","Beast Tusk","Weapons","Ceremonial Knife","Equivalent family","Uses the nearest weapon family from the guide; Diablo bonuses and damage are ignored.","Base","Base type (white/grey/blue)","https://eu.diablo3.blizzard.com/en-gb/artisan/blacksmith/recipe/magnificent-beast-tusk","Base name listed through a crafting recipe in Blizzard item guide; recipe bonuses excluded.","D:/Code/Core_Dark/tmp/extracted_text/Player_s_Guide_to_the_Western_Reaches_V1.json","110-111"
"Weapon","Dagger","Diablo III","Bone Saw","Weapons","Ceremonial Knife","Equivalent family","Uses the nearest weapon family from the guide; Diablo bonuses and damage are ignored.","Base","Base type (white/grey/blue)","https://eu.diablo3.blizzard.com/en-gb/artisan/blacksmith/recipe/illustrious-bone-saw","Base name listed through a crafting recipe in Blizzard item guide; recipe bonuses excluded.","D:/Code/Core_Dark/tmp/extracted_text/Player_s_Guide_to_the_Western_Reaches_V1.json","110-111"
"Weapon","Dagger","Diablo III","Exquisite Knife","Weapons","Ceremonial Knife","Equivalent family","Uses the nearest weapon family from the guide; Diablo bonuses and damage are ignored.","Base","Base type (white/grey/blue)","https://eu.diablo3.blizzard.com/en-gb/artisan/blacksmith/recipe/exalted-exquisite-knife","Base name listed through a crafting recipe in Blizzard item guide; recipe bonuses excluded.","D:/Code/Core_Dark/tmp/extracted_text/Player_s_Guide_to_the_Western_Reaches_V1.json","110-111"
"Weapon","Dagger","Diablo III","Flayer","Weapons","Ceremonial Knife","Equivalent family","Uses the nearest weapon family from the guide; Diablo bonuses and damage are ignored.","Base","Base type (white/grey/blue)","https://eu.diablo3.blizzard.com/en-gb/artisan/blacksmith/recipe/grand-master-flayer","Base name listed through a crafting recipe in Blizzard item guide; recipe bonuses excluded.","D:/Code/Core_Dark/tmp/extracted_text/Player_s_Guide_to_the_Western_Reaches_V1.json","110-111"
"Weapon","Dagger","Diablo III","Flesh Ripper","Weapons","Ceremonial Knife","Equivalent family","Uses the nearest weapon family from the guide; Diablo bonuses and damage are ignored.","Base","Base type (white/grey/blue)","https://eu.diablo3.blizzard.com/en-gb/item/flesh-ripper-CeremonialDagger_1H_205","","D:/Code/Core_Dark/tmp/extracted_text/Player_s_Guide_to_the_Western_Reaches_V1.json","110-111"
"Weapon","Dagger","Diablo III","Flint Knife","Weapons","Ceremonial Knife","Equivalent family","Uses the nearest weapon family from the guide; Diablo bonuses and damage are ignored.","Base","Base type (white/grey/blue)","https://eu.diablo3.blizzard.com/en-gb/artisan/blacksmith/recipe/adept-flint-knife","Base name listed through a crafting recipe in Blizzard item guide; recipe bonuses excluded.","D:/Code/Core_Dark/tmp/extracted_text/Player_s_Guide_to_the_Western_Reaches_V1.json","110-111"
"Weapon","Dagger","Diablo III","Jagged Edge","Weapons","Ceremonial Knife","Equivalent family","Uses the nearest weapon family from the guide; Diablo bonuses and damage are ignored.","Base","Base type (white/grey/blue)","https://eu.diablo3.blizzard.com/en-gb/item/jagged-edge-CeremonialDagger_1H_003","","D:/Code/Core_Dark/tmp/extracted_text/Player_s_Guide_to_the_Western_Reaches_V1.json","110-111"
"Weapon","Dagger","Diablo III","Kris Blade","Weapons","Ceremonial Knife","Equivalent family","Uses the nearest weapon family from the guide; Diablo bonuses and damage are ignored.","Base","Base type (white/grey/blue)","https://eu.diablo3.blizzard.com/en-gb/item/kris-blade-CeremonialDagger_1H_002","","D:/Code/Core_Dark/tmp/extracted_text/Player_s_Guide_to_the_Western_Reaches_V1.json","110-111"
"Weapon","Dagger","Diablo III","Obsidian Edge","Weapons","Ceremonial Knife","Equivalent family","Uses the nearest weapon family from the guide; Diablo bonuses and damage are ignored.","Base","Base type (white/grey/blue)","https://eu.diablo3.blizzard.com/en-gb/artisan/blacksmith/recipe/glorious-obsidian-edge","Base name listed through a crafting recipe in Blizzard item guide; recipe bonuses excluded.","D:/Code/Core_Dark/tmp/extracted_text/Player_s_Guide_to_the_Western_Reaches_V1.json","110-111"
"Weapon","Dagger","Diablo III","Obsidian Skiver","Weapons","Ceremonial Knife","Equivalent family","Uses the nearest weapon family from the guide; Diablo bonuses and damage are ignored.","Base","Base type (white/grey/blue)","https://eu.diablo3.blizzard.com/en-gb/artisan/blacksmith/recipe/exquisite-obsidian-skiver","Base name listed through a crafting recipe in Blizzard item guide; recipe bonuses excluded.","D:/Code/Core_Dark/tmp/extracted_text/Player_s_Guide_to_the_Western_Reaches_V1.json","110-111"
"Weapon","Dagger","Diablo III","Ox Bone Blade","Weapons","Ceremonial Knife","Equivalent family","Uses the nearest weapon family from the guide; Diablo bonuses and damage are ignored.","Base","Base type (white/grey/blue)","https://eu.diablo3.blizzard.com/en-gb/artisan/blacksmith/recipe/master-sacrifice-blade","Base name listed through a crafting recipe in Blizzard item guide; recipe bonuses excluded.","D:/Code/Core_Dark/tmp/extracted_text/Player_s_Guide_to_the_Western_Reaches_V1.json","110-111"
"Weapon","Dagger","Diablo III","Sacrifice Blade","Weapons","Ceremonial Knife","Equivalent family","Uses the nearest weapon family from the guide; Diablo bonuses and damage are ignored.","Base","Base type (white/grey/blue)","https://eu.diablo3.blizzard.com/en-gb/item/sacrifice-blade-CeremonialDagger_1H_101","","D:/Code/Core_Dark/tmp/extracted_text/Player_s_Guide_to_the_Western_Reaches_V1.json","110-111"
"Weapon","Dagger","Diablo III","Scalping Razor","Weapons","Ceremonial Knife","Equivalent family","Uses the nearest weapon family from the guide; Diablo bonuses and damage are ignored.","Base","Base type (white/grey/blue)","https://eu.diablo3.blizzard.com/en-gb/artisan/blacksmith/recipe/resplendent-scalping-razor","Base name listed through a crafting recipe in Blizzard item guide; recipe bonuses excluded.","D:/Code/Core_Dark/tmp/extracted_text/Player_s_Guide_to_the_Western_Reaches_V1.json","110-111"
"Weapon","Dagger","Diablo III","Simple Knife","Weapons","Ceremonial Knife","Equivalent family","Uses the nearest weapon family from the guide; Diablo bonuses and damage are ignored.","Base","Base type (white/grey/blue)","https://eu.diablo3.blizzard.com/en-gb/item/simple-knife-CeremonialDagger_1H_000","","D:/Code/Core_Dark/tmp/extracted_text/Player_s_Guide_to_the_Western_Reaches_V1.json","110-111"
"Weapon","Dagger","Diablo III","Skin Cutter","Weapons","Ceremonial Knife","Equivalent family","Uses the nearest weapon family from the guide; Diablo bonuses and damage are ignored.","Base","Base type (white/grey/blue)","https://eu.diablo3.blizzard.com/en-gb/item/skin-cutter-CeremonialDagger_1H_203","","D:/Code/Core_Dark/tmp/extracted_text/Player_s_Guide_to_the_Western_Reaches_V1.json","110-111"
"Weapon","Dagger","Diablo III","Stone Knife","Weapons","Ceremonial Knife","Equivalent family","Uses the nearest weapon family from the guide; Diablo bonuses and damage are ignored.","Base","Base type (white/grey/blue)","https://eu.diablo3.blizzard.com/en-gb/item/stone-knife-CeremonialDagger_1H_001","","D:/Code/Core_Dark/tmp/extracted_text/Player_s_Guide_to_the_Western_Reaches_V1.json","110-111"
"Weapon","Dagger","Diablo III","Tecpatl","Weapons","Ceremonial Knife","Equivalent family","Uses the nearest weapon family from the guide; Diablo bonuses and damage are ignored.","Base","Base type (white/grey/blue)","https://eu.diablo3.blizzard.com/en-gb/artisan/blacksmith/recipe/sovereign-tecpatl","Base name listed through a crafting recipe in Blizzard item guide; recipe bonuses excluded.","D:/Code/Core_Dark/tmp/extracted_text/Player_s_Guide_to_the_Western_Reaches_V1.json","110-111"
"Weapon","Dagger","Diablo III","Veil Piercer","Weapons","Ceremonial Knife","Equivalent family","Uses the nearest weapon family from the guide; Diablo bonuses and damage are ignored.","Base","Base type (white/grey/blue)","https://eu.diablo3.blizzard.com/en-gb/item/veil-piercer-CeremonialDagger_1H_206","","D:/Code/Core_Dark/tmp/extracted_text/Player_s_Guide_to_the_Western_Reaches_V1.json","110-111"
"Weapon","Dagger","Diablo III","Basilard","Weapons","Dagger","Equivalent family","Uses the nearest weapon family from the guide; Diablo bonuses and damage are ignored.","Base","Base type (white/grey/blue)","https://eu.diablo3.blizzard.com/en-gb/item/basilard-Dagger_205","","D:/Code/Core_Dark/tmp/extracted_text/Player_s_Guide_to_the_Western_Reaches_V1.json","110-111"
"Weapon","Dagger","Diablo III","Cinquedea","Weapons","Dagger","Equivalent family","Uses the nearest weapon family from the guide; Diablo bonuses and damage are ignored.","Base","Base type (white/grey/blue)","https://eu.diablo3.blizzard.com/en-gb/artisan/blacksmith/recipe/exalted-piercer","Base name listed through a crafting recipe in Blizzard item guide; recipe bonuses excluded.","D:/Code/Core_Dark/tmp/extracted_text/Player_s_Guide_to_the_Western_Reaches_V1.json","110-111"
"Weapon","Dagger","Diablo III","Dagger","Weapons","Dagger","Equivalent family","Uses the nearest weapon family from the guide; Diablo bonuses and damage are ignored.","Base","Base type (white/grey/blue)","https://eu.diablo3.blizzard.com/en-gb/item/dagger-Dagger_004","","D:/Code/Core_Dark/tmp/extracted_text/Player_s_Guide_to_the_Western_Reaches_V1.json","110-111"
"Weapon","Dagger","Diablo III","Darkblade","Weapons","Dagger","Equivalent family","Uses the nearest weapon family from the guide; Diablo bonuses and damage are ignored.","Base","Base type (white/grey/blue)","https://eu.diablo3.blizzard.com/en-gb/item/darkblade-Dagger_207","","D:/Code/Core_Dark/tmp/extracted_text/Player_s_Guide_to_the_Western_Reaches_V1.json","110-111"
"Weapon","Dagger","Diablo III","Jagged Dagger","Weapons","Dagger","Equivalent family","Uses the nearest weapon family from the guide; Diablo bonuses and damage are ignored.","Base","Base type (white/grey/blue)","https://eu.diablo3.blizzard.com/en-gb/artisan/blacksmith/recipe/grand-master-jagged-dagger","Base name listed through a crafting recipe in Blizzard item guide; recipe bonuses excluded.","D:/Code/Core_Dark/tmp/extracted_text/Player_s_Guide_to_the_Western_Reaches_V1.json","110-111"
"Weapon","Dagger","Diablo III","Kindjal","Weapons","Dagger","Equivalent family","Uses the nearest weapon family from the guide; Diablo bonuses and damage are ignored.","Base","Base type (white/grey/blue)","https://eu.diablo3.blizzard.com/en-gb/item/kindjal-Dagger_102","","D:/Code/Core_Dark/tmp/extracted_text/Player_s_Guide_to_the_Western_Reaches_V1.json","110-111"
"Weapon","Dagger","Diablo III","Kingsport Blade","Weapons","Dagger","Equivalent family","Uses the nearest weapon family from the guide; Diablo bonuses and damage are ignored.","Base","Base type (white/grey/blue)","https://eu.diablo3.blizzard.com/en-gb/artisan/blacksmith/recipe/exquisite-kingsport-blade","Base name listed through a crafting recipe in Blizzard item guide; recipe bonuses excluded.","D:/Code/Core_Dark/tmp/extracted_text/Player_s_Guide_to_the_Western_Reaches_V1.json","110-111"
"Weapon","Dagger","Diablo III","Kukri","Weapons","Dagger","Equivalent family","Uses the nearest weapon family from the guide; Diablo bonuses and damage are ignored.","Base","Base type (white/grey/blue)","https://eu.diablo3.blizzard.com/en-gb/item/kukri-Dagger_201","","D:/Code/Core_Dark/tmp/extracted_text/Player_s_Guide_to_the_Western_Reaches_V1.json","110-111"
"Weapon","Dagger","Diablo III","Main Gauche","Weapons","Dagger","Equivalent family","Uses the nearest weapon family from the guide; Diablo bonuses and damage are ignored.","Base","Base type (white/grey/blue)","https://eu.diablo3.blizzard.com/en-gb/item/main-gauche-Dagger_106","","D:/Code/Core_Dark/tmp/extracted_text/Player_s_Guide_to_the_Western_Reaches_V1.json","110-111"
"Weapon","Dagger","Diablo III","Pavade","Weapons","Dagger","Equivalent family","Uses the nearest weapon family from the guide; Diablo bonuses and damage are ignored.","Base","Base type (white/grey/blue)","https://eu.diablo3.blizzard.com/en-gb/artisan/blacksmith/recipe/glorious-pavade","Base name listed through a crafting recipe in Blizzard item guide; recipe bonuses excluded.","D:/Code/Core_Dark/tmp/extracted_text/Player_s_Guide_to_the_Western_Reaches_V1.json","110-111"
"Weapon","Dagger","Diablo III","Piercer","Weapons","Dagger","Equivalent family","Uses the nearest weapon family from the guide; Diablo bonuses and damage are ignored.","Base","Base type (white/grey/blue)","https://eu.diablo3.blizzard.com/en-gb/item/piercer-Dagger_206","","D:/Code/Core_Dark/tmp/extracted_text/Player_s_Guide_to_the_Western_Reaches_V1.json","110-111"
"Weapon","Dagger","Diablo III","Poignard","Weapons","Dagger","Equivalent family","Uses the nearest weapon family from the guide; Diablo bonuses and damage are ignored.","Base","Base type (white/grey/blue)","https://eu.diablo3.blizzard.com/en-gb/artisan/blacksmith/recipe/journeyman-dagger","Base name listed through a crafting recipe in Blizzard item guide; recipe bonuses excluded.","D:/Code/Core_Dark/tmp/extracted_text/Player_s_Guide_to_the_Western_Reaches_V1.json","110-111"
"Weapon","Dagger","Diablo III","Pugio","Weapons","Dagger","Equivalent family","Uses the nearest weapon family from the guide; Diablo bonuses and damage are ignored.","Base","Base type (white/grey/blue)","https://eu.diablo3.blizzard.com/en-gb/artisan/blacksmith/recipe/illustrious-pugio","Base name listed through a crafting recipe in Blizzard item guide; recipe bonuses excluded.","D:/Code/Core_Dark/tmp/extracted_text/Player_s_Guide_to_the_Western_Reaches_V1.json","110-111"
"Weapon","Dagger","Diablo III","Punyal","Weapons","Dagger","Equivalent family","Uses the nearest weapon family from the guide; Diablo bonuses and damage are ignored.","Base","Base type (white/grey/blue)","https://eu.diablo3.blizzard.com/en-gb/artisan/blacksmith/recipe/sovereign-punyal","Base name listed through a crafting recipe in Blizzard item guide; recipe bonuses excluded.","D:/Code/Core_Dark/tmp/extracted_text/Player_s_Guide_to_the_Western_Reaches_V1.json","110-111"
"Weapon","Dagger","Diablo III","Rondel","Weapons","Dagger","Equivalent family","Uses the nearest weapon family from the guide; Diablo bonuses and damage are ignored.","Base","Base type (white/grey/blue)","https://eu.diablo3.blizzard.com/en-gb/item/rondel-Dagger_104","","D:/Code/Core_Dark/tmp/extracted_text/Player_s_Guide_to_the_Western_Reaches_V1.json","110-111"
"Weapon","Dagger","Diablo III","Scramasax","Weapons","Dagger","Equivalent family","Uses the nearest weapon family from the guide; Diablo bonuses and damage are ignored.","Base","Base type (white/grey/blue)","https://eu.diablo3.blizzard.com/en-gb/artisan/blacksmith/recipe/magnificent-scramasax","Base name listed through a crafting recipe in Blizzard item guide; recipe bonuses excluded.","D:/Code/Core_Dark/tmp/extracted_text/Player_s_Guide_to_the_Western_Reaches_V1.json","110-111"
"Weapon","Dagger","Diablo III","Shiv","Weapons","Dagger","Equivalent family","Uses the nearest weapon family from the guide; Diablo bonuses and damage are ignored.","Base","Base type (white/grey/blue)","https://eu.diablo3.blizzard.com/en-gb/item/shiv-Dagger_002","","D:/Code/Core_Dark/tmp/extracted_text/Player_s_Guide_to_the_Western_Reaches_V1.json","110-111"
"Weapon","Dagger","Diablo III","Short Dagger","Weapons","Dagger","Equivalent family","Uses the nearest weapon family from the guide; Diablo bonuses and damage are ignored.","Base","Base type (white/grey/blue)","https://eu.diablo3.blizzard.com/en-gb/artisan/blacksmith/recipe/apprentice-shiv","Base name listed through a crafting recipe in Blizzard item guide; recipe bonuses excluded.","D:/Code/Core_Dark/tmp/extracted_text/Player_s_Guide_to_the_Western_Reaches_V1.json","110-111"
"Weapon","Dagger","Diablo III","Simple Dagger","Weapons","Dagger","Equivalent family","Uses the nearest weapon family from the guide; Diablo bonuses and damage are ignored.","Base","Base type (white/grey/blue)","https://eu.diablo3.blizzard.com/en-gb/item/simple-dagger-Dagger_001","","D:/Code/Core_Dark/tmp/extracted_text/Player_s_Guide_to_the_Western_Reaches_V1.json","110-111"
"Weapon","Dagger","Diablo III","Skain","Weapons","Dagger","Equivalent family","Uses the nearest weapon family from the guide; Diablo bonuses and damage are ignored.","Base","Base type (white/grey/blue)","https://eu.diablo3.blizzard.com/en-gb/item/skain-Dagger_204","","D:/Code/Core_Dark/tmp/extracted_text/Player_s_Guide_to_the_Western_Reaches_V1.json","110-111"
"Weapon","Dagger","Diablo III","Skiver","Weapons","Dagger","Equivalent family","Uses the nearest weapon family from the guide; Diablo bonuses and damage are ignored.","Base","Base type (white/grey/blue)","https://eu.diablo3.blizzard.com/en-gb/artisan/blacksmith/recipe/master-skiver","Base name listed through a crafting recipe in Blizzard item guide; recipe bonuses excluded.","D:/Code/Core_Dark/tmp/extracted_text/Player_s_Guide_to_the_Western_Reaches_V1.json","110-111"
"Weapon","Dagger","Diablo III","Spine","Weapons","Dagger","Equivalent family","Uses the nearest weapon family from the guide; Diablo bonuses and damage are ignored.","Base","Base type (white/grey/blue)","https://eu.diablo3.blizzard.com/en-gb/artisan/blacksmith/recipe/resplendent-spine","Base name listed through a crafting recipe in Blizzard item guide; recipe bonuses excluded.","D:/Code/Core_Dark/tmp/extracted_text/Player_s_Guide_to_the_Western_Reaches_V1.json","110-111"
"Weapon","Dagger","Diablo III","Stiletto","Weapons","Dagger","Equivalent family","Uses the nearest weapon family from the guide; Diablo bonuses and damage are ignored.","Base","Base type (white/grey/blue)","https://eu.diablo3.blizzard.com/en-gb/artisan/blacksmith/recipe/adept-stiletto","Base name listed through a crafting recipe in Blizzard item guide; recipe bonuses excluded.","D:/Code/Core_Dark/tmp/extracted_text/Player_s_Guide_to_the_Western_Reaches_V1.json","110-111"
"Weapon","Dagger","Diablo IV","Hunter's Knife","Weapons","Dagger","Equivalent family","Uses the nearest weapon family from the guide; Diablo bonuses and damage are ignored.","Base","Magic","https://docs.google.com/spreadsheets/d/1IC6VCLGzocHjHTGQHj3yPSY0KOVBY97jFOFQWvMSARs/edit","Source catalogue updated 2026-07-27; base game","D:/Code/Core_Dark/tmp/extracted_text/Player_s_Guide_to_the_Western_Reaches_V1.json","110-111"
"Weapon","Dagger","Diablo IV","Pugio","Weapons","Dagger","Equivalent family","Uses the nearest weapon family from the guide; Diablo bonuses and damage are ignored.","Base","Magic","https://docs.google.com/spreadsheets/d/1IC6VCLGzocHjHTGQHj3yPSY0KOVBY97jFOFQWvMSARs/edit","Source catalogue updated 2026-07-27; base game","D:/Code/Core_Dark/tmp/extracted_text/Player_s_Guide_to_the_Western_Reaches_V1.json","110-111"
"Weapon","Dagger","Diablo IV","Simple Dagger","Weapons","Dagger","Equivalent family","Uses the nearest weapon family from the guide; Diablo bonuses and damage are ignored.","Base","Common","https://docs.google.com/spreadsheets/d/1IC6VCLGzocHjHTGQHj3yPSY0KOVBY97jFOFQWvMSARs/edit","Source catalogue updated 2026-07-27; base game","D:/Code/Core_Dark/tmp/extracted_text/Player_s_Guide_to_the_Western_Reaches_V1.json","110-111"
"Weapon","Dagger","Diablo IV","Stiletto","Weapons","Dagger","Equivalent family","Uses the nearest weapon family from the guide; Diablo bonuses and damage are ignored.","Base","Magic","https://docs.google.com/spreadsheets/d/1IC6VCLGzocHjHTGQHj3yPSY0KOVBY97jFOFQWvMSARs/edit","Source catalogue updated 2026-07-27; base game","D:/Code/Core_Dark/tmp/extracted_text/Player_s_Guide_to_the_Western_Reaches_V1.json","110-111"
"Weapon","Falchion","Diablo I","Falchion","Weapons","Sword","Approximate","Named match; the guide's Falchion is two-handed, even where the Diablo version is not.","Base","Normal / Magic","https://www.lurkerlounge.com/diablo/jarulf/jarulf162.pdf","","D:/Code/Core_Dark/tmp/extracted_text/Player_s_Guide_to_the_Western_Reaches_V1.json","110-111"
"Weapon","Falchion","Diablo II","Falchion","Weapons","Sword","Approximate","Named match; the guide's Falchion is two-handed, even where the Diablo version is not.","Normal","Normal / Magic","https://classic.battle.net/diablo2exp/items/normal/swords.shtml","","D:/Code/Core_Dark/tmp/extracted_text/Player_s_Guide_to_the_Western_Reaches_V1.json","110-111"
"Weapon","Falchion","Diablo III","Falchion","Weapons","Sword","Approximate","Named match; the guide's Falchion is two-handed, even where the Diablo version is not.","Base","Base type (white/grey/blue)","https://eu.diablo3.blizzard.com/en-gb/item/falchion-Sword_1H_005","","D:/Code/Core_Dark/tmp/extracted_text/Player_s_Guide_to_the_Western_Reaches_V1.json","110-111"
"Weapon","Greataxe","Diablo I","Axe","Weapons","Axe","Approximate","Axe size/handedness sets the rough family; Diablo-only properties are not retained.","Base","Normal / Magic","https://www.lurkerlounge.com/diablo/jarulf/jarulf162.pdf","","D:/Code/Core_Dark/tmp/extracted_text/Player_s_Guide_to_the_Western_Reaches_V1.json","110-111"
"Weapon","Greataxe","Diablo I","Battle Axe","Weapons","Axe","Approximate","Axe size/handedness sets the rough family; Diablo-only properties are not retained.","Base","Normal / Magic","https://www.lurkerlounge.com/diablo/jarulf/jarulf162.pdf","","D:/Code/Core_Dark/tmp/extracted_text/Player_s_Guide_to_the_Western_Reaches_V1.json","110-111"
"Weapon","Greataxe","Diablo I","Broad Axe","Weapons","Axe","Approximate","Axe size/handedness sets the rough family; Diablo-only properties are not retained.","Base","Normal / Magic","https://www.lurkerlounge.com/diablo/jarulf/jarulf162.pdf","","D:/Code/Core_Dark/tmp/extracted_text/Player_s_Guide_to_the_Western_Reaches_V1.json","110-111"
"Weapon","Greataxe","Diablo I","Great Axe","Weapons","Axe","Approximate","Axe size/handedness sets the rough family; Diablo-only properties are not retained.","Base","Normal / Magic","https://www.lurkerlounge.com/diablo/jarulf/jarulf162.pdf","","D:/Code/Core_Dark/tmp/extracted_text/Player_s_Guide_to_the_Western_Reaches_V1.json","110-111"
"Weapon","Greataxe","Diablo I","Large Axe","Weapons","Axe","Approximate","Axe size/handedness sets the rough family; Diablo-only properties are not retained.","Base","Normal / Magic","https://www.lurkerlounge.com/diablo/jarulf/jarulf162.pdf","","D:/Code/Core_Dark/tmp/extracted_text/Player_s_Guide_to_the_Western_Reaches_V1.json","110-111"
"Weapon","Greataxe","Diablo II","Ancient Axe","Weapons","Axe","Approximate","Axe size/handedness sets the rough family; Diablo-only properties are not retained.","Exceptional","Normal / Magic","https://classic.battle.net/diablo2exp/items/exceptional/axes.shtml","","D:/Code/Core_Dark/tmp/extracted_text/Player_s_Guide_to_the_Western_Reaches_V1.json","110-111"
"Weapon","Greataxe","Diablo II","Battle Axe","Weapons","Axe","Approximate","Axe size/handedness sets the rough family; Diablo-only properties are not retained.","Normal","Normal / Magic","https://classic.battle.net/diablo2exp/items/normal/axes.shtml","","D:/Code/Core_Dark/tmp/extracted_text/Player_s_Guide_to_the_Western_Reaches_V1.json","110-111"
"Weapon","Greataxe","Diablo II","Bearded Axe","Weapons","Axe","Approximate","Axe size/handedness sets the rough family; Diablo-only properties are not retained.","Exceptional","Normal / Magic","https://classic.battle.net/diablo2exp/items/exceptional/axes.shtml","","D:/Code/Core_Dark/tmp/extracted_text/Player_s_Guide_to_the_Western_Reaches_V1.json","110-111"
"Weapon","Greataxe","Diablo II","Broad Axe","Weapons","Axe","Approximate","Axe size/handedness sets the rough family; Diablo-only properties are not retained.","Normal","Normal / Magic","https://classic.battle.net/diablo2exp/items/normal/axes.shtml","","D:/Code/Core_Dark/tmp/extracted_text/Player_s_Guide_to_the_Western_Reaches_V1.json","110-111"
"Weapon","Greataxe","Diablo II","Champion Axe","Weapons","Axe","Approximate","Axe size/handedness sets the rough family; Diablo-only properties are not retained.","Elite","Normal / Magic","https://classic.battle.net/diablo2exp/items/elite/axes.shtml","","D:/Code/Core_Dark/tmp/extracted_text/Player_s_Guide_to_the_Western_Reaches_V1.json","110-111"
"Weapon","Greataxe","Diablo II","Decapitator","Weapons","Axe","Approximate","Axe size/handedness sets the rough family; Diablo-only properties are not retained.","Elite","Normal / Magic","https://classic.battle.net/diablo2exp/items/elite/axes.shtml","","D:/Code/Core_Dark/tmp/extracted_text/Player_s_Guide_to_the_Western_Reaches_V1.json","110-111"
"Weapon","Greataxe","Diablo II","Feral Axe","Weapons","Axe","Approximate","Axe size/handedness sets the rough family; Diablo-only properties are not retained.","Elite","Normal / Magic","https://classic.battle.net/diablo2exp/items/elite/axes.shtml","","D:/Code/Core_Dark/tmp/extracted_text/Player_s_Guide_to_the_Western_Reaches_V1.json","110-111"
"Weapon","Greataxe","Diablo II","Giant Axe","Weapons","Axe","Approximate","Axe size/handedness sets the rough family; Diablo-only properties are not retained.","Normal","Normal / Magic","https://classic.battle.net/diablo2exp/items/normal/axes.shtml","","D:/Code/Core_Dark/tmp/extracted_text/Player_s_Guide_to_the_Western_Reaches_V1.json","110-111"
"Weapon","Greataxe","Diablo II","Glorious Axe","Weapons","Axe","Approximate","Axe size/handedness sets the rough family; Diablo-only properties are not retained.","Elite","Normal / Magic","https://classic.battle.net/diablo2exp/items/elite/axes.shtml","","D:/Code/Core_Dark/tmp/extracted_text/Player_s_Guide_to_the_Western_Reaches_V1.json","110-111"
"Weapon","Greataxe","Diablo II","Gothic Axe","Weapons","Axe","Approximate","Axe size/handedness sets the rough family; Diablo-only properties are not retained.","Exceptional","Normal / Magic","https://classic.battle.net/diablo2exp/items/exceptional/axes.shtml","","D:/Code/Core_Dark/tmp/extracted_text/Player_s_Guide_to_the_Western_Reaches_V1.json","110-111"
"Weapon","Greataxe","Diablo II","Great Axe","Weapons","Axe","Approximate","Axe size/handedness sets the rough family; Diablo-only properties are not retained.","Normal","Normal / Magic","https://classic.battle.net/diablo2exp/items/normal/axes.shtml","","D:/Code/Core_Dark/tmp/extracted_text/Player_s_Guide_to_the_Western_Reaches_V1.json","110-111"
"Weapon","Greataxe","Diablo II","Large Axe","Weapons","Axe","Approximate","Axe size/handedness sets the rough family; Diablo-only properties are not retained.","Normal","Normal / Magic","https://classic.battle.net/diablo2exp/items/normal/axes.shtml","","D:/Code/Core_Dark/tmp/extracted_text/Player_s_Guide_to_the_Western_Reaches_V1.json","110-111"
"Weapon","Greataxe","Diablo II","Military Axe","Weapons","Axe","Approximate","Axe size/handedness sets the rough family; Diablo-only properties are not retained.","Exceptional","Normal / Magic","https://classic.battle.net/diablo2exp/items/exceptional/axes.shtml","","D:/Code/Core_Dark/tmp/extracted_text/Player_s_Guide_to_the_Western_Reaches_V1.json","110-111"
"Weapon","Greataxe","Diablo II","Silver-Edged Axe","Weapons","Axe","Approximate","Axe size/handedness sets the rough family; Diablo-only properties are not retained.","Elite","Normal / Magic","https://classic.battle.net/diablo2exp/items/elite/axes.shtml","","D:/Code/Core_Dark/tmp/extracted_text/Player_s_Guide_to_the_Western_Reaches_V1.json","110-111"
"Weapon","Greataxe","Diablo II","Tabar","Weapons","Axe","Approximate","Axe size/handedness sets the rough family; Diablo-only properties are not retained.","Exceptional","Normal / Magic","https://classic.battle.net/diablo2exp/items/exceptional/axes.shtml","","D:/Code/Core_Dark/tmp/extracted_text/Player_s_Guide_to_the_Western_Reaches_V1.json","110-111"
"Weapon","Greataxe","Diablo III","Decapitator","Weapons","Two-Handed Axe","Equivalent family","Uses the nearest weapon family from the guide; Diablo bonuses and damage are ignored.","Base","Base type (white/grey/blue)","https://eu.diablo3.blizzard.com/en-gb/item/decapitator-Axe_2H_205","","D:/Code/Core_Dark/tmp/extracted_text/Player_s_Guide_to_the_Western_Reaches_V1.json","110-111"
"Weapon","Greataxe","Diablo III","Dread Axe","Weapons","Two-Handed Axe","Equivalent family","Uses the nearest weapon family from the guide; Diablo bonuses and damage are ignored.","Base","Base type (white/grey/blue)","https://eu.diablo3.blizzard.com/en-gb/artisan/blacksmith/recipe/exquisite-dread-axe","Base name listed through a crafting recipe in Blizzard item guide; recipe bonuses excluded.","D:/Code/Core_Dark/tmp/extracted_text/Player_s_Guide_to_the_Western_Reaches_V1.json","110-111"
"Weapon","Greataxe","Diablo III","Fang Axe","Weapons","Two-Handed Axe","Equivalent family","Uses the nearest weapon family from the guide; Diablo bonuses and damage are ignored.","Base","Base type (white/grey/blue)","https://eu.diablo3.blizzard.com/en-gb/artisan/blacksmith/recipe/magnificent-fang-axe","Base name listed through a crafting recipe in Blizzard item guide; recipe bonuses excluded.","D:/Code/Core_Dark/tmp/extracted_text/Player_s_Guide_to_the_Western_Reaches_V1.json","110-111"
"Weapon","Greataxe","Diablo III","Fell Axe","Weapons","Two-Handed Axe","Equivalent family","Uses the nearest weapon family from the guide; Diablo bonuses and damage are ignored.","Base","Base type (white/grey/blue)","https://eu.diablo3.blizzard.com/en-gb/artisan/blacksmith/recipe/glorious-fell-axe","Base name listed through a crafting recipe in Blizzard item guide; recipe bonuses excluded.","D:/Code/Core_Dark/tmp/extracted_text/Player_s_Guide_to_the_Western_Reaches_V1.json","110-111"
"Weapon","Greataxe","Diablo III","Flesh Render","Weapons","Two-Handed Axe","Equivalent family","Uses the nearest weapon family from the guide; Diablo bonuses and damage are ignored.","Base","Base type (white/grey/blue)","https://eu.diablo3.blizzard.com/en-gb/artisan/blacksmith/recipe/sovereign-flesh-render","Base name listed through a crafting recipe in Blizzard item guide; recipe bonuses excluded.","D:/Code/Core_Dark/tmp/extracted_text/Player_s_Guide_to_the_Western_Reaches_V1.json","110-111"
"Weapon","Greataxe","Diablo III","Francisca","Weapons","Two-Handed Axe","Equivalent family","Uses the nearest weapon family from the guide; Diablo bonuses and damage are ignored.","Base","Base type (white/grey/blue)","https://eu.diablo3.blizzard.com/en-gb/artisan/blacksmith/recipe/illustrious-francisca","Base name listed through a crafting recipe in Blizzard item guide; recipe bonuses excluded.","D:/Code/Core_Dark/tmp/extracted_text/Player_s_Guide_to_the_Western_Reaches_V1.json","110-111"
"Weapon","Greataxe","Diablo III","Great Axe","Weapons","Two-Handed Axe","Equivalent family","Uses the nearest weapon family from the guide; Diablo bonuses and damage are ignored.","Base","Base type (white/grey/blue)","https://eu.diablo3.blizzard.com/en-gb/artisan/blacksmith/recipe/master-great-axe","Base name listed through a crafting recipe in Blizzard item guide; recipe bonuses excluded.","D:/Code/Core_Dark/tmp/extracted_text/Player_s_Guide_to_the_Western_Reaches_V1.json","110-111"
"Weapon","Greataxe","Diablo III","Labrys","Weapons","Two-Handed Axe","Equivalent family","Uses the nearest weapon family from the guide; Diablo bonuses and damage are ignored.","Base","Base type (white/grey/blue)","https://eu.diablo3.blizzard.com/en-gb/artisan/blacksmith/recipe/resplendent-labrys","Base name listed through a crafting recipe in Blizzard item guide; recipe bonuses excluded.","D:/Code/Core_Dark/tmp/extracted_text/Player_s_Guide_to_the_Western_Reaches_V1.json","110-111"
"Weapon","Greataxe","Diablo III","Lumber Axe","Weapons","Two-Handed Axe","Equivalent family","Uses the nearest weapon family from the guide; Diablo bonuses and damage are ignored.","Base","Base type (white/grey/blue)","https://eu.diablo3.blizzard.com/en-gb/item/lumber-axe-Axe_2H_001","","D:/Code/Core_Dark/tmp/extracted_text/Player_s_Guide_to_the_Western_Reaches_V1.json","110-111"
"Weapon","Greataxe","Diablo III","Military Axe","Weapons","Two-Handed Axe","Equivalent family","Uses the nearest weapon family from the guide; Diablo bonuses and damage are ignored.","Base","Base type (white/grey/blue)","https://eu.diablo3.blizzard.com/en-gb/artisan/blacksmith/recipe/adept-military-axe","Base name listed through a crafting recipe in Blizzard item guide; recipe bonuses excluded.","D:/Code/Core_Dark/tmp/extracted_text/Player_s_Guide_to_the_Western_Reaches_V1.json","110-111"
"Weapon","Greataxe","Diablo III","Parashu","Weapons","Two-Handed Axe","Equivalent family","Uses the nearest weapon family from the guide; Diablo bonuses and damage are ignored.","Base","Base type (white/grey/blue)","https://eu.diablo3.blizzard.com/en-gb/item/parashu-Axe_2H_104","","D:/Code/Core_Dark/tmp/extracted_text/Player_s_Guide_to_the_Western_Reaches_V1.json","110-111"
"Weapon","Greataxe","Diablo III","Ripper Axe","Weapons","Two-Handed Axe","Equivalent family","Uses the nearest weapon family from the guide; Diablo bonuses and damage are ignored.","Base","Base type (white/grey/blue)","https://eu.diablo3.blizzard.com/en-gb/item/ripper-axe-Axe_2H_203","","D:/Code/Core_Dark/tmp/extracted_text/Player_s_Guide_to_the_Western_Reaches_V1.json","110-111"
"Weapon","Greataxe","Diablo III","Sagaris","Weapons","Two-Handed Axe","Equivalent family","Uses the nearest weapon family from the guide; Diablo bonuses and damage are ignored.","Base","Base type (white/grey/blue)","https://eu.diablo3.blizzard.com/en-gb/item/sagaris-Axe_2H_204","","D:/Code/Core_Dark/tmp/extracted_text/Player_s_Guide_to_the_Western_Reaches_V1.json","110-111"
"Weapon","Greataxe","Diablo III","Tabarzin","Weapons","Two-Handed Axe","Equivalent family","Uses the nearest weapon family from the guide; Diablo bonuses and damage are ignored.","Base","Base type (white/grey/blue)","https://eu.diablo3.blizzard.com/en-gb/artisan/blacksmith/recipe/journeyman-tabarzin","Base name listed through a crafting recipe in Blizzard item guide; recipe bonuses excluded.","D:/Code/Core_Dark/tmp/extracted_text/Player_s_Guide_to_the_Western_Reaches_V1.json","110-111"
"Weapon","Greataxe","Diablo III","Timber Axe","Weapons","Two-Handed Axe","Equivalent family","Uses the nearest weapon family from the guide; Diablo bonuses and damage are ignored.","Base","Base type (white/grey/blue)","https://eu.diablo3.blizzard.com/en-gb/artisan/blacksmith/recipe/grand-master-timber-axe","Base name listed through a crafting recipe in Blizzard item guide; recipe bonuses excluded.","D:/Code/Core_Dark/tmp/extracted_text/Player_s_Guide_to_the_Western_Reaches_V1.json","110-111"
"Weapon","Greataxe","Diablo III","Valaska","Weapons","Two-Handed Axe","Equivalent family","Uses the nearest weapon family from the guide; Diablo bonuses and damage are ignored.","Base","Base type (white/grey/blue)","https://eu.diablo3.blizzard.com/en-gb/artisan/blacksmith/recipe/exalted-sagaris","Base name listed through a crafting recipe in Blizzard item guide; recipe bonuses excluded.","D:/Code/Core_Dark/tmp/extracted_text/Player_s_Guide_to_the_Western_Reaches_V1.json","110-111"
"Weapon","Greataxe","Diablo III","War Axe","Weapons","Two-Handed Axe","Equivalent family","Uses the nearest weapon family from the guide; Diablo bonuses and damage are ignored.","Base","Base type (white/grey/blue)","https://eu.diablo3.blizzard.com/en-gb/artisan/blacksmith/recipe/apprentice-war-axe","Base name listed through a crafting recipe in Blizzard item guide; recipe bonuses excluded.","D:/Code/Core_Dark/tmp/extracted_text/Player_s_Guide_to_the_Western_Reaches_V1.json","110-111"
"Weapon","Greataxe","Diablo III","Behemoth","Weapons","Two-Handed Mighty Weapon","Approximate","Two-handed mighty weapon reskin based on its name; ambiguous forms default to Greataxe.","Base","Base type (white/grey/blue)","https://eu.diablo3.blizzard.com/en-gb/item/behemoth-MightyWeapon2H_203","","D:/Code/Core_Dark/tmp/extracted_text/Player_s_Guide_to_the_Western_Reaches_V1.json","110-111"
"Weapon","Greataxe","Diablo III","Colossus Axe","Weapons","Two-Handed Mighty Weapon","Approximate","Two-handed mighty weapon reskin based on its name; ambiguous forms default to Greataxe.","Base","Base type (white/grey/blue)","https://eu.diablo3.blizzard.com/en-gb/item/colossus-axe-MightyWeapon2H_104","","D:/Code/Core_Dark/tmp/extracted_text/Player_s_Guide_to_the_Western_Reaches_V1.json","110-111"
"Weapon","Greataxe","Diablo III","Giant Axe","Weapons","Two-Handed Mighty Weapon","Approximate","Two-handed mighty weapon reskin based on its name; ambiguous forms default to Greataxe.","Base","Base type (white/grey/blue)","https://eu.diablo3.blizzard.com/en-gb/item/giant-axe-MightyWeapon2H_004","","D:/Code/Core_Dark/tmp/extracted_text/Player_s_Guide_to_the_Western_Reaches_V1.json","110-111"
"Weapon","Greataxe","Diablo III","Giant Cleaver","Weapons","Two-Handed Mighty Weapon","Approximate","Two-handed mighty weapon reskin based on its name; ambiguous forms default to Greataxe.","Base","Base type (white/grey/blue)","https://eu.diablo3.blizzard.com/en-gb/item/giant-cleaver-MightyWeapon2H_004a","","D:/Code/Core_Dark/tmp/extracted_text/Player_s_Guide_to_the_Western_Reaches_V1.json","110-111"
"Weapon","Greataxe","Diablo III","Hassan Chopper","Weapons","Two-Handed Mighty Weapon","Approximate","Two-handed mighty weapon reskin based on its name; ambiguous forms default to Greataxe.","Base","Base type (white/grey/blue)","https://eu.diablo3.blizzard.com/en-gb/item/hassan-chopper-MightyWeapon2H_301","","D:/Code/Core_Dark/tmp/extracted_text/Player_s_Guide_to_the_Western_Reaches_V1.json","110-111"
"Weapon","Greataxe","Diablo III","Titan Axe","Weapons","Two-Handed Mighty Weapon","Approximate","Two-handed mighty weapon reskin based on its name; ambiguous forms default to Greataxe.","Base","Base type (white/grey/blue)","https://eu.diablo3.blizzard.com/en-gb/item/titan-axe-MightyWeapon2H_204","","D:/Code/Core_Dark/tmp/extracted_text/Player_s_Guide_to_the_Western_Reaches_V1.json","110-111"
"Weapon","Greataxe","Diablo IV","Cleaver","Weapons","2H Axe","Equivalent family","Uses the nearest weapon family from the guide; Diablo bonuses and damage are ignored.","Base","Magic","https://docs.google.com/spreadsheets/d/1IC6VCLGzocHjHTGQHj3yPSY0KOVBY97jFOFQWvMSARs/edit","Source catalogue updated 2026-07-27; base game","D:/Code/Core_Dark/tmp/extracted_text/Player_s_Guide_to_the_Western_Reaches_V1.json","110-111"
"Weapon","Greataxe","Diablo IV","Double Axe","Weapons","2H Axe","Equivalent family","Uses the nearest weapon family from the guide; Diablo bonuses and damage are ignored.","Base","Magic","https://docs.google.com/spreadsheets/d/1IC6VCLGzocHjHTGQHj3yPSY0KOVBY97jFOFQWvMSARs/edit","Source catalogue updated 2026-07-27; base game","D:/Code/Core_Dark/tmp/extracted_text/Player_s_Guide_to_the_Western_Reaches_V1.json","110-111"
"Weapon","Greataxe","Diablo IV","Forester's Axe","Weapons","2H Axe","Equivalent family","Uses the nearest weapon family from the guide; Diablo bonuses and damage are ignored.","Base","Magic","https://docs.google.com/spreadsheets/d/1IC6VCLGzocHjHTGQHj3yPSY0KOVBY97jFOFQWvMSARs/edit","Source catalogue updated 2026-07-27; base game","D:/Code/Core_Dark/tmp/extracted_text/Player_s_Guide_to_the_Western_Reaches_V1.json","110-111"
"Weapon","Greataxe","Diablo IV","Great Axe","Weapons","2H Axe","Equivalent family","Uses the nearest weapon family from the guide; Diablo bonuses and damage are ignored.","Base","Magic","https://docs.google.com/spreadsheets/d/1IC6VCLGzocHjHTGQHj3yPSY0KOVBY97jFOFQWvMSARs/edit","Source catalogue updated 2026-07-27; base game","D:/Code/Core_Dark/tmp/extracted_text/Player_s_Guide_to_the_Western_Reaches_V1.json","110-111"
"Weapon","Greataxe","Diablo IV","Lumber Axe","Weapons","2H Axe","Equivalent family","Uses the nearest weapon family from the guide; Diablo bonuses and damage are ignored.","Base","Common","https://docs.google.com/spreadsheets/d/1IC6VCLGzocHjHTGQHj3yPSY0KOVBY97jFOFQWvMSARs/edit","Source catalogue updated 2026-07-27; base game","D:/Code/Core_Dark/tmp/extracted_text/Player_s_Guide_to_the_Western_Reaches_V1.json","110-111"
"Weapon","Greataxe","Diablo IV","Windslicer","Weapons","2H Axe","Equivalent family","Uses the nearest weapon family from the guide; Diablo bonuses and damage are ignored.","Base","Magic","https://docs.google.com/spreadsheets/d/1IC6VCLGzocHjHTGQHj3yPSY0KOVBY97jFOFQWvMSARs/edit","Source catalogue updated 2026-07-27; base game","D:/Code/Core_Dark/tmp/extracted_text/Player_s_Guide_to_the_Western_Reaches_V1.json","110-111"
"Weapon","Greatsword","Diablo I","Claymore","Weapons","Sword","Equivalent family","Uses the nearest weapon family from the guide; Diablo bonuses and damage are ignored.","Base","Normal / Magic","https://www.lurkerlounge.com/diablo/jarulf/jarulf162.pdf","","D:/Code/Core_Dark/tmp/extracted_text/Player_s_Guide_to_the_Western_Reaches_V1.json","110-111"
"Weapon","Greatsword","Diablo I","Great Sword","Weapons","Sword","Equivalent family","Uses the nearest weapon family from the guide; Diablo bonuses and damage are ignored.","Base","Normal / Magic","https://www.lurkerlounge.com/diablo/jarulf/jarulf162.pdf","","D:/Code/Core_Dark/tmp/extracted_text/Player_s_Guide_to_the_Western_Reaches_V1.json","110-111"
"Weapon","Greatsword","Diablo I","Two-Handed Sword","Weapons","Sword","Equivalent family","Uses the nearest weapon family from the guide; Diablo bonuses and damage are ignored.","Base","Normal / Magic","https://www.lurkerlounge.com/diablo/jarulf/jarulf162.pdf","","D:/Code/Core_Dark/tmp/extracted_text/Player_s_Guide_to_the_Western_Reaches_V1.json","110-111"
"Weapon","Greatsword","Diablo II","Balrog Blade","Weapons","Sword","Equivalent family","Uses the nearest weapon family from the guide; Diablo bonuses and damage are ignored.","Elite","Normal / Magic","https://classic.battle.net/diablo2exp/items/elite/swords.shtml","","D:/Code/Core_Dark/tmp/extracted_text/Player_s_Guide_to_the_Western_Reaches_V1.json","110-111"
"Weapon","Greatsword","Diablo II","Champion Sword","Weapons","Sword","Equivalent family","Uses the nearest weapon family from the guide; Diablo bonuses and damage are ignored.","Elite","Normal / Magic","https://classic.battle.net/diablo2exp/items/elite/swords.shtml","","D:/Code/Core_Dark/tmp/extracted_text/Player_s_Guide_to_the_Western_Reaches_V1.json","110-111"
"Weapon","Greatsword","Diablo II","Claymore","Weapons","Sword","Equivalent family","Uses the nearest weapon family from the guide; Diablo bonuses and damage are ignored.","Normal","Normal / Magic","https://classic.battle.net/diablo2exp/items/normal/swords.shtml","","D:/Code/Core_Dark/tmp/extracted_text/Player_s_Guide_to_the_Western_Reaches_V1.json","110-111"
"Weapon","Greatsword","Diablo II","Colossus Blade","Weapons","Sword","Equivalent family","Uses the nearest weapon family from the guide; Diablo bonuses and damage are ignored.","Elite","Normal / Magic","https://classic.battle.net/diablo2exp/items/elite/swords.shtml","","D:/Code/Core_Dark/tmp/extracted_text/Player_s_Guide_to_the_Western_Reaches_V1.json","110-111"
"Weapon","Greatsword","Diablo II","Colossus Sword","Weapons","Sword","Equivalent family","Uses the nearest weapon family from the guide; Diablo bonuses and damage are ignored.","Elite","Normal / Magic","https://classic.battle.net/diablo2exp/items/elite/swords.shtml","","D:/Code/Core_Dark/tmp/extracted_text/Player_s_Guide_to_the_Western_Reaches_V1.json","110-111"
"Weapon","Greatsword","Diablo II","Dacian Falx","Weapons","Sword","Equivalent family","Uses the nearest weapon family from the guide; Diablo bonuses and damage are ignored.","Exceptional","Normal / Magic","https://classic.battle.net/diablo2exp/items/exceptional/swords.shtml","","D:/Code/Core_Dark/tmp/extracted_text/Player_s_Guide_to_the_Western_Reaches_V1.json","110-111"
"Weapon","Greatsword","Diablo II","Espandon","Weapons","Sword","Equivalent family","Uses the nearest weapon family from the guide; Diablo bonuses and damage are ignored.","Exceptional","Normal / Magic","https://classic.battle.net/diablo2exp/items/exceptional/swords.shtml","","D:/Code/Core_Dark/tmp/extracted_text/Player_s_Guide_to_the_Western_Reaches_V1.json","110-111"
"Weapon","Greatsword","Diablo II","Executioner Sword","Weapons","Sword","Equivalent family","Uses the nearest weapon family from the guide; Diablo bonuses and damage are ignored.","Exceptional","Normal / Magic","https://classic.battle.net/diablo2exp/items/exceptional/swords.shtml","","D:/Code/Core_Dark/tmp/extracted_text/Player_s_Guide_to_the_Western_Reaches_V1.json","110-111"
"Weapon","Greatsword","Diablo II","Flamberge","Weapons","Sword","Equivalent family","Uses the nearest weapon family from the guide; Diablo bonuses and damage are ignored.","Normal","Normal / Magic","https://classic.battle.net/diablo2exp/items/normal/swords.shtml","","D:/Code/Core_Dark/tmp/extracted_text/Player_s_Guide_to_the_Western_Reaches_V1.json","110-111"
"Weapon","Greatsword","Diablo II","Giant Sword","Weapons","Sword","Equivalent family","Uses the nearest weapon family from the guide; Diablo bonuses and damage are ignored.","Normal","Normal / Magic","https://classic.battle.net/diablo2exp/items/normal/swords.shtml","","D:/Code/Core_Dark/tmp/extracted_text/Player_s_Guide_to_the_Western_Reaches_V1.json","110-111"
"Weapon","Greatsword","Diablo II","Gothic Sword","Weapons","Sword","Equivalent family","Uses the nearest weapon family from the guide; Diablo bonuses and damage are ignored.","Exceptional","Normal / Magic","https://classic.battle.net/diablo2exp/items/exceptional/swords.shtml","","D:/Code/Core_Dark/tmp/extracted_text/Player_s_Guide_to_the_Western_Reaches_V1.json","110-111"
"Weapon","Greatsword","Diablo II","Great Sword","Weapons","Sword","Equivalent family","Uses the nearest weapon family from the guide; Diablo bonuses and damage are ignored.","Normal","Normal / Magic","https://classic.battle.net/diablo2exp/items/normal/swords.shtml","","D:/Code/Core_Dark/tmp/extracted_text/Player_s_Guide_to_the_Western_Reaches_V1.json","110-111"
"Weapon","Greatsword","Diablo II","Highland Blade","Weapons","Sword","Equivalent family","Uses the nearest weapon family from the guide; Diablo bonuses and damage are ignored.","Elite","Normal / Magic","https://classic.battle.net/diablo2exp/items/elite/swords.shtml","","D:/Code/Core_Dark/tmp/extracted_text/Player_s_Guide_to_the_Western_Reaches_V1.json","110-111"
"Weapon","Greatsword","Diablo II","Legend Sword","Weapons","Sword","Equivalent family","Uses the nearest weapon family from the guide; Diablo bonuses and damage are ignored.","Elite","Normal / Magic","https://classic.battle.net/diablo2exp/items/elite/swords.shtml","","D:/Code/Core_Dark/tmp/extracted_text/Player_s_Guide_to_the_Western_Reaches_V1.json","110-111"
"Weapon","Greatsword","Diablo II","Tusk Sword","Weapons","Sword","Equivalent family","Uses the nearest weapon family from the guide; Diablo bonuses and damage are ignored.","Exceptional","Normal / Magic","https://classic.battle.net/diablo2exp/items/exceptional/swords.shtml","","D:/Code/Core_Dark/tmp/extracted_text/Player_s_Guide_to_the_Western_Reaches_V1.json","110-111"
"Weapon","Greatsword","Diablo II","Two-handed Sword","Weapons","Sword","Equivalent family","Uses the nearest weapon family from the guide; Diablo bonuses and damage are ignored.","Normal","Normal / Magic","https://classic.battle.net/diablo2exp/items/normal/swords.shtml","","D:/Code/Core_Dark/tmp/extracted_text/Player_s_Guide_to_the_Western_Reaches_V1.json","110-111"
"Weapon","Greatsword","Diablo II","Zweihander","Weapons","Sword","Equivalent family","Uses the nearest weapon family from the guide; Diablo bonuses and damage are ignored.","Exceptional","Normal / Magic","https://classic.battle.net/diablo2exp/items/exceptional/swords.shtml","","D:/Code/Core_Dark/tmp/extracted_text/Player_s_Guide_to_the_Western_Reaches_V1.json","110-111"
"Weapon","Greatsword","Diablo III","Colossus Sword","Weapons","Two-Handed Mighty Weapon","Approximate","Two-handed mighty weapon reskin based on its name; ambiguous forms default to Greataxe.","Base","Base type (white/grey/blue)","https://eu.diablo3.blizzard.com/en-gb/item/colossus-sword-MightyWeapon2H_102","","D:/Code/Core_Dark/tmp/extracted_text/Player_s_Guide_to_the_Western_Reaches_V1.json","110-111"
"Weapon","Greatsword","Diablo III","Giant Sword","Weapons","Two-Handed Mighty Weapon","Approximate","Two-handed mighty weapon reskin based on its name; ambiguous forms default to Greataxe.","Base","Base type (white/grey/blue)","https://eu.diablo3.blizzard.com/en-gb/item/giant-sword-MightyWeapon2H_002","","D:/Code/Core_Dark/tmp/extracted_text/Player_s_Guide_to_the_Western_Reaches_V1.json","110-111"
"Weapon","Greatsword","Diablo III","Titan Sword","Weapons","Two-Handed Mighty Weapon","Approximate","Two-handed mighty weapon reskin based on its name; ambiguous forms default to Greataxe.","Base","Base type (white/grey/blue)","https://eu.diablo3.blizzard.com/en-gb/item/titan-sword-MightyWeapon2H_202","","D:/Code/Core_Dark/tmp/extracted_text/Player_s_Guide_to_the_Western_Reaches_V1.json","110-111"
"Weapon","Greatsword","Diablo III","Brimstone Sword","Weapons","Two-Handed Sword","Equivalent family","Uses the nearest weapon family from the guide; Diablo bonuses and damage are ignored.","Base","Base type (white/grey/blue)","https://eu.diablo3.blizzard.com/en-gb/artisan/blacksmith/recipe/glorious-yatagan","Base name listed through a crafting recipe in Blizzard item guide; recipe bonuses excluded.","D:/Code/Core_Dark/tmp/extracted_text/Player_s_Guide_to_the_Western_Reaches_V1.json","110-111"
"Weapon","Greatsword","Diablo III","Claymore","Weapons","Two-Handed Sword","Equivalent family","Uses the nearest weapon family from the guide; Diablo bonuses and damage are ignored.","Base","Base type (white/grey/blue)","https://eu.diablo3.blizzard.com/en-gb/artisan/blacksmith/recipe/master-claymore","Base name listed through a crafting recipe in Blizzard item guide; recipe bonuses excluded.","D:/Code/Core_Dark/tmp/extracted_text/Player_s_Guide_to_the_Western_Reaches_V1.json","110-111"
"Weapon","Greatsword","Diablo III","Colossus Blade","Weapons","Two-Handed Sword","Equivalent family","Uses the nearest weapon family from the guide; Diablo bonuses and damage are ignored.","Base","Base type (white/grey/blue)","https://eu.diablo3.blizzard.com/en-gb/item/colossus-blade-Sword_2H_204","","D:/Code/Core_Dark/tmp/extracted_text/Player_s_Guide_to_the_Western_Reaches_V1.json","110-111"
"Weapon","Greatsword","Diablo III","Dervish","Weapons","Two-Handed Sword","Equivalent family","Uses the nearest weapon family from the guide; Diablo bonuses and damage are ignored.","Base","Base type (white/grey/blue)","https://eu.diablo3.blizzard.com/en-gb/artisan/blacksmith/recipe/apprentice-flamberge","Base name listed through a crafting recipe in Blizzard item guide; recipe bonuses excluded.","D:/Code/Core_Dark/tmp/extracted_text/Player_s_Guide_to_the_Western_Reaches_V1.json","110-111"
"Weapon","Greatsword","Diablo III","Executioner Sword","Weapons","Two-Handed Sword","Equivalent family","Uses the nearest weapon family from the guide; Diablo bonuses and damage are ignored.","Base","Base type (white/grey/blue)","https://eu.diablo3.blizzard.com/en-gb/artisan/blacksmith/recipe/journeyman-executioner-sword","Base name listed through a crafting recipe in Blizzard item guide; recipe bonuses excluded.","D:/Code/Core_Dark/tmp/extracted_text/Player_s_Guide_to_the_Western_Reaches_V1.json","110-111"
"Weapon","Greatsword","Diablo III","Flamberge","Weapons","Two-Handed Sword","Equivalent family","Uses the nearest weapon family from the guide; Diablo bonuses and damage are ignored.","Base","Base type (white/grey/blue)","https://eu.diablo3.blizzard.com/en-gb/item/flamberge-Sword_2H_002","","D:/Code/Core_Dark/tmp/extracted_text/Player_s_Guide_to_the_Western_Reaches_V1.json","110-111"
"Weapon","Greatsword","Diablo III","Gothic Blade","Weapons","Two-Handed Sword","Equivalent family","Uses the nearest weapon family from the guide; Diablo bonuses and damage are ignored.","Base","Base type (white/grey/blue)","https://eu.diablo3.blizzard.com/en-gb/artisan/blacksmith/recipe/exquisite-gothic-blade","Base name listed through a crafting recipe in Blizzard item guide; recipe bonuses excluded.","D:/Code/Core_Dark/tmp/extracted_text/Player_s_Guide_to_the_Western_Reaches_V1.json","110-111"
"Weapon","Greatsword","Diablo III","Grand Sword","Weapons","Two-Handed Sword","Equivalent family","Uses the nearest weapon family from the guide; Diablo bonuses and damage are ignored.","Base","Base type (white/grey/blue)","https://eu.diablo3.blizzard.com/en-gb/item/grand-sword-Sword_2H_106","","D:/Code/Core_Dark/tmp/extracted_text/Player_s_Guide_to_the_Western_Reaches_V1.json","110-111"
"Weapon","Greatsword","Diablo III","Great Sword","Weapons","Two-Handed Sword","Equivalent family","Uses the nearest weapon family from the guide; Diablo bonuses and damage are ignored.","Base","Base type (white/grey/blue)","https://eu.diablo3.blizzard.com/en-gb/artisan/blacksmith/recipe/grand-master-great-sword","Base name listed through a crafting recipe in Blizzard item guide; recipe bonuses excluded.","D:/Code/Core_Dark/tmp/extracted_text/Player_s_Guide_to_the_Western_Reaches_V1.json","110-111"
"Weapon","Greatsword","Diablo III","Highland Sword","Weapons","Two-Handed Sword","Equivalent family","Uses the nearest weapon family from the guide; Diablo bonuses and damage are ignored.","Base","Base type (white/grey/blue)","https://eu.diablo3.blizzard.com/en-gb/artisan/blacksmith/recipe/resplendent-highland-sword","Base name listed through a crafting recipe in Blizzard item guide; recipe bonuses excluded.","D:/Code/Core_Dark/tmp/extracted_text/Player_s_Guide_to_the_Western_Reaches_V1.json","110-111"
"Weapon","Greatsword","Diablo III","Kilij","Weapons","Two-Handed Sword","Equivalent family","Uses the nearest weapon family from the guide; Diablo bonuses and damage are ignored.","Base","Base type (white/grey/blue)","https://eu.diablo3.blizzard.com/en-gb/artisan/blacksmith/recipe/illustrious-kilij","Base name listed through a crafting recipe in Blizzard item guide; recipe bonuses excluded.","D:/Code/Core_Dark/tmp/extracted_text/Player_s_Guide_to_the_Western_Reaches_V1.json","110-111"
"Weapon","Greatsword","Diablo III","Kingslayer","Weapons","Two-Handed Sword","Equivalent family","Uses the nearest weapon family from the guide; Diablo bonuses and damage are ignored.","Base","Base type (white/grey/blue)","https://eu.diablo3.blizzard.com/en-gb/artisan/blacksmith/recipe/sovereign-kingslayer","Base name listed through a crafting recipe in Blizzard item guide; recipe bonuses excluded.","D:/Code/Core_Dark/tmp/extracted_text/Player_s_Guide_to_the_Western_Reaches_V1.json","110-111"
"Weapon","Greatsword","Diablo III","Mameluke","Weapons","Two-Handed Sword","Equivalent family","Uses the nearest weapon family from the guide; Diablo bonuses and damage are ignored.","Base","Base type (white/grey/blue)","https://eu.diablo3.blizzard.com/en-gb/item/mameluke-Sword_2H_104","","D:/Code/Core_Dark/tmp/extracted_text/Player_s_Guide_to_the_Western_Reaches_V1.json","110-111"
"Weapon","Greatsword","Diablo III","Nagamaki","Weapons","Two-Handed Sword","Equivalent family","Uses the nearest weapon family from the guide; Diablo bonuses and damage are ignored.","Base","Base type (white/grey/blue)","https://eu.diablo3.blizzard.com/en-gb/artisan/blacksmith/recipe/magnificent-nagamaki","Base name listed through a crafting recipe in Blizzard item guide; recipe bonuses excluded.","D:/Code/Core_Dark/tmp/extracted_text/Player_s_Guide_to_the_Western_Reaches_V1.json","110-111"
"Weapon","Greatsword","Diablo III","Nodachi","Weapons","Two-Handed Sword","Equivalent family","Uses the nearest weapon family from the guide; Diablo bonuses and damage are ignored.","Base","Base type (white/grey/blue)","https://eu.diablo3.blizzard.com/en-gb/artisan/blacksmith/recipe/adept-nodachi","Base name listed through a crafting recipe in Blizzard item guide; recipe bonuses excluded.","D:/Code/Core_Dark/tmp/extracted_text/Player_s_Guide_to_the_Western_Reaches_V1.json","110-111"
"Weapon","Greatsword","Diablo III","Oni Blade","Weapons","Two-Handed Sword","Equivalent family","Uses the nearest weapon family from the guide; Diablo bonuses and damage are ignored.","Base","Base type (white/grey/blue)","https://eu.diablo3.blizzard.com/en-gb/item/oni-blade-Sword_2H_205","","D:/Code/Core_Dark/tmp/extracted_text/Player_s_Guide_to_the_Western_Reaches_V1.json","110-111"
"Weapon","Greatsword","Diablo III","Reaver","Weapons","Two-Handed Sword","Equivalent family","Uses the nearest weapon family from the guide; Diablo bonuses and damage are ignored.","Base","Base type (white/grey/blue)","https://eu.diablo3.blizzard.com/en-gb/item/reaver-Sword_2H_102","","D:/Code/Core_Dark/tmp/extracted_text/Player_s_Guide_to_the_Western_Reaches_V1.json","110-111"
"Weapon","Greatsword","Diablo III","Two-Handed Sword","Weapons","Two-Handed Sword","Equivalent family","Uses the nearest weapon family from the guide; Diablo bonuses and damage are ignored.","Base","Base type (white/grey/blue)","https://eu.diablo3.blizzard.com/en-gb/item/twohanded-sword-Sword_2H_001","","D:/Code/Core_Dark/tmp/extracted_text/Player_s_Guide_to_the_Western_Reaches_V1.json","110-111"
"Weapon","Greatsword","Diablo III","Warlord Sword","Weapons","Two-Handed Sword","Equivalent family","Uses the nearest weapon family from the guide; Diablo bonuses and damage are ignored.","Base","Base type (white/grey/blue)","https://eu.diablo3.blizzard.com/en-gb/item/warlord-sword-Sword_2H_206","","D:/Code/Core_Dark/tmp/extracted_text/Player_s_Guide_to_the_Western_Reaches_V1.json","110-111"
"Weapon","Greatsword","Diablo III","Yatagan","Weapons","Two-Handed Sword","Equivalent family","Uses the nearest weapon family from the guide; Diablo bonuses and damage are ignored.","Base","Base type (white/grey/blue)","https://eu.diablo3.blizzard.com/en-gb/artisan/blacksmith/recipe/exalted-oni-blade","Base name listed through a crafting recipe in Blizzard item guide; recipe bonuses excluded.","D:/Code/Core_Dark/tmp/extracted_text/Player_s_Guide_to_the_Western_Reaches_V1.json","110-111"
"Weapon","Greatsword","Diablo IV","Basic Greatsword","Weapons","2H Sword","Equivalent family","Uses the nearest weapon family from the guide; Diablo bonuses and damage are ignored.","Base","Magic","https://docs.google.com/spreadsheets/d/1IC6VCLGzocHjHTGQHj3yPSY0KOVBY97jFOFQWvMSARs/edit","Source catalogue updated 2026-07-27; base game","D:/Code/Core_Dark/tmp/extracted_text/Player_s_Guide_to_the_Western_Reaches_V1.json","110-111"
"Weapon","Greatsword","Diablo IV","Claymore","Weapons","2H Sword","Equivalent family","Uses the nearest weapon family from the guide; Diablo bonuses and damage are ignored.","Base","Magic","https://docs.google.com/spreadsheets/d/1IC6VCLGzocHjHTGQHj3yPSY0KOVBY97jFOFQWvMSARs/edit","Source catalogue updated 2026-07-27; base game","D:/Code/Core_Dark/tmp/extracted_text/Player_s_Guide_to_the_Western_Reaches_V1.json","110-111"
"Weapon","Greatsword","Diablo IV","Giant Sword","Weapons","2H Sword","Equivalent family","Uses the nearest weapon family from the guide; Diablo bonuses and damage are ignored.","Base","Magic","https://docs.google.com/spreadsheets/d/1IC6VCLGzocHjHTGQHj3yPSY0KOVBY97jFOFQWvMSARs/edit","Source catalogue updated 2026-07-27; base game","D:/Code/Core_Dark/tmp/extracted_text/Player_s_Guide_to_the_Western_Reaches_V1.json","110-111"
"Weapon","Greatsword","Diablo IV","Two-Handed Sword","Weapons","2H Sword","Equivalent family","Uses the nearest weapon family from the guide; Diablo bonuses and damage are ignored.","Base","Common / Magic","https://docs.google.com/spreadsheets/d/1IC6VCLGzocHjHTGQHj3yPSY0KOVBY97jFOFQWvMSARs/edit","Source catalogue updated 2026-07-27; base game","D:/Code/Core_Dark/tmp/extracted_text/Player_s_Guide_to_the_Western_Reaches_V1.json","110-111"
"Weapon","Handaxe","Diablo I","Small Axe","Weapons","Axe","Approximate","Axe size/handedness sets the rough family; Diablo-only properties are not retained.","Base","Normal / Magic","https://www.lurkerlounge.com/diablo/jarulf/jarulf162.pdf","","D:/Code/Core_Dark/tmp/extracted_text/Player_s_Guide_to_the_Western_Reaches_V1.json","110-111"
"Weapon","Handaxe","Diablo II","Axe","Weapons","Axe","Approximate","Axe size/handedness sets the rough family; Diablo-only properties are not retained.","Normal","Normal / Magic","https://classic.battle.net/diablo2exp/items/normal/axes.shtml","","D:/Code/Core_Dark/tmp/extracted_text/Player_s_Guide_to_the_Western_Reaches_V1.json","110-111"
"Weapon","Handaxe","Diablo II","Berserker Axe","Weapons","Axe","Approximate","Axe size/handedness sets the rough family; Diablo-only properties are not retained.","Elite","Normal / Magic","https://classic.battle.net/diablo2exp/items/elite/axes.shtml","","D:/Code/Core_Dark/tmp/extracted_text/Player_s_Guide_to_the_Western_Reaches_V1.json","110-111"
"Weapon","Handaxe","Diablo II","Cleaver","Weapons","Axe","Approximate","Axe size/handedness sets the rough family; Diablo-only properties are not retained.","Exceptional","Normal / Magic","https://classic.battle.net/diablo2exp/items/exceptional/axes.shtml","","D:/Code/Core_Dark/tmp/extracted_text/Player_s_Guide_to_the_Western_Reaches_V1.json","110-111"
"Weapon","Handaxe","Diablo II","Crowbill","Weapons","Axe","Approximate","Axe size/handedness sets the rough family; Diablo-only properties are not retained.","Exceptional","Normal / Magic","https://classic.battle.net/diablo2exp/items/exceptional/axes.shtml","","D:/Code/Core_Dark/tmp/extracted_text/Player_s_Guide_to_the_Western_Reaches_V1.json","110-111"
"Weapon","Handaxe","Diablo II","Double Axe","Weapons","Axe","Approximate","Axe size/handedness sets the rough family; Diablo-only properties are not retained.","Normal","Normal / Magic","https://classic.battle.net/diablo2exp/items/normal/axes.shtml","","D:/Code/Core_Dark/tmp/extracted_text/Player_s_Guide_to_the_Western_Reaches_V1.json","110-111"
"Weapon","Handaxe","Diablo II","Ettin Axe","Weapons","Axe","Approximate","Axe size/handedness sets the rough family; Diablo-only properties are not retained.","Elite","Normal / Magic","https://classic.battle.net/diablo2exp/items/elite/axes.shtml","","D:/Code/Core_Dark/tmp/extracted_text/Player_s_Guide_to_the_Western_Reaches_V1.json","110-111"
"Weapon","Handaxe","Diablo II","Hand Axe","Weapons","Axe","Approximate","Axe size/handedness sets the rough family; Diablo-only properties are not retained.","Normal","Normal / Magic","https://classic.battle.net/diablo2exp/items/normal/axes.shtml","","D:/Code/Core_Dark/tmp/extracted_text/Player_s_Guide_to_the_Western_Reaches_V1.json","110-111"
"Weapon","Handaxe","Diablo II","Hatchet","Weapons","Axe","Approximate","Axe size/handedness sets the rough family; Diablo-only properties are not retained.","Exceptional","Normal / Magic","https://classic.battle.net/diablo2exp/items/exceptional/axes.shtml","","D:/Code/Core_Dark/tmp/extracted_text/Player_s_Guide_to_the_Western_Reaches_V1.json","110-111"
"Weapon","Handaxe","Diablo II","Military Pick","Weapons","Axe","Approximate","Axe size/handedness sets the rough family; Diablo-only properties are not retained.","Normal","Normal / Magic","https://classic.battle.net/diablo2exp/items/normal/axes.shtml","","D:/Code/Core_Dark/tmp/extracted_text/Player_s_Guide_to_the_Western_Reaches_V1.json","110-111"
"Weapon","Handaxe","Diablo II","Naga","Weapons","Axe","Approximate","Axe size/handedness sets the rough family; Diablo-only properties are not retained.","Exceptional","Normal / Magic","https://classic.battle.net/diablo2exp/items/exceptional/axes.shtml","","D:/Code/Core_Dark/tmp/extracted_text/Player_s_Guide_to_the_Western_Reaches_V1.json","110-111"
"Weapon","Handaxe","Diablo II","Small Crescent","Weapons","Axe","Approximate","Axe size/handedness sets the rough family; Diablo-only properties are not retained.","Elite","Normal / Magic","https://classic.battle.net/diablo2exp/items/elite/axes.shtml","","D:/Code/Core_Dark/tmp/extracted_text/Player_s_Guide_to_the_Western_Reaches_V1.json","110-111"
"Weapon","Handaxe","Diablo II","Tomahawk","Weapons","Axe","Approximate","Axe size/handedness sets the rough family; Diablo-only properties are not retained.","Elite","Normal / Magic","https://classic.battle.net/diablo2exp/items/elite/axes.shtml","","D:/Code/Core_Dark/tmp/extracted_text/Player_s_Guide_to_the_Western_Reaches_V1.json","110-111"
"Weapon","Handaxe","Diablo II","Twin Axe","Weapons","Axe","Approximate","Axe size/handedness sets the rough family; Diablo-only properties are not retained.","Exceptional","Normal / Magic","https://classic.battle.net/diablo2exp/items/exceptional/axes.shtml","","D:/Code/Core_Dark/tmp/extracted_text/Player_s_Guide_to_the_Western_Reaches_V1.json","110-111"
"Weapon","Handaxe","Diablo II","War Axe","Weapons","Axe","Approximate","Axe size/handedness sets the rough family; Diablo-only properties are not retained.","Normal","Normal / Magic","https://classic.battle.net/diablo2exp/items/normal/axes.shtml","","D:/Code/Core_Dark/tmp/extracted_text/Player_s_Guide_to_the_Western_Reaches_V1.json","110-111"
"Weapon","Handaxe","Diablo II","War Spike","Weapons","Axe","Approximate","Axe size/handedness sets the rough family; Diablo-only properties are not retained.","Elite","Normal / Magic","https://classic.battle.net/diablo2exp/items/elite/axes.shtml","","D:/Code/Core_Dark/tmp/extracted_text/Player_s_Guide_to_the_Western_Reaches_V1.json","110-111"
"Weapon","Handaxe","Diablo II","Balanced Axe","Weapons","Throwing weapon","Approximate","Thrown axes use Handaxe; thrown blades/darts use Dagger.","Normal","Normal / Magic","https://classic.battle.net/diablo2exp/items/normal/throw.shtml","","D:/Code/Core_Dark/tmp/extracted_text/Player_s_Guide_to_the_Western_Reaches_V1.json","110-111"
"Weapon","Handaxe","Diablo II","Flying Axe","Weapons","Throwing weapon","Approximate","Thrown axes use Handaxe; thrown blades/darts use Dagger.","Elite","Normal / Magic","https://classic.battle.net/diablo2exp/items/elite/throw.shtml","","D:/Code/Core_Dark/tmp/extracted_text/Player_s_Guide_to_the_Western_Reaches_V1.json","110-111"
"Weapon","Handaxe","Diablo II","Francisca","Weapons","Throwing weapon","Approximate","Thrown axes use Handaxe; thrown blades/darts use Dagger.","Exceptional","Normal / Magic","https://classic.battle.net/diablo2exp/items/exceptional/throw.shtml","","D:/Code/Core_Dark/tmp/extracted_text/Player_s_Guide_to_the_Western_Reaches_V1.json","110-111"
"Weapon","Handaxe","Diablo II","Hurlbat","Weapons","Throwing weapon","Approximate","Thrown axes use Handaxe; thrown blades/darts use Dagger.","Exceptional","Normal / Magic","https://classic.battle.net/diablo2exp/items/exceptional/throw.shtml","","D:/Code/Core_Dark/tmp/extracted_text/Player_s_Guide_to_the_Western_Reaches_V1.json","110-111"
"Weapon","Handaxe","Diablo II","Throwing Axe","Weapons","Throwing weapon","Approximate","Thrown axes use Handaxe; thrown blades/darts use Dagger.","Normal","Normal / Magic","https://classic.battle.net/diablo2exp/items/normal/throw.shtml","","D:/Code/Core_Dark/tmp/extracted_text/Player_s_Guide_to_the_Western_Reaches_V1.json","110-111"
"Weapon","Handaxe","Diablo II","Winged Axe","Weapons","Throwing weapon","Approximate","Thrown axes use Handaxe; thrown blades/darts use Dagger.","Elite","Normal / Magic","https://classic.battle.net/diablo2exp/items/elite/throw.shtml","","D:/Code/Core_Dark/tmp/extracted_text/Player_s_Guide_to_the_Western_Reaches_V1.json","110-111"
"Weapon","Handaxe","Diablo III","Adze","Weapons","Axe","Approximate","Axe size/handedness sets the rough family; Diablo-only properties are not retained.","Base","Base type (white/grey/blue)","https://eu.diablo3.blizzard.com/en-gb/artisan/blacksmith/recipe/magnificent-adze","Base name listed through a crafting recipe in Blizzard item guide; recipe bonuses excluded.","D:/Code/Core_Dark/tmp/extracted_text/Player_s_Guide_to_the_Western_Reaches_V1.json","110-111"
"Weapon","Handaxe","Diablo III","Arch Axe","Weapons","Axe","Approximate","Axe size/handedness sets the rough family; Diablo-only properties are not retained.","Base","Base type (white/grey/blue)","https://eu.diablo3.blizzard.com/en-gb/item/arch-axe-Axe_1H_207","","D:/Code/Core_Dark/tmp/extracted_text/Player_s_Guide_to_the_Western_Reaches_V1.json","110-111"
"Weapon","Handaxe","Diablo III","Arreat Axe","Weapons","Axe","Approximate","Axe size/handedness sets the rough family; Diablo-only properties are not retained.","Base","Base type (white/grey/blue)","https://eu.diablo3.blizzard.com/en-gb/artisan/blacksmith/recipe/exalted-galraki","Base name listed through a crafting recipe in Blizzard item guide; recipe bonuses excluded.","D:/Code/Core_Dark/tmp/extracted_text/Player_s_Guide_to_the_Western_Reaches_V1.json","110-111"
"Weapon","Handaxe","Diablo III","Balestarius","Weapons","Axe","Approximate","Axe size/handedness sets the rough family; Diablo-only properties are not retained.","Base","Base type (white/grey/blue)","https://eu.diablo3.blizzard.com/en-gb/item/balestarius-Axe_1H_204","","D:/Code/Core_Dark/tmp/extracted_text/Player_s_Guide_to_the_Western_Reaches_V1.json","110-111"
"Weapon","Handaxe","Diablo III","Battle Axe","Weapons","Axe","Approximate","Axe size/handedness sets the rough family; Diablo-only properties are not retained.","Base","Base type (white/grey/blue)","https://eu.diablo3.blizzard.com/en-gb/artisan/blacksmith/recipe/journeyman-battle-axe","Base name listed through a crafting recipe in Blizzard item guide; recipe bonuses excluded.","D:/Code/Core_Dark/tmp/extracted_text/Player_s_Guide_to_the_Western_Reaches_V1.json","110-111"
"Weapon","Handaxe","Diablo III","Broad Axe","Weapons","Axe","Approximate","Axe size/handedness sets the rough family; Diablo-only properties are not retained.","Base","Base type (white/grey/blue)","https://eu.diablo3.blizzard.com/en-gb/item/broad-axe-Axe_1H_002","","D:/Code/Core_Dark/tmp/extracted_text/Player_s_Guide_to_the_Western_Reaches_V1.json","110-111"
"Weapon","Handaxe","Diablo III","Bullova","Weapons","Axe","Approximate","Axe size/handedness sets the rough family; Diablo-only properties are not retained.","Base","Base type (white/grey/blue)","https://eu.diablo3.blizzard.com/en-gb/artisan/blacksmith/recipe/illustrious-bullova","Base name listed through a crafting recipe in Blizzard item guide; recipe bonuses excluded.","D:/Code/Core_Dark/tmp/extracted_text/Player_s_Guide_to_the_Western_Reaches_V1.json","110-111"
"Weapon","Handaxe","Diablo III","Chopper","Weapons","Axe","Approximate","Axe size/handedness sets the rough family; Diablo-only properties are not retained.","Base","Base type (white/grey/blue)","https://eu.diablo3.blizzard.com/en-gb/artisan/blacksmith/recipe/resplendent-masakari","Base name listed through a crafting recipe in Blizzard item guide; recipe bonuses excluded.","D:/Code/Core_Dark/tmp/extracted_text/Player_s_Guide_to_the_Western_Reaches_V1.json","110-111"
"Weapon","Handaxe","Diablo III","Crescent Axe","Weapons","Axe","Approximate","Axe size/handedness sets the rough family; Diablo-only properties are not retained.","Base","Base type (white/grey/blue)","https://eu.diablo3.blizzard.com/en-gb/artisan/blacksmith/recipe/glorious-crescent-axe","Base name listed through a crafting recipe in Blizzard item guide; recipe bonuses excluded.","D:/Code/Core_Dark/tmp/extracted_text/Player_s_Guide_to_the_Western_Reaches_V1.json","110-111"
"Weapon","Handaxe","Diablo III","Dire Axe","Weapons","Axe","Approximate","Axe size/handedness sets the rough family; Diablo-only properties are not retained.","Base","Base type (white/grey/blue)","https://eu.diablo3.blizzard.com/en-gb/artisan/blacksmith/recipe/sovereign-dire-axe","Base name listed through a crafting recipe in Blizzard item guide; recipe bonuses excluded.","D:/Code/Core_Dark/tmp/extracted_text/Player_s_Guide_to_the_Western_Reaches_V1.json","110-111"
"Weapon","Handaxe","Diablo III","Double Axe","Weapons","Axe","Approximate","Axe size/handedness sets the rough family; Diablo-only properties are not retained.","Base","Base type (white/grey/blue)","https://eu.diablo3.blizzard.com/en-gb/artisan/blacksmith/recipe/apprentice-heavy-axe","Base name listed through a crafting recipe in Blizzard item guide; recipe bonuses excluded.","D:/Code/Core_Dark/tmp/extracted_text/Player_s_Guide_to_the_Western_Reaches_V1.json","110-111"
"Weapon","Handaxe","Diablo III","Executioner's Axe","Weapons","Axe","Approximate","Axe size/handedness sets the rough family; Diablo-only properties are not retained.","Base","Base type (white/grey/blue)","https://eu.diablo3.blizzard.com/en-gb/artisan/blacksmith/recipe/exquisite-executioners-axe","Base name listed through a crafting recipe in Blizzard item guide; recipe bonuses excluded.","D:/Code/Core_Dark/tmp/extracted_text/Player_s_Guide_to_the_Western_Reaches_V1.json","110-111"
"Weapon","Handaxe","Diablo III","Galraki","Weapons","Axe","Approximate","Axe size/handedness sets the rough family; Diablo-only properties are not retained.","Base","Base type (white/grey/blue)","https://eu.diablo3.blizzard.com/en-gb/item/galraki-Axe_1H_206","","D:/Code/Core_Dark/tmp/extracted_text/Player_s_Guide_to_the_Western_Reaches_V1.json","110-111"
"Weapon","Handaxe","Diablo III","Hand Axe","Weapons","Axe","Approximate","Axe size/handedness sets the rough family; Diablo-only properties are not retained.","Base","Base type (white/grey/blue)","https://eu.diablo3.blizzard.com/en-gb/item/hand-axe-Axe_1H_001","","D:/Code/Core_Dark/tmp/extracted_text/Player_s_Guide_to_the_Western_Reaches_V1.json","110-111"
"Weapon","Handaxe","Diablo III","Hatchet","Weapons","Axe","Approximate","Axe size/handedness sets the rough family; Diablo-only properties are not retained.","Base","Base type (white/grey/blue)","https://eu.diablo3.blizzard.com/en-gb/artisan/blacksmith/recipe/master-hatchet","Base name listed through a crafting recipe in Blizzard item guide; recipe bonuses excluded.","D:/Code/Core_Dark/tmp/extracted_text/Player_s_Guide_to_the_Western_Reaches_V1.json","110-111"
"Weapon","Handaxe","Diablo III","Heavy Axe","Weapons","Axe","Approximate","Axe size/handedness sets the rough family; Diablo-only properties are not retained.","Base","Base type (white/grey/blue)","https://eu.diablo3.blizzard.com/en-gb/item/heavy-axe-Axe_1H_004","","D:/Code/Core_Dark/tmp/extracted_text/Player_s_Guide_to_the_Western_Reaches_V1.json","110-111"
"Weapon","Handaxe","Diablo III","Marauder Axe","Weapons","Axe","Approximate","Axe size/handedness sets the rough family; Diablo-only properties are not retained.","Base","Base type (white/grey/blue)","https://eu.diablo3.blizzard.com/en-gb/item/marauder-axe-Axe_1H_006","","D:/Code/Core_Dark/tmp/extracted_text/Player_s_Guide_to_the_Western_Reaches_V1.json","110-111"
"Weapon","Handaxe","Diablo III","Masakari","Weapons","Axe","Approximate","Axe size/handedness sets the rough family; Diablo-only properties are not retained.","Base","Base type (white/grey/blue)","https://eu.diablo3.blizzard.com/en-gb/item/masakari-Axe_1H_107","","D:/Code/Core_Dark/tmp/extracted_text/Player_s_Guide_to_the_Western_Reaches_V1.json","110-111"
"Weapon","Handaxe","Diablo III","Ono","Weapons","Axe","Approximate","Axe size/handedness sets the rough family; Diablo-only properties are not retained.","Base","Base type (white/grey/blue)","https://eu.diablo3.blizzard.com/en-gb/artisan/blacksmith/recipe/grand-master-ono","Base name listed through a crafting recipe in Blizzard item guide; recipe bonuses excluded.","D:/Code/Core_Dark/tmp/extracted_text/Player_s_Guide_to_the_Western_Reaches_V1.json","110-111"
"Weapon","Handaxe","Diablo III","Skartaran Axe","Weapons","Axe","Approximate","Axe size/handedness sets the rough family; Diablo-only properties are not retained.","Base","Base type (white/grey/blue)","https://eu.diablo3.blizzard.com/en-gb/item/skartaran-axe-Axe_1H_205","","D:/Code/Core_Dark/tmp/extracted_text/Player_s_Guide_to_the_Western_Reaches_V1.json","110-111"
"Weapon","Handaxe","Diablo III","Soldier Axe","Weapons","Axe","Approximate","Axe size/handedness sets the rough family; Diablo-only properties are not retained.","Base","Base type (white/grey/blue)","https://eu.diablo3.blizzard.com/en-gb/artisan/blacksmith/recipe/adept-soldier-axe","Base name listed through a crafting recipe in Blizzard item guide; recipe bonuses excluded.","D:/Code/Core_Dark/tmp/extracted_text/Player_s_Guide_to_the_Western_Reaches_V1.json","110-111"
"Weapon","Handaxe","Diablo III","Tomahawk","Weapons","Axe","Approximate","Axe size/handedness sets the rough family; Diablo-only properties are not retained.","Base","Base type (white/grey/blue)","https://eu.diablo3.blizzard.com/en-gb/item/tomahawk-Axe_1H_201","","D:/Code/Core_Dark/tmp/extracted_text/Player_s_Guide_to_the_Western_Reaches_V1.json","110-111"
"Weapon","Handaxe","Diablo III","Toporok","Weapons","Axe","Approximate","Axe size/handedness sets the rough family; Diablo-only properties are not retained.","Base","Base type (white/grey/blue)","https://eu.diablo3.blizzard.com/en-gb/item/toporok-Axe_1H_106","","D:/Code/Core_Dark/tmp/extracted_text/Player_s_Guide_to_the_Western_Reaches_V1.json","110-111"
"Weapon","Handaxe","Diablo III","Weathered Hand Axe","Weapons","Axe","Approximate","Axe size/handedness sets the rough family; Diablo-only properties are not retained.","Base","Base type (white/grey/blue)","https://eu.diablo3.blizzard.com/en-gb/item/weathered-hand-axe-Axe_1H_000","","D:/Code/Core_Dark/tmp/extracted_text/Player_s_Guide_to_the_Western_Reaches_V1.json","110-111"
"Weapon","Handaxe","Diablo III","Limb Cleaver","Weapons","Mighty Weapon","Approximate","One-handed fantasy axe approximation.","Base","Base type (white/grey/blue)","https://eu.diablo3.blizzard.com/en-gb/artisan/blacksmith/recipe/sovereign-limb-cleaver","Base name listed through a crafting recipe in Blizzard item guide; recipe bonuses excluded.","D:/Code/Core_Dark/tmp/extracted_text/Player_s_Guide_to_the_Western_Reaches_V1.json","110-111"
"Weapon","Handaxe","Diablo III","Massacre Axe","Weapons","Mighty Weapon","Approximate","One-handed fantasy axe approximation.","Base","Base type (white/grey/blue)","https://eu.diablo3.blizzard.com/en-gb/item/massacre-axe-MightyWeapon1H_203","","D:/Code/Core_Dark/tmp/extracted_text/Player_s_Guide_to_the_Western_Reaches_V1.json","110-111"
"Weapon","Handaxe","Diablo III","Maw Axe","Weapons","Mighty Weapon","Approximate","One-handed fantasy axe approximation.","Base","Base type (white/grey/blue)","https://eu.diablo3.blizzard.com/en-gb/artisan/blacksmith/recipe/journeyman-maw-axe","Base name listed through a crafting recipe in Blizzard item guide; recipe bonuses excluded.","D:/Code/Core_Dark/tmp/extracted_text/Player_s_Guide_to_the_Western_Reaches_V1.json","110-111"
"Weapon","Handaxe","Diablo IV","Cleaver","Weapons","Axe","Approximate","Axe size/handedness sets the rough family; Diablo-only properties are not retained.","Base","Magic","https://docs.google.com/spreadsheets/d/1IC6VCLGzocHjHTGQHj3yPSY0KOVBY97jFOFQWvMSARs/edit","Source catalogue updated 2026-07-27; base game","D:/Code/Core_Dark/tmp/extracted_text/Player_s_Guide_to_the_Western_Reaches_V1.json","110-111"
"Weapon","Handaxe","Diablo IV","Cutter's Axe","Weapons","Axe","Approximate","Axe size/handedness sets the rough family; Diablo-only properties are not retained.","Base","Magic","https://docs.google.com/spreadsheets/d/1IC6VCLGzocHjHTGQHj3yPSY0KOVBY97jFOFQWvMSARs/edit","Source catalogue updated 2026-07-27; base game","D:/Code/Core_Dark/tmp/extracted_text/Player_s_Guide_to_the_Western_Reaches_V1.json","110-111"
"Weapon","Handaxe","Diablo IV","Hand Axe","Weapons","Axe","Approximate","Axe size/handedness sets the rough family; Diablo-only properties are not retained.","Base","Common / Magic","https://docs.google.com/spreadsheets/d/1IC6VCLGzocHjHTGQHj3yPSY0KOVBY97jFOFQWvMSARs/edit","Source catalogue updated 2026-07-27; base game","D:/Code/Core_Dark/tmp/extracted_text/Player_s_Guide_to_the_Western_Reaches_V1.json","110-111"
"Weapon","Handaxe","Diablo IV","Military Pick","Weapons","Axe","Approximate","Axe size/handedness sets the rough family; Diablo-only properties are not retained.","Base","Magic","https://docs.google.com/spreadsheets/d/1IC6VCLGzocHjHTGQHj3yPSY0KOVBY97jFOFQWvMSARs/edit","Source catalogue updated 2026-07-27; base game","D:/Code/Core_Dark/tmp/extracted_text/Player_s_Guide_to_the_Western_Reaches_V1.json","110-111"
"Weapon","Handaxe","Diablo IV","Studded Axe","Weapons","Axe","Approximate","Axe size/handedness sets the rough family; Diablo-only properties are not retained.","Base","Magic","https://docs.google.com/spreadsheets/d/1IC6VCLGzocHjHTGQHj3yPSY0KOVBY97jFOFQWvMSARs/edit","Source catalogue updated 2026-07-27; base game","D:/Code/Core_Dark/tmp/extracted_text/Player_s_Guide_to_the_Western_Reaches_V1.json","110-111"
"Weapon","Javelin","Diablo II","Ceremonial Javelin","Weapons","Amazon weapon","Equivalent family","Uses the nearest weapon family from the guide; Diablo bonuses and damage are ignored.","Exceptional","Normal / Magic","https://classic.battle.net/diablo2exp/items/exceptional/amazonweapons.shtml","","D:/Code/Core_Dark/tmp/extracted_text/Player_s_Guide_to_the_Western_Reaches_V1.json","110-111"
"Weapon","Javelin","Diablo II","Maiden Javelin","Weapons","Amazon weapon","Equivalent family","Uses the nearest weapon family from the guide; Diablo bonuses and damage are ignored.","Normal","Normal / Magic","https://classic.battle.net/diablo2exp/items/normal/amazonweapons.shtml","","D:/Code/Core_Dark/tmp/extracted_text/Player_s_Guide_to_the_Western_Reaches_V1.json","110-111"
"Weapon","Javelin","Diablo II","Matriarchal Javelin","Weapons","Amazon weapon","Equivalent family","Uses the nearest weapon family from the guide; Diablo bonuses and damage are ignored.","Elite","Normal / Magic","https://classic.battle.net/diablo2exp/items/elite/amazonweapons.shtml","","D:/Code/Core_Dark/tmp/extracted_text/Player_s_Guide_to_the_Western_Reaches_V1.json","110-111"
"Weapon","Javelin","Diablo II","Balrog Spear","Weapons","Javelin","Equivalent family","Uses the nearest weapon family from the guide; Diablo bonuses and damage are ignored.","Elite","Normal / Magic","https://classic.battle.net/diablo2exp/items/elite/javelins.shtml","","D:/Code/Core_Dark/tmp/extracted_text/Player_s_Guide_to_the_Western_Reaches_V1.json","110-111"
"Weapon","Javelin","Diablo II","Ghost Glaive","Weapons","Javelin","Equivalent family","Uses the nearest weapon family from the guide; Diablo bonuses and damage are ignored.","Elite","Normal / Magic","https://classic.battle.net/diablo2exp/items/elite/javelins.shtml","","D:/Code/Core_Dark/tmp/extracted_text/Player_s_Guide_to_the_Western_Reaches_V1.json","110-111"
"Weapon","Javelin","Diablo II","Glaive","Weapons","Javelin","Equivalent family","Uses the nearest weapon family from the guide; Diablo bonuses and damage are ignored.","Normal","Normal / Magic","https://classic.battle.net/diablo2exp/items/normal/javelins.shtml","","D:/Code/Core_Dark/tmp/extracted_text/Player_s_Guide_to_the_Western_Reaches_V1.json","110-111"
"Weapon","Javelin","Diablo II","Great Pilum","Weapons","Javelin","Equivalent family","Uses the nearest weapon family from the guide; Diablo bonuses and damage are ignored.","Exceptional","Normal / Magic","https://classic.battle.net/diablo2exp/items/exceptional/javelins.shtml","","D:/Code/Core_Dark/tmp/extracted_text/Player_s_Guide_to_the_Western_Reaches_V1.json","110-111"
"Weapon","Javelin","Diablo II","Harpoon","Weapons","Javelin","Equivalent family","Uses the nearest weapon family from the guide; Diablo bonuses and damage are ignored.","Exceptional","Normal / Magic","https://classic.battle.net/diablo2exp/items/exceptional/javelins.shtml","","D:/Code/Core_Dark/tmp/extracted_text/Player_s_Guide_to_the_Western_Reaches_V1.json","110-111"
"Weapon","Javelin","Diablo II","Hyperion Javelin","Weapons","Javelin","Equivalent family","Uses the nearest weapon family from the guide; Diablo bonuses and damage are ignored.","Elite","Normal / Magic","https://classic.battle.net/diablo2exp/items/elite/javelins.shtml","","D:/Code/Core_Dark/tmp/extracted_text/Player_s_Guide_to_the_Western_Reaches_V1.json","110-111"
"Weapon","Javelin","Diablo II","Javelin","Weapons","Javelin","Equivalent family","Uses the nearest weapon family from the guide; Diablo bonuses and damage are ignored.","Normal","Normal / Magic","https://classic.battle.net/diablo2exp/items/normal/javelins.shtml","","D:/Code/Core_Dark/tmp/extracted_text/Player_s_Guide_to_the_Western_Reaches_V1.json","110-111"
"Weapon","Javelin","Diablo II","Pilum","Weapons","Javelin","Equivalent family","Uses the nearest weapon family from the guide; Diablo bonuses and damage are ignored.","Normal","Normal / Magic","https://classic.battle.net/diablo2exp/items/normal/javelins.shtml","","D:/Code/Core_Dark/tmp/extracted_text/Player_s_Guide_to_the_Western_Reaches_V1.json","110-111"
"Weapon","Javelin","Diablo II","Short Spear","Weapons","Javelin","Equivalent family","Uses the nearest weapon family from the guide; Diablo bonuses and damage are ignored.","Normal","Normal / Magic","https://classic.battle.net/diablo2exp/items/normal/javelins.shtml","","D:/Code/Core_Dark/tmp/extracted_text/Player_s_Guide_to_the_Western_Reaches_V1.json","110-111"
"Weapon","Javelin","Diablo II","Simbilan","Weapons","Javelin","Equivalent family","Uses the nearest weapon family from the guide; Diablo bonuses and damage are ignored.","Exceptional","Normal / Magic","https://classic.battle.net/diablo2exp/items/exceptional/javelins.shtml","","D:/Code/Core_Dark/tmp/extracted_text/Player_s_Guide_to_the_Western_Reaches_V1.json","110-111"
"Weapon","Javelin","Diablo II","Spiculum","Weapons","Javelin","Equivalent family","Uses the nearest weapon family from the guide; Diablo bonuses and damage are ignored.","Exceptional","Normal / Magic","https://classic.battle.net/diablo2exp/items/exceptional/javelins.shtml","","D:/Code/Core_Dark/tmp/extracted_text/Player_s_Guide_to_the_Western_Reaches_V1.json","110-111"
"Weapon","Javelin","Diablo II","Stygian Pilum","Weapons","Javelin","Equivalent family","Uses the nearest weapon family from the guide; Diablo bonuses and damage are ignored.","Elite","Normal / Magic","https://classic.battle.net/diablo2exp/items/elite/javelins.shtml","","D:/Code/Core_Dark/tmp/extracted_text/Player_s_Guide_to_the_Western_Reaches_V1.json","110-111"
"Weapon","Javelin","Diablo II","Throwing Spear","Weapons","Javelin","Equivalent family","Uses the nearest weapon family from the guide; Diablo bonuses and damage are ignored.","Normal","Normal / Magic","https://classic.battle.net/diablo2exp/items/normal/javelins.shtml","","D:/Code/Core_Dark/tmp/extracted_text/Player_s_Guide_to_the_Western_Reaches_V1.json","110-111"
"Weapon","Javelin","Diablo II","War Javelin","Weapons","Javelin","Equivalent family","Uses the nearest weapon family from the guide; Diablo bonuses and damage are ignored.","Exceptional","Normal / Magic","https://classic.battle.net/diablo2exp/items/exceptional/javelins.shtml","","D:/Code/Core_Dark/tmp/extracted_text/Player_s_Guide_to_the_Western_Reaches_V1.json","110-111"
"Weapon","Javelin","Diablo II","Winged Harpoon","Weapons","Javelin","Equivalent family","Uses the nearest weapon family from the guide; Diablo bonuses and damage are ignored.","Elite","Normal / Magic","https://classic.battle.net/diablo2exp/items/elite/javelins.shtml","","D:/Code/Core_Dark/tmp/extracted_text/Player_s_Guide_to_the_Western_Reaches_V1.json","110-111"
"Weapon","Javelin","Diablo III","Harpoon","Weapons","Spear","Equivalent family","Uses the nearest weapon family from the guide; Diablo bonuses and damage are ignored.","Base","Base type (white/grey/blue)","https://eu.diablo3.blizzard.com/en-gb/item/harpoon-Spear_201","","D:/Code/Core_Dark/tmp/extracted_text/Player_s_Guide_to_the_Western_Reaches_V1.json","110-111"
"Weapon","Javelin","Diablo III","Javelin","Weapons","Spear","Equivalent family","Uses the nearest weapon family from the guide; Diablo bonuses and damage are ignored.","Base","Base type (white/grey/blue)","https://eu.diablo3.blizzard.com/en-gb/item/javelin-Spear_001","","D:/Code/Core_Dark/tmp/extracted_text/Player_s_Guide_to_the_Western_Reaches_V1.json","110-111"
"Weapon","Javelin","Diablo III","Pilum","Weapons","Spear","Equivalent family","Uses the nearest weapon family from the guide; Diablo bonuses and damage are ignored.","Base","Base type (white/grey/blue)","https://eu.diablo3.blizzard.com/en-gb/item/pilum-Spear_005","","D:/Code/Core_Dark/tmp/extracted_text/Player_s_Guide_to_the_Western_Reaches_V1.json","110-111"
"Weapon","Lance","Diablo II","Lance","Weapons","Spear","Equivalent family","Lance retains the guide's mounted-only and charge restrictions.","Exceptional","Normal / Magic","https://classic.battle.net/diablo2exp/items/exceptional/spears.shtml","","D:/Code/Core_Dark/tmp/extracted_text/Player_s_Guide_to_the_Western_Reaches_V1.json","110-111"
"Weapon","Lance","Diablo III","Dread Lance","Weapons","Polearm","Approximate","Mounted lance approximation; using this profile imposes its mounted-only restriction.","Base","Base type (white/grey/blue)","https://eu.diablo3.blizzard.com/en-gb/item/dread-lance-Polearm_208","","D:/Code/Core_Dark/tmp/extracted_text/Player_s_Guide_to_the_Western_Reaches_V1.json","110-111"
"Weapon","Lance","Diablo III","Lance","Weapons","Polearm","Approximate","Mounted lance approximation; using this profile imposes its mounted-only restriction.","Base","Base type (white/grey/blue)","https://eu.diablo3.blizzard.com/en-gb/item/lance-Polearm_008","","D:/Code/Core_Dark/tmp/extracted_text/Player_s_Guide_to_the_Western_Reaches_V1.json","110-111"
"Weapon","Longbow","Diablo I","Composite Bow","Weapons","Bow","Approximate","Short/compact bows map to Shortbow; other bows map to Longbow. Ambiguous fantasy names use the default.","Base","Normal / Magic","https://www.lurkerlounge.com/diablo/jarulf/jarulf162.pdf","","D:/Code/Core_Dark/tmp/extracted_text/Player_s_Guide_to_the_Western_Reaches_V1.json","110-111"
"Weapon","Longbow","Diablo I","Long Battle Bow","Weapons","Bow","Approximate","Short/compact bows map to Shortbow; other bows map to Longbow. Ambiguous fantasy names use the default.","Base","Normal / Magic","https://www.lurkerlounge.com/diablo/jarulf/jarulf162.pdf","","D:/Code/Core_Dark/tmp/extracted_text/Player_s_Guide_to_the_Western_Reaches_V1.json","110-111"
"Weapon","Longbow","Diablo I","Long Bow","Weapons","Bow","Approximate","Short/compact bows map to Shortbow; other bows map to Longbow. Ambiguous fantasy names use the default.","Base","Normal / Magic","https://www.lurkerlounge.com/diablo/jarulf/jarulf162.pdf","","D:/Code/Core_Dark/tmp/extracted_text/Player_s_Guide_to_the_Western_Reaches_V1.json","110-111"
"Weapon","Longbow","Diablo I","Long War Bow","Weapons","Bow","Approximate","Short/compact bows map to Shortbow; other bows map to Longbow. Ambiguous fantasy names use the default.","Base","Normal / Magic","https://www.lurkerlounge.com/diablo/jarulf/jarulf162.pdf","","D:/Code/Core_Dark/tmp/extracted_text/Player_s_Guide_to_the_Western_Reaches_V1.json","110-111"
"Weapon","Longbow","Diablo II","Ceremonial Bow","Weapons","Amazon weapon","Equivalent family","Uses the nearest weapon family from the guide; Diablo bonuses and damage are ignored.","Exceptional","Normal / Magic","https://classic.battle.net/diablo2exp/items/exceptional/amazonweapons.shtml","","D:/Code/Core_Dark/tmp/extracted_text/Player_s_Guide_to_the_Western_Reaches_V1.json","110-111"
"Weapon","Longbow","Diablo II","Grand Matron Bow","Weapons","Amazon weapon","Equivalent family","Uses the nearest weapon family from the guide; Diablo bonuses and damage are ignored.","Elite","Normal / Magic","https://classic.battle.net/diablo2exp/items/elite/amazonweapons.shtml","","D:/Code/Core_Dark/tmp/extracted_text/Player_s_Guide_to_the_Western_Reaches_V1.json","110-111"
"Weapon","Longbow","Diablo II","Reflex Bow","Weapons","Amazon weapon","Equivalent family","Uses the nearest weapon family from the guide; Diablo bonuses and damage are ignored.","Normal","Normal / Magic","https://classic.battle.net/diablo2exp/items/normal/amazonweapons.shtml","","D:/Code/Core_Dark/tmp/extracted_text/Player_s_Guide_to_the_Western_Reaches_V1.json","110-111"
"Weapon","Longbow","Diablo II","Stag Bow","Weapons","Amazon weapon","Equivalent family","Uses the nearest weapon family from the guide; Diablo bonuses and damage are ignored.","Normal","Normal / Magic","https://classic.battle.net/diablo2exp/items/normal/amazonweapons.shtml","","D:/Code/Core_Dark/tmp/extracted_text/Player_s_Guide_to_the_Western_Reaches_V1.json","110-111"
"Weapon","Longbow","Diablo II","Cedar Bow","Weapons","Bow","Approximate","Short/compact bows map to Shortbow; other bows map to Longbow. Ambiguous fantasy names use the default.","Exceptional","Normal / Magic","https://classic.battle.net/diablo2exp/items/exceptional/bows.shtml","","D:/Code/Core_Dark/tmp/extracted_text/Player_s_Guide_to_the_Western_Reaches_V1.json","110-111"
"Weapon","Longbow","Diablo II","Composite Bow","Weapons","Bow","Approximate","Short/compact bows map to Shortbow; other bows map to Longbow. Ambiguous fantasy names use the default.","Normal","Normal / Magic","https://classic.battle.net/diablo2exp/items/normal/bows.shtml","","D:/Code/Core_Dark/tmp/extracted_text/Player_s_Guide_to_the_Western_Reaches_V1.json","110-111"
"Weapon","Longbow","Diablo II","Crusader Bow","Weapons","Bow","Approximate","Short/compact bows map to Shortbow; other bows map to Longbow. Ambiguous fantasy names use the default.","Elite","Normal / Magic","https://classic.battle.net/diablo2exp/items/elite/bows.shtml","","D:/Code/Core_Dark/tmp/extracted_text/Player_s_Guide_to_the_Western_Reaches_V1.json","110-111"
"Weapon","Longbow","Diablo II","Gothic Bow","Weapons","Bow","Approximate","Short/compact bows map to Shortbow; other bows map to Longbow. Ambiguous fantasy names use the default.","Exceptional","Normal / Magic","https://classic.battle.net/diablo2exp/items/exceptional/bows.shtml","","D:/Code/Core_Dark/tmp/extracted_text/Player_s_Guide_to_the_Western_Reaches_V1.json","110-111"
"Weapon","Longbow","Diablo II","Hydra Bow","Weapons","Bow","Approximate","Short/compact bows map to Shortbow; other bows map to Longbow. Ambiguous fantasy names use the default.","Elite","Normal / Magic","https://classic.battle.net/diablo2exp/items/elite/bows.shtml","","D:/Code/Core_Dark/tmp/extracted_text/Player_s_Guide_to_the_Western_Reaches_V1.json","110-111"
"Weapon","Longbow","Diablo II","Large Siege Bow","Weapons","Bow","Approximate","Short/compact bows map to Shortbow; other bows map to Longbow. Ambiguous fantasy names use the default.","Exceptional","Normal / Magic","https://classic.battle.net/diablo2exp/items/exceptional/bows.shtml","","D:/Code/Core_Dark/tmp/extracted_text/Player_s_Guide_to_the_Western_Reaches_V1.json","110-111"
"Weapon","Longbow","Diablo II","Long Battle Bow","Weapons","Bow","Approximate","Short/compact bows map to Shortbow; other bows map to Longbow. Ambiguous fantasy names use the default.","Normal","Normal / Magic","https://classic.battle.net/diablo2exp/items/normal/bows.shtml","","D:/Code/Core_Dark/tmp/extracted_text/Player_s_Guide_to_the_Western_Reaches_V1.json","110-111"
"Weapon","Longbow","Diablo II","Long Bow","Weapons","Bow","Approximate","Short/compact bows map to Shortbow; other bows map to Longbow. Ambiguous fantasy names use the default.","Normal","Normal / Magic","https://classic.battle.net/diablo2exp/items/normal/bows.shtml","","D:/Code/Core_Dark/tmp/extracted_text/Player_s_Guide_to_the_Western_Reaches_V1.json","110-111"
"Weapon","Longbow","Diablo II","Long War Bow","Weapons","Bow","Approximate","Short/compact bows map to Shortbow; other bows map to Longbow. Ambiguous fantasy names use the default.","Normal","Normal / Magic","https://classic.battle.net/diablo2exp/items/normal/bows.shtml","","D:/Code/Core_Dark/tmp/extracted_text/Player_s_Guide_to_the_Western_Reaches_V1.json","110-111"
"Weapon","Longbow","Diablo II","Shadow Bow","Weapons","Bow","Approximate","Short/compact bows map to Shortbow; other bows map to Longbow. Ambiguous fantasy names use the default.","Elite","Normal / Magic","https://classic.battle.net/diablo2exp/items/elite/bows.shtml","","D:/Code/Core_Dark/tmp/extracted_text/Player_s_Guide_to_the_Western_Reaches_V1.json","110-111"
"Weapon","Longbow","Diablo III","Battle Bow","Weapons","Bow","Approximate","Short/compact bows map to Shortbow; other bows map to Longbow. Ambiguous fantasy names use the default.","Base","Base type (white/grey/blue)","https://eu.diablo3.blizzard.com/en-gb/item/battle-bow-Bow_006","","D:/Code/Core_Dark/tmp/extracted_text/Player_s_Guide_to_the_Western_Reaches_V1.json","110-111"
"Weapon","Longbow","Diablo III","Composite Bow","Weapons","Bow","Approximate","Short/compact bows map to Shortbow; other bows map to Longbow. Ambiguous fantasy names use the default.","Base","Base type (white/grey/blue)","https://eu.diablo3.blizzard.com/en-gb/artisan/blacksmith/recipe/illustrious-composite-bow","Base name listed through a crafting recipe in Blizzard item guide; recipe bonuses excluded.","D:/Code/Core_Dark/tmp/extracted_text/Player_s_Guide_to_the_Western_Reaches_V1.json","110-111"
"Weapon","Longbow","Diablo III","Daikyu","Weapons","Bow","Approximate","Short/compact bows map to Shortbow; other bows map to Longbow. Ambiguous fantasy names use the default.","Base","Base type (white/grey/blue)","https://eu.diablo3.blizzard.com/en-gb/artisan/blacksmith/recipe/magnificent-daikyu","Base name listed through a crafting recipe in Blizzard item guide; recipe bonuses excluded.","D:/Code/Core_Dark/tmp/extracted_text/Player_s_Guide_to_the_Western_Reaches_V1.json","110-111"
"Weapon","Longbow","Diablo III","Doubleshot","Weapons","Bow","Approximate","Short/compact bows map to Shortbow; other bows map to Longbow. Ambiguous fantasy names use the default.","Base","Base type (white/grey/blue)","https://eu.diablo3.blizzard.com/en-gb/artisan/blacksmith/recipe/sovereign-doubleshot","Base name listed through a crafting recipe in Blizzard item guide; recipe bonuses excluded.","D:/Code/Core_Dark/tmp/extracted_text/Player_s_Guide_to_the_Western_Reaches_V1.json","110-111"
"Weapon","Longbow","Diablo III","Higoyumi","Weapons","Bow","Approximate","Short/compact bows map to Shortbow; other bows map to Longbow. Ambiguous fantasy names use the default.","Base","Base type (white/grey/blue)","https://eu.diablo3.blizzard.com/en-gb/item/higoyumi-Bow_201","","D:/Code/Core_Dark/tmp/extracted_text/Player_s_Guide_to_the_Western_Reaches_V1.json","110-111"
"Weapon","Longbow","Diablo III","Long Bow","Weapons","Bow","Approximate","Short/compact bows map to Shortbow; other bows map to Longbow. Ambiguous fantasy names use the default.","Base","Base type (white/grey/blue)","https://eu.diablo3.blizzard.com/en-gb/artisan/blacksmith/recipe/apprentice-long-bow","Base name listed through a crafting recipe in Blizzard item guide; recipe bonuses excluded.","D:/Code/Core_Dark/tmp/extracted_text/Player_s_Guide_to_the_Western_Reaches_V1.json","110-111"
"Weapon","Longbow","Diablo III","Longshot Bow","Weapons","Bow","Approximate","Short/compact bows map to Shortbow; other bows map to Longbow. Ambiguous fantasy names use the default.","Base","Base type (white/grey/blue)","https://eu.diablo3.blizzard.com/en-gb/item/longshot-bow-Bow_203","","D:/Code/Core_Dark/tmp/extracted_text/Player_s_Guide_to_the_Western_Reaches_V1.json","110-111"
"Weapon","Longbow","Diablo III","Maruki","Weapons","Bow","Approximate","Short/compact bows map to Shortbow; other bows map to Longbow. Ambiguous fantasy names use the default.","Base","Base type (white/grey/blue)","https://eu.diablo3.blizzard.com/en-gb/artisan/blacksmith/recipe/grand-master-maruki","Base name listed through a crafting recipe in Blizzard item guide; recipe bonuses excluded.","D:/Code/Core_Dark/tmp/extracted_text/Player_s_Guide_to_the_Western_Reaches_V1.json","110-111"
"Weapon","Longbow","Diablo III","Phantom Bow","Weapons","Bow","Approximate","Short/compact bows map to Shortbow; other bows map to Longbow. Ambiguous fantasy names use the default.","Base","Base type (white/grey/blue)","https://eu.diablo3.blizzard.com/en-gb/item/phantom-bow-Bow_205","","D:/Code/Core_Dark/tmp/extracted_text/Player_s_Guide_to_the_Western_Reaches_V1.json","110-111"
"Weapon","Longbow","Diablo III","Ranger Bow","Weapons","Bow","Approximate","Short/compact bows map to Shortbow; other bows map to Longbow. Ambiguous fantasy names use the default.","Base","Base type (white/grey/blue)","https://eu.diablo3.blizzard.com/en-gb/artisan/blacksmith/recipe/glorious-ranger-bow","Base name listed through a crafting recipe in Blizzard item guide; recipe bonuses excluded.","D:/Code/Core_Dark/tmp/extracted_text/Player_s_Guide_to_the_Western_Reaches_V1.json","110-111"
"Weapon","Longbow","Diablo III","Recurve Bow","Weapons","Bow","Approximate","Short/compact bows map to Shortbow; other bows map to Longbow. Ambiguous fantasy names use the default.","Base","Base type (white/grey/blue)","https://eu.diablo3.blizzard.com/en-gb/artisan/blacksmith/recipe/journeyman-recurve-bow","Base name listed through a crafting recipe in Blizzard item guide; recipe bonuses excluded.","D:/Code/Core_Dark/tmp/extracted_text/Player_s_Guide_to_the_Western_Reaches_V1.json","110-111"
"Weapon","Longbow","Diablo III","Revenant Bow","Weapons","Bow","Approximate","Short/compact bows map to Shortbow; other bows map to Longbow. Ambiguous fantasy names use the default.","Base","Base type (white/grey/blue)","https://eu.diablo3.blizzard.com/en-gb/item/revenant-bow-Bow_206","","D:/Code/Core_Dark/tmp/extracted_text/Player_s_Guide_to_the_Western_Reaches_V1.json","110-111"
"Weapon","Longbow","Diablo III","Siege Bow","Weapons","Bow","Approximate","Short/compact bows map to Shortbow; other bows map to Longbow. Ambiguous fantasy names use the default.","Base","Base type (white/grey/blue)","https://eu.diablo3.blizzard.com/en-gb/artisan/blacksmith/recipe/master-siege-bow","Base name listed through a crafting recipe in Blizzard item guide; recipe bonuses excluded.","D:/Code/Core_Dark/tmp/extracted_text/Player_s_Guide_to_the_Western_Reaches_V1.json","110-111"
"Weapon","Longbow","Diablo III","Sniper Bow","Weapons","Bow","Approximate","Short/compact bows map to Shortbow; other bows map to Longbow. Ambiguous fantasy names use the default.","Base","Base type (white/grey/blue)","https://eu.diablo3.blizzard.com/en-gb/artisan/blacksmith/recipe/exalted-phantom-bow","Base name listed through a crafting recipe in Blizzard item guide; recipe bonuses excluded.","D:/Code/Core_Dark/tmp/extracted_text/Player_s_Guide_to_the_Western_Reaches_V1.json","110-111"
"Weapon","Longbow","Diablo III","Twinbow","Weapons","Bow","Approximate","Short/compact bows map to Shortbow; other bows map to Longbow. Ambiguous fantasy names use the default.","Base","Base type (white/grey/blue)","https://eu.diablo3.blizzard.com/en-gb/artisan/blacksmith/recipe/exquisite-twin-bow","Base name listed through a crafting recipe in Blizzard item guide; recipe bonuses excluded.","D:/Code/Core_Dark/tmp/extracted_text/Player_s_Guide_to_the_Western_Reaches_V1.json","110-111"
"Weapon","Longbow","Diablo III","Warden Bow","Weapons","Bow","Approximate","Short/compact bows map to Shortbow; other bows map to Longbow. Ambiguous fantasy names use the default.","Base","Base type (white/grey/blue)","https://eu.diablo3.blizzard.com/en-gb/artisan/blacksmith/recipe/apprentice-warden-bow","Base name listed through a crafting recipe in Blizzard item guide; recipe bonuses excluded.","D:/Code/Core_Dark/tmp/extracted_text/Player_s_Guide_to_the_Western_Reaches_V1.json","110-111"
"Weapon","Longbow","Diablo III","Yumi","Weapons","Bow","Approximate","Short/compact bows map to Shortbow; other bows map to Longbow. Ambiguous fantasy names use the default.","Base","Base type (white/grey/blue)","https://eu.diablo3.blizzard.com/en-gb/item/yumi-Bow_103","","D:/Code/Core_Dark/tmp/extracted_text/Player_s_Guide_to_the_Western_Reaches_V1.json","110-111"
"Weapon","Longbow","Diablo IV","Iron Recurve","Weapons","Bow","Approximate","Short/compact bows map to Shortbow; other bows map to Longbow. Ambiguous fantasy names use the default.","Base","Magic","https://docs.google.com/spreadsheets/d/1IC6VCLGzocHjHTGQHj3yPSY0KOVBY97jFOFQWvMSARs/edit","Source catalogue updated 2026-07-27; base game","D:/Code/Core_Dark/tmp/extracted_text/Player_s_Guide_to_the_Western_Reaches_V1.json","110-111"
"Weapon","Longsword","Diablo I","Broad Sword","Weapons","Sword","Equivalent family","Uses the nearest weapon family from the guide; Diablo bonuses and damage are ignored.","Base","Normal / Magic","https://www.lurkerlounge.com/diablo/jarulf/jarulf162.pdf","","D:/Code/Core_Dark/tmp/extracted_text/Player_s_Guide_to_the_Western_Reaches_V1.json","110-111"
"Weapon","Longsword","Diablo I","Long Sword","Weapons","Sword","Equivalent family","Uses the nearest weapon family from the guide; Diablo bonuses and damage are ignored.","Base","Normal / Magic","https://www.lurkerlounge.com/diablo/jarulf/jarulf162.pdf","","D:/Code/Core_Dark/tmp/extracted_text/Player_s_Guide_to_the_Western_Reaches_V1.json","110-111"
"Weapon","Longsword","Diablo II","Ancient Sword","Weapons","Sword","Equivalent family","Uses the nearest weapon family from the guide; Diablo bonuses and damage are ignored.","Exceptional","Normal / Magic","https://classic.battle.net/diablo2exp/items/exceptional/swords.shtml","","D:/Code/Core_Dark/tmp/extracted_text/Player_s_Guide_to_the_Western_Reaches_V1.json","110-111"
"Weapon","Longsword","Diablo II","Battle Sword","Weapons","Sword","Equivalent family","Uses the nearest weapon family from the guide; Diablo bonuses and damage are ignored.","Exceptional","Normal / Magic","https://classic.battle.net/diablo2exp/items/exceptional/swords.shtml","","D:/Code/Core_Dark/tmp/extracted_text/Player_s_Guide_to_the_Western_Reaches_V1.json","110-111"
"Weapon","Longsword","Diablo II","Broad Sword","Weapons","Sword","Equivalent family","Uses the nearest weapon family from the guide; Diablo bonuses and damage are ignored.","Normal","Normal / Magic","https://classic.battle.net/diablo2exp/items/normal/swords.shtml","","D:/Code/Core_Dark/tmp/extracted_text/Player_s_Guide_to_the_Western_Reaches_V1.json","110-111"
"Weapon","Longsword","Diablo II","Conquest Sword","Weapons","Sword","Equivalent family","Uses the nearest weapon family from the guide; Diablo bonuses and damage are ignored.","Elite","Normal / Magic","https://classic.battle.net/diablo2exp/items/elite/swords.shtml","","D:/Code/Core_Dark/tmp/extracted_text/Player_s_Guide_to_the_Western_Reaches_V1.json","110-111"
"Weapon","Longsword","Diablo II","Cryptic Sword","Weapons","Sword","Equivalent family","Uses the nearest weapon family from the guide; Diablo bonuses and damage are ignored.","Elite","Normal / Magic","https://classic.battle.net/diablo2exp/items/elite/swords.shtml","","D:/Code/Core_Dark/tmp/extracted_text/Player_s_Guide_to_the_Western_Reaches_V1.json","110-111"
"Weapon","Longsword","Diablo II","Crystal Sword","Weapons","Sword","Equivalent family","Uses the nearest weapon family from the guide; Diablo bonuses and damage are ignored.","Normal","Normal / Magic","https://classic.battle.net/diablo2exp/items/normal/swords.shtml","","D:/Code/Core_Dark/tmp/extracted_text/Player_s_Guide_to_the_Western_Reaches_V1.json","110-111"
"Weapon","Longsword","Diablo II","Dimensional Blade","Weapons","Sword","Equivalent family","Uses the nearest weapon family from the guide; Diablo bonuses and damage are ignored.","Exceptional","Normal / Magic","https://classic.battle.net/diablo2exp/items/exceptional/swords.shtml","","D:/Code/Core_Dark/tmp/extracted_text/Player_s_Guide_to_the_Western_Reaches_V1.json","110-111"
"Weapon","Longsword","Diablo II","Elegant Blade","Weapons","Sword","Equivalent family","Uses the nearest weapon family from the guide; Diablo bonuses and damage are ignored.","Elite","Normal / Magic","https://classic.battle.net/diablo2exp/items/elite/swords.shtml","","D:/Code/Core_Dark/tmp/extracted_text/Player_s_Guide_to_the_Western_Reaches_V1.json","110-111"
"Weapon","Longsword","Diablo II","Falcata","Weapons","Sword","Equivalent family","Uses the nearest weapon family from the guide; Diablo bonuses and damage are ignored.","Elite","Normal / Magic","https://classic.battle.net/diablo2exp/items/elite/swords.shtml","","D:/Code/Core_Dark/tmp/extracted_text/Player_s_Guide_to_the_Western_Reaches_V1.json","110-111"
"Weapon","Longsword","Diablo II","Hydra Edge","Weapons","Sword","Equivalent family","Uses the nearest weapon family from the guide; Diablo bonuses and damage are ignored.","Elite","Normal / Magic","https://classic.battle.net/diablo2exp/items/elite/swords.shtml","","D:/Code/Core_Dark/tmp/extracted_text/Player_s_Guide_to_the_Western_Reaches_V1.json","110-111"
"Weapon","Longsword","Diablo II","Long Sword","Weapons","Sword","Equivalent family","Uses the nearest weapon family from the guide; Diablo bonuses and damage are ignored.","Normal","Normal / Magic","https://classic.battle.net/diablo2exp/items/normal/swords.shtml","","D:/Code/Core_Dark/tmp/extracted_text/Player_s_Guide_to_the_Western_Reaches_V1.json","110-111"
"Weapon","Longsword","Diablo II","Mythical Sword","Weapons","Sword","Equivalent family","Uses the nearest weapon family from the guide; Diablo bonuses and damage are ignored.","Elite","Normal / Magic","https://classic.battle.net/diablo2exp/items/elite/swords.shtml","","D:/Code/Core_Dark/tmp/extracted_text/Player_s_Guide_to_the_Western_Reaches_V1.json","110-111"
"Weapon","Longsword","Diablo II","Phase Blade","Weapons","Sword","Equivalent family","Uses the nearest weapon family from the guide; Diablo bonuses and damage are ignored.","Elite","Normal / Magic","https://classic.battle.net/diablo2exp/items/elite/swords.shtml","","D:/Code/Core_Dark/tmp/extracted_text/Player_s_Guide_to_the_Western_Reaches_V1.json","110-111"
"Weapon","Longsword","Diablo II","Rune Sword","Weapons","Sword","Equivalent family","Uses the nearest weapon family from the guide; Diablo bonuses and damage are ignored.","Exceptional","Normal / Magic","https://classic.battle.net/diablo2exp/items/exceptional/swords.shtml","","D:/Code/Core_Dark/tmp/extracted_text/Player_s_Guide_to_the_Western_Reaches_V1.json","110-111"
"Weapon","Longsword","Diablo II","War Sword","Weapons","Sword","Equivalent family","Uses the nearest weapon family from the guide; Diablo bonuses and damage are ignored.","Normal","Normal / Magic","https://classic.battle.net/diablo2exp/items/normal/swords.shtml","","D:/Code/Core_Dark/tmp/extracted_text/Player_s_Guide_to_the_Western_Reaches_V1.json","110-111"
"Weapon","Longsword","Diablo III","Caldean Sword","Weapons","Mighty Weapon","Approximate","One-handed mighty blade approximation; no class-specific power retained.","Base","Base type (white/grey/blue)","https://eu.diablo3.blizzard.com/en-gb/artisan/blacksmith/recipe/exquisite-caldean-sword","Base name listed through a crafting recipe in Blizzard item guide; recipe bonuses excluded.","D:/Code/Core_Dark/tmp/extracted_text/Player_s_Guide_to_the_Western_Reaches_V1.json","110-111"
"Weapon","Longsword","Diablo III","Carver","Weapons","Mighty Weapon","Approximate","One-handed mighty blade approximation; no class-specific power retained.","Base","Base type (white/grey/blue)","https://eu.diablo3.blizzard.com/en-gb/item/carver-MightyWeapon1H_002","","D:/Code/Core_Dark/tmp/extracted_text/Player_s_Guide_to_the_Western_Reaches_V1.json","110-111"
"Weapon","Longsword","Diablo III","Chopsword","Weapons","Mighty Weapon","Approximate","One-handed mighty blade approximation; no class-specific power retained.","Base","Base type (white/grey/blue)","https://eu.diablo3.blizzard.com/en-gb/artisan/blacksmith/recipe/exalted-massacre-axe","Base name listed through a crafting recipe in Blizzard item guide; recipe bonuses excluded.","D:/Code/Core_Dark/tmp/extracted_text/Player_s_Guide_to_the_Western_Reaches_V1.json","110-111"
"Weapon","Longsword","Diablo III","Eviscerator","Weapons","Mighty Weapon","Approximate","One-handed mighty blade approximation; no class-specific power retained.","Base","Base type (white/grey/blue)","https://eu.diablo3.blizzard.com/en-gb/artisan/blacksmith/recipe/grand-master-eviscerator","Base name listed through a crafting recipe in Blizzard item guide; recipe bonuses excluded.","D:/Code/Core_Dark/tmp/extracted_text/Player_s_Guide_to_the_Western_Reaches_V1.json","110-111"
"Weapon","Longsword","Diablo III","Gutwrench","Weapons","Mighty Weapon","Approximate","One-handed mighty blade approximation; no class-specific power retained.","Base","Base type (white/grey/blue)","https://eu.diablo3.blizzard.com/en-gb/artisan/blacksmith/recipe/magnificent-gut-wrench","Base name listed through a crafting recipe in Blizzard item guide; recipe bonuses excluded.","D:/Code/Core_Dark/tmp/extracted_text/Player_s_Guide_to_the_Western_Reaches_V1.json","110-111"
"Weapon","Longsword","Diablo III","Machete","Weapons","Mighty Weapon","Approximate","One-handed mighty blade approximation; no class-specific power retained.","Base","Base type (white/grey/blue)","https://eu.diablo3.blizzard.com/en-gb/artisan/blacksmith/recipe/illustrious-reaver","Base name listed through a crafting recipe in Blizzard item guide; recipe bonuses excluded.","D:/Code/Core_Dark/tmp/extracted_text/Player_s_Guide_to_the_Western_Reaches_V1.json","110-111"
"Weapon","Longsword","Diablo III","Rage Blade","Weapons","Mighty Weapon","Approximate","One-handed mighty blade approximation; no class-specific power retained.","Base","Base type (white/grey/blue)","https://eu.diablo3.blizzard.com/en-gb/artisan/blacksmith/recipe/resplendent-rage-blade","Base name listed through a crafting recipe in Blizzard item guide; recipe bonuses excluded.","D:/Code/Core_Dark/tmp/extracted_text/Player_s_Guide_to_the_Western_Reaches_V1.json","110-111"
"Weapon","Longsword","Diablo III","Reaper","Weapons","Mighty Weapon","Approximate","One-handed mighty blade approximation; no class-specific power retained.","Base","Base type (white/grey/blue)","https://eu.diablo3.blizzard.com/en-gb/artisan/blacksmith/recipe/glorious-reaper","Base name listed through a crafting recipe in Blizzard item guide; recipe bonuses excluded.","D:/Code/Core_Dark/tmp/extracted_text/Player_s_Guide_to_the_Western_Reaches_V1.json","110-111"
"Weapon","Longsword","Diablo III","Reaver","Weapons","Mighty Weapon","Approximate","One-handed mighty blade approximation; no class-specific power retained.","Base","Base type (white/grey/blue)","https://eu.diablo3.blizzard.com/en-gb/item/reaver-MightyWeapon1H_102a","","D:/Code/Core_Dark/tmp/extracted_text/Player_s_Guide_to_the_Western_Reaches_V1.json","110-111"
"Weapon","Longsword","Diablo III","Slayer","Weapons","Mighty Weapon","Approximate","One-handed mighty blade approximation; no class-specific power retained.","Base","Base type (white/grey/blue)","https://eu.diablo3.blizzard.com/en-gb/item/slayer-MightyWeapon1H_204","","D:/Code/Core_Dark/tmp/extracted_text/Player_s_Guide_to_the_Western_Reaches_V1.json","110-111"
"Weapon","Longsword","Diablo III","War Blade","Weapons","Mighty Weapon","Approximate","One-handed mighty blade approximation; no class-specific power retained.","Base","Base type (white/grey/blue)","https://eu.diablo3.blizzard.com/en-gb/artisan/blacksmith/recipe/adept-war-blade","Base name listed through a crafting recipe in Blizzard item guide; recipe bonuses excluded.","D:/Code/Core_Dark/tmp/extracted_text/Player_s_Guide_to_the_Western_Reaches_V1.json","110-111"
"Weapon","Longsword","Diablo III","Ancient Sword","Weapons","Sword","Equivalent family","Uses the nearest weapon family from the guide; Diablo bonuses and damage are ignored.","Base","Base type (white/grey/blue)","https://eu.diablo3.blizzard.com/en-gb/artisan/blacksmith/recipe/resplendent-ancient-sword","Base name listed through a crafting recipe in Blizzard item guide; recipe bonuses excluded.","D:/Code/Core_Dark/tmp/extracted_text/Player_s_Guide_to_the_Western_Reaches_V1.json","110-111"
"Weapon","Longsword","Diablo III","Battle Sword","Weapons","Sword","Equivalent family","Uses the nearest weapon family from the guide; Diablo bonuses and damage are ignored.","Base","Base type (white/grey/blue)","https://eu.diablo3.blizzard.com/en-gb/item/battle-sword-Sword_1H_103","","D:/Code/Core_Dark/tmp/extracted_text/Player_s_Guide_to_the_Western_Reaches_V1.json","110-111"
"Weapon","Longsword","Diablo III","Broadsword","Weapons","Sword","Equivalent family","Uses the nearest weapon family from the guide; Diablo bonuses and damage are ignored.","Base","Base type (white/grey/blue)","https://eu.diablo3.blizzard.com/en-gb/item/broadsword-Sword_1H_003","","D:/Code/Core_Dark/tmp/extracted_text/Player_s_Guide_to_the_Western_Reaches_V1.json","110-111"
"Weapon","Longsword","Diablo III","Champion Sword","Weapons","Sword","Equivalent family","Uses the nearest weapon family from the guide; Diablo bonuses and damage are ignored.","Base","Base type (white/grey/blue)","https://eu.diablo3.blizzard.com/en-gb/artisan/blacksmith/recipe/exquisite-champion-sword","Base name listed through a crafting recipe in Blizzard item guide; recipe bonuses excluded.","D:/Code/Core_Dark/tmp/extracted_text/Player_s_Guide_to_the_Western_Reaches_V1.json","110-111"
"Weapon","Longsword","Diablo III","Conquest Sword","Weapons","Sword","Equivalent family","Uses the nearest weapon family from the guide; Diablo bonuses and damage are ignored.","Base","Base type (white/grey/blue)","https://eu.diablo3.blizzard.com/en-gb/item/conquest-sword-Sword_1H_207","","D:/Code/Core_Dark/tmp/extracted_text/Player_s_Guide_to_the_Western_Reaches_V1.json","110-111"
"Weapon","Longsword","Diablo III","King Blade","Weapons","Sword","Equivalent family","Uses the nearest weapon family from the guide; Diablo bonuses and damage are ignored.","Base","Base type (white/grey/blue)","https://eu.diablo3.blizzard.com/en-gb/item/king-blade-Sword_1H_204","","D:/Code/Core_Dark/tmp/extracted_text/Player_s_Guide_to_the_Western_Reaches_V1.json","110-111"
"Weapon","Longsword","Diablo III","Knight Sword","Weapons","Sword","Equivalent family","Uses the nearest weapon family from the guide; Diablo bonuses and damage are ignored.","Base","Base type (white/grey/blue)","https://eu.diablo3.blizzard.com/en-gb/artisan/blacksmith/recipe/illustrious-knight-sword","Base name listed through a crafting recipe in Blizzard item guide; recipe bonuses excluded.","D:/Code/Core_Dark/tmp/extracted_text/Player_s_Guide_to_the_Western_Reaches_V1.json","110-111"
"Weapon","Longsword","Diablo III","Longsword","Weapons","Sword","Equivalent family","Uses the nearest weapon family from the guide; Diablo bonuses and damage are ignored.","Base","Base type (white/grey/blue)","https://eu.diablo3.blizzard.com/en-gb/artisan/blacksmith/recipe/apprentice-broadsword","Base name listed through a crafting recipe in Blizzard item guide; recipe bonuses excluded.","D:/Code/Core_Dark/tmp/extracted_text/Player_s_Guide_to_the_Western_Reaches_V1.json","110-111"
"Weapon","Longsword","Diablo III","Raid Sword","Weapons","Sword","Equivalent family","Uses the nearest weapon family from the guide; Diablo bonuses and damage are ignored.","Base","Base type (white/grey/blue)","https://eu.diablo3.blizzard.com/en-gb/item/raid-sword-Sword_1H_107","","D:/Code/Core_Dark/tmp/extracted_text/Player_s_Guide_to_the_Western_Reaches_V1.json","110-111"
"Weapon","Longsword","Diablo III","Rune Sword","Weapons","Sword","Equivalent family","Uses the nearest weapon family from the guide; Diablo bonuses and damage are ignored.","Base","Base type (white/grey/blue)","https://eu.diablo3.blizzard.com/en-gb/item/rune-sword-Sword_1H_208","","D:/Code/Core_Dark/tmp/extracted_text/Player_s_Guide_to_the_Western_Reaches_V1.json","110-111"
"Weapon","Longsword","Diablo III","Spatha","Weapons","Sword","Equivalent family","Uses the nearest weapon family from the guide; Diablo bonuses and damage are ignored.","Base","Base type (white/grey/blue)","https://eu.diablo3.blizzard.com/en-gb/item/spatha-Sword_1H_201","","D:/Code/Core_Dark/tmp/extracted_text/Player_s_Guide_to_the_Western_Reaches_V1.json","110-111"
"Weapon","Longsword","Diablo III","Strong Sword","Weapons","Sword","Equivalent family","Uses the nearest weapon family from the guide; Diablo bonuses and damage are ignored.","Base","Base type (white/grey/blue)","https://eu.diablo3.blizzard.com/en-gb/item/strong-sword-Sword_1H_203","","D:/Code/Core_Dark/tmp/extracted_text/Player_s_Guide_to_the_Western_Reaches_V1.json","110-111"
"Weapon","Longsword","Diablo III","Tsunami Blade","Weapons","Sword","Equivalent family","Uses the nearest weapon family from the guide; Diablo bonuses and damage are ignored.","Base","Base type (white/grey/blue)","https://eu.diablo3.blizzard.com/en-gb/artisan/blacksmith/recipe/sovereign-tsunami-blade","Base name listed through a crafting recipe in Blizzard item guide; recipe bonuses excluded.","D:/Code/Core_Dark/tmp/extracted_text/Player_s_Guide_to_the_Western_Reaches_V1.json","110-111"
"Weapon","Longsword","Diablo III","War Sword","Weapons","Sword","Equivalent family","Uses the nearest weapon family from the guide; Diablo bonuses and damage are ignored.","Base","Base type (white/grey/blue)","https://eu.diablo3.blizzard.com/en-gb/artisan/blacksmith/recipe/adept-war-sword","Base name listed through a crafting recipe in Blizzard item guide; recipe bonuses excluded.","D:/Code/Core_Dark/tmp/extracted_text/Player_s_Guide_to_the_Western_Reaches_V1.json","110-111"
"Weapon","Longsword","Diablo IV","Broad Sword","Weapons","Sword","Equivalent family","Uses the nearest weapon family from the guide; Diablo bonuses and damage are ignored.","Base","Magic","https://docs.google.com/spreadsheets/d/1IC6VCLGzocHjHTGQHj3yPSY0KOVBY97jFOFQWvMSARs/edit","Source catalogue updated 2026-07-27; base game","D:/Code/Core_Dark/tmp/extracted_text/Player_s_Guide_to_the_Western_Reaches_V1.json","110-111"
"Weapon","Longsword","Diablo IV","Longsword","Weapons","Sword","Equivalent family","Uses the nearest weapon family from the guide; Diablo bonuses and damage are ignored.","Base","Magic","https://docs.google.com/spreadsheets/d/1IC6VCLGzocHjHTGQHj3yPSY0KOVBY97jFOFQWvMSARs/edit","Source catalogue updated 2026-07-27; base game","D:/Code/Core_Dark/tmp/extracted_text/Player_s_Guide_to_the_Western_Reaches_V1.json","110-111"
"Weapon","Longsword","Diablo IV","Steel Defender","Weapons","Sword","Equivalent family","Uses the nearest weapon family from the guide; Diablo bonuses and damage are ignored.","Base","Magic","https://docs.google.com/spreadsheets/d/1IC6VCLGzocHjHTGQHj3yPSY0KOVBY97jFOFQWvMSARs/edit","Source catalogue updated 2026-07-27; base game","D:/Code/Core_Dark/tmp/extracted_text/Player_s_Guide_to_the_Western_Reaches_V1.json","110-111"
"Weapon","Mace","Diablo I","Mace","Weapons","Mace","Approximate","One-handed hammers use Mace to avoid importing the two-handed Warhammer profile.","Base","Normal / Magic","https://www.lurkerlounge.com/diablo/jarulf/jarulf162.pdf","","D:/Code/Core_Dark/tmp/extracted_text/Player_s_Guide_to_the_Western_Reaches_V1.json","110-111"
"Weapon","Mace","Diablo I","War Hammer","Weapons","Mace","Approximate","One-handed hammers use Mace to avoid importing the two-handed Warhammer profile.","Base","Normal / Magic","https://www.lurkerlounge.com/diablo/jarulf/jarulf162.pdf","","D:/Code/Core_Dark/tmp/extracted_text/Player_s_Guide_to_the_Western_Reaches_V1.json","110-111"
"Weapon","Mace","Diablo II","Battle Hammer","Weapons","Mace","Approximate","One-handed hammers use Mace to avoid importing the two-handed Warhammer profile.","Exceptional","Normal / Magic","https://classic.battle.net/diablo2exp/items/exceptional/maces.shtml","","D:/Code/Core_Dark/tmp/extracted_text/Player_s_Guide_to_the_Western_Reaches_V1.json","110-111"
"Weapon","Mace","Diablo II","Flanged Mace","Weapons","Mace","Approximate","One-handed hammers use Mace to avoid importing the two-handed Warhammer profile.","Exceptional","Normal / Magic","https://classic.battle.net/diablo2exp/items/exceptional/maces.shtml","","D:/Code/Core_Dark/tmp/extracted_text/Player_s_Guide_to_the_Western_Reaches_V1.json","110-111"
"Weapon","Mace","Diablo II","Legendary Mallet","Weapons","Mace","Approximate","One-handed hammers use Mace to avoid importing the two-handed Warhammer profile.","Elite","Normal / Magic","https://classic.battle.net/diablo2exp/items/elite/maces.shtml","","D:/Code/Core_Dark/tmp/extracted_text/Player_s_Guide_to_the_Western_Reaches_V1.json","110-111"
"Weapon","Mace","Diablo II","Mace","Weapons","Mace","Approximate","One-handed hammers use Mace to avoid importing the two-handed Warhammer profile.","Normal","Normal / Magic","https://classic.battle.net/diablo2exp/items/normal/maces.shtml","","D:/Code/Core_Dark/tmp/extracted_text/Player_s_Guide_to_the_Western_Reaches_V1.json","110-111"
"Weapon","Mace","Diablo II","Reinforced Mace","Weapons","Mace","Approximate","One-handed hammers use Mace to avoid importing the two-handed Warhammer profile.","Elite","Normal / Magic","https://classic.battle.net/diablo2exp/items/elite/maces.shtml","","D:/Code/Core_Dark/tmp/extracted_text/Player_s_Guide_to_the_Western_Reaches_V1.json","110-111"
"Weapon","Mace","Diablo II","War Hammer","Weapons","Mace","Approximate","One-handed hammers use Mace to avoid importing the two-handed Warhammer profile.","Normal","Normal / Magic","https://classic.battle.net/diablo2exp/items/normal/maces.shtml","","D:/Code/Core_Dark/tmp/extracted_text/Player_s_Guide_to_the_Western_Reaches_V1.json","110-111"
"Weapon","Mace","Diablo II","Caduceus","Weapons","Scepter","Approximate","Scepters use Mace for physical attacks; magical functions remain separate.","Elite","Normal / Magic","https://classic.battle.net/diablo2exp/items/elite/scepters.shtml","","D:/Code/Core_Dark/tmp/extracted_text/Player_s_Guide_to_the_Western_Reaches_V1.json","110-111"
"Weapon","Mace","Diablo II","Divine Scepter","Weapons","Scepter","Approximate","Scepters use Mace for physical attacks; magical functions remain separate.","Exceptional","Normal / Magic","https://classic.battle.net/diablo2exp/items/exceptional/scepters.shtml","","D:/Code/Core_Dark/tmp/extracted_text/Player_s_Guide_to_the_Western_Reaches_V1.json","110-111"
"Weapon","Mace","Diablo II","Grand Scepter","Weapons","Scepter","Approximate","Scepters use Mace for physical attacks; magical functions remain separate.","Normal","Normal / Magic","https://classic.battle.net/diablo2exp/items/normal/scepters.shtml","","D:/Code/Core_Dark/tmp/extracted_text/Player_s_Guide_to_the_Western_Reaches_V1.json","110-111"
"Weapon","Mace","Diablo II","Holy Water Sprinkler","Weapons","Scepter","Approximate","Scepters use Mace for physical attacks; magical functions remain separate.","Exceptional","Normal / Magic","https://classic.battle.net/diablo2exp/items/exceptional/scepters.shtml","","D:/Code/Core_Dark/tmp/extracted_text/Player_s_Guide_to_the_Western_Reaches_V1.json","110-111"
"Weapon","Mace","Diablo II","Mighty Scepter","Weapons","Scepter","Approximate","Scepters use Mace for physical attacks; magical functions remain separate.","Elite","Normal / Magic","https://classic.battle.net/diablo2exp/items/elite/scepters.shtml","","D:/Code/Core_Dark/tmp/extracted_text/Player_s_Guide_to_the_Western_Reaches_V1.json","110-111"
"Weapon","Mace","Diablo II","Rune Scepter","Weapons","Scepter","Approximate","Scepters use Mace for physical attacks; magical functions remain separate.","Exceptional","Normal / Magic","https://classic.battle.net/diablo2exp/items/exceptional/scepters.shtml","","D:/Code/Core_Dark/tmp/extracted_text/Player_s_Guide_to_the_Western_Reaches_V1.json","110-111"
"Weapon","Mace","Diablo II","Scepter","Weapons","Scepter","Approximate","Scepters use Mace for physical attacks; magical functions remain separate.","Normal","Normal / Magic","https://classic.battle.net/diablo2exp/items/normal/scepters.shtml","","D:/Code/Core_Dark/tmp/extracted_text/Player_s_Guide_to_the_Western_Reaches_V1.json","110-111"
"Weapon","Mace","Diablo II","Seraph Rod","Weapons","Scepter","Approximate","Scepters use Mace for physical attacks; magical functions remain separate.","Elite","Normal / Magic","https://classic.battle.net/diablo2exp/items/elite/scepters.shtml","","D:/Code/Core_Dark/tmp/extracted_text/Player_s_Guide_to_the_Western_Reaches_V1.json","110-111"
"Weapon","Mace","Diablo II","War Scepter","Weapons","Scepter","Approximate","Scepters use Mace for physical attacks; magical functions remain separate.","Normal","Normal / Magic","https://classic.battle.net/diablo2exp/items/normal/scepters.shtml","","D:/Code/Core_Dark/tmp/extracted_text/Player_s_Guide_to_the_Western_Reaches_V1.json","110-111"
"Weapon","Mace","Diablo III","Brutalizer","Weapons","Mace","Approximate","One-handed hammers use Mace to avoid importing the two-handed Warhammer profile.","Base","Base type (white/grey/blue)","https://eu.diablo3.blizzard.com/en-gb/artisan/blacksmith/recipe/exquisite-brutalizer","Base name listed through a crafting recipe in Blizzard item guide; recipe bonuses excluded.","D:/Code/Core_Dark/tmp/extracted_text/Player_s_Guide_to_the_Western_Reaches_V1.json","110-111"
"Weapon","Mace","Diablo III","Crag Hammer","Weapons","Mace","Approximate","One-handed hammers use Mace to avoid importing the two-handed Warhammer profile.","Base","Base type (white/grey/blue)","https://eu.diablo3.blizzard.com/en-gb/item/crag-hammer-Mace_1H_206","","D:/Code/Core_Dark/tmp/extracted_text/Player_s_Guide_to_the_Western_Reaches_V1.json","110-111"
"Weapon","Mace","Diablo III","Death Mace","Weapons","Mace","Approximate","One-handed hammers use Mace to avoid importing the two-handed Warhammer profile.","Base","Base type (white/grey/blue)","https://eu.diablo3.blizzard.com/en-gb/item/death-mace-Mace_1H_203","","D:/Code/Core_Dark/tmp/extracted_text/Player_s_Guide_to_the_Western_Reaches_V1.json","110-111"
"Weapon","Mace","Diablo III","Demolisher","Weapons","Mace","Approximate","One-handed hammers use Mace to avoid importing the two-handed Warhammer profile.","Base","Base type (white/grey/blue)","https://eu.diablo3.blizzard.com/en-gb/item/demolisher-Mace_1H_207","","D:/Code/Core_Dark/tmp/extracted_text/Player_s_Guide_to_the_Western_Reaches_V1.json","110-111"
"Weapon","Mace","Diablo III","Flanged Mace","Weapons","Mace","Approximate","One-handed hammers use Mace to avoid importing the two-handed Warhammer profile.","Base","Base type (white/grey/blue)","https://eu.diablo3.blizzard.com/en-gb/artisan/blacksmith/recipe/journeyman-mace","Base name listed through a crafting recipe in Blizzard item guide; recipe bonuses excluded.","D:/Code/Core_Dark/tmp/extracted_text/Player_s_Guide_to_the_Western_Reaches_V1.json","110-111"
"Weapon","Mace","Diablo III","Gada","Weapons","Mace","Approximate","One-handed hammers use Mace to avoid importing the two-handed Warhammer profile.","Base","Base type (white/grey/blue)","https://eu.diablo3.blizzard.com/en-gb/artisan/blacksmith/recipe/magnificent-pernach","Base name listed through a crafting recipe in Blizzard item guide; recipe bonuses excluded.","D:/Code/Core_Dark/tmp/extracted_text/Player_s_Guide_to_the_Western_Reaches_V1.json","110-111"
"Weapon","Mace","Diablo III","Goedendag","Weapons","Mace","Approximate","One-handed hammers use Mace to avoid importing the two-handed Warhammer profile.","Base","Base type (white/grey/blue)","https://eu.diablo3.blizzard.com/en-gb/artisan/blacksmith/recipe/exalted-crag-hammer","Base name listed through a crafting recipe in Blizzard item guide; recipe bonuses excluded.","D:/Code/Core_Dark/tmp/extracted_text/Player_s_Guide_to_the_Western_Reaches_V1.json","110-111"
"Weapon","Mace","Diablo III","Hammer","Weapons","Mace","Approximate","One-handed hammers use Mace to avoid importing the two-handed Warhammer profile.","Base","Base type (white/grey/blue)","https://eu.diablo3.blizzard.com/en-gb/artisan/blacksmith/recipe/adept-hammer","Base name listed through a crafting recipe in Blizzard item guide; recipe bonuses excluded.","D:/Code/Core_Dark/tmp/extracted_text/Player_s_Guide_to_the_Western_Reaches_V1.json","110-111"
"Weapon","Mace","Diablo III","Heavy Hammer","Weapons","Mace","Approximate","One-handed hammers use Mace to avoid importing the two-handed Warhammer profile.","Base","Base type (white/grey/blue)","https://eu.diablo3.blizzard.com/en-gb/item/heavy-hammer-Mace_1H_106","","D:/Code/Core_Dark/tmp/extracted_text/Player_s_Guide_to_the_Western_Reaches_V1.json","110-111"
"Weapon","Mace","Diablo III","Mace","Weapons","Mace","Approximate","One-handed hammers use Mace to avoid importing the two-handed Warhammer profile.","Base","Base type (white/grey/blue)","https://eu.diablo3.blizzard.com/en-gb/item/mace-Mace_1H_004","","D:/Code/Core_Dark/tmp/extracted_text/Player_s_Guide_to_the_Western_Reaches_V1.json","110-111"
"Weapon","Mace","Diablo III","Pernach","Weapons","Mace","Approximate","One-handed hammers use Mace to avoid importing the two-handed Warhammer profile.","Base","Base type (white/grey/blue)","https://eu.diablo3.blizzard.com/en-gb/item/pernach-Mace_1H_105","","D:/Code/Core_Dark/tmp/extracted_text/Player_s_Guide_to_the_Western_Reaches_V1.json","110-111"
"Weapon","Mace","Diablo III","Skull Crusher","Weapons","Mace","Approximate","One-handed hammers use Mace to avoid importing the two-handed Warhammer profile.","Base","Base type (white/grey/blue)","https://eu.diablo3.blizzard.com/en-gb/item/skull-crusher-Mace_1H_201","","D:/Code/Core_Dark/tmp/extracted_text/Player_s_Guide_to_the_Western_Reaches_V1.json","110-111"
"Weapon","Mace","Diablo III","Skullsplitter","Weapons","Mace","Approximate","One-handed hammers use Mace to avoid importing the two-handed Warhammer profile.","Base","Base type (white/grey/blue)","https://eu.diablo3.blizzard.com/en-gb/artisan/blacksmith/recipe/sovereign-skullsplitter","Base name listed through a crafting recipe in Blizzard item guide; recipe bonuses excluded.","D:/Code/Core_Dark/tmp/extracted_text/Player_s_Guide_to_the_Western_Reaches_V1.json","110-111"
"Weapon","Mace","Diablo III","Spiked Baton","Weapons","Mace","Approximate","One-handed hammers use Mace to avoid importing the two-handed Warhammer profile.","Base","Base type (white/grey/blue)","https://eu.diablo3.blizzard.com/en-gb/item/spiked-baton-Mace_1H_102","","D:/Code/Core_Dark/tmp/extracted_text/Player_s_Guide_to_the_Western_Reaches_V1.json","110-111"
"Weapon","Mace","Diablo III","Tripyor","Weapons","Mace","Approximate","One-handed hammers use Mace to avoid importing the two-handed Warhammer profile.","Base","Base type (white/grey/blue)","https://eu.diablo3.blizzard.com/en-gb/item/tripyor-Mace_1H_204","","D:/Code/Core_Dark/tmp/extracted_text/Player_s_Guide_to_the_Western_Reaches_V1.json","110-111"
"Weapon","Mace","Diablo III","War Gavel","Weapons","Mace","Approximate","One-handed hammers use Mace to avoid importing the two-handed Warhammer profile.","Base","Base type (white/grey/blue)","https://eu.diablo3.blizzard.com/en-gb/artisan/blacksmith/recipe/master-war-cudgel","Base name listed through a crafting recipe in Blizzard item guide; recipe bonuses excluded.","D:/Code/Core_Dark/tmp/extracted_text/Player_s_Guide_to_the_Western_Reaches_V1.json","110-111"
"Weapon","Mace","Diablo III","War Hammer","Weapons","Mace","Approximate","One-handed hammers use Mace to avoid importing the two-handed Warhammer profile.","Base","Base type (white/grey/blue)","https://eu.diablo3.blizzard.com/en-gb/artisan/blacksmith/recipe/resplendent-war-hammer","Base name listed through a crafting recipe in Blizzard item guide; recipe bonuses excluded.","D:/Code/Core_Dark/tmp/extracted_text/Player_s_Guide_to_the_Western_Reaches_V1.json","110-111"
"Weapon","Mace","Diablo III","War Mace","Weapons","Mace","Approximate","One-handed hammers use Mace to avoid importing the two-handed Warhammer profile.","Base","Base type (white/grey/blue)","https://eu.diablo3.blizzard.com/en-gb/artisan/blacksmith/recipe/illustrious-war-mace","Base name listed through a crafting recipe in Blizzard item guide; recipe bonuses excluded.","D:/Code/Core_Dark/tmp/extracted_text/Player_s_Guide_to_the_Western_Reaches_V1.json","110-111"
"Weapon","Mace","Diablo IV","Mace","Weapons","Mace","Approximate","One-handed hammers use Mace to avoid importing the two-handed Warhammer profile.","Base","Magic","https://docs.google.com/spreadsheets/d/1IC6VCLGzocHjHTGQHj3yPSY0KOVBY97jFOFQWvMSARs/edit","Source catalogue updated 2026-07-27; base game","D:/Code/Core_Dark/tmp/extracted_text/Player_s_Guide_to_the_Western_Reaches_V1.json","110-111"
"Weapon","Morningstar","Diablo I","Flail","Weapons","Mace","Approximate","Flails use Morningstar as the nearest weighted-head weapon; this does not grant Razor chain reach.","Base","Normal / Magic","https://www.lurkerlounge.com/diablo/jarulf/jarulf162.pdf","","D:/Code/Core_Dark/tmp/extracted_text/Player_s_Guide_to_the_Western_Reaches_V1.json","110-111"
"Weapon","Morningstar","Diablo I","Morning Star","Weapons","Mace","Equivalent family","Uses the nearest weapon family from the guide; Diablo bonuses and damage are ignored.","Base","Normal / Magic","https://www.lurkerlounge.com/diablo/jarulf/jarulf162.pdf","","D:/Code/Core_Dark/tmp/extracted_text/Player_s_Guide_to_the_Western_Reaches_V1.json","110-111"
"Weapon","Morningstar","Diablo II","Devil Star","Weapons","Mace","Equivalent family","Uses the nearest weapon family from the guide; Diablo bonuses and damage are ignored.","Elite","Normal / Magic","https://classic.battle.net/diablo2exp/items/elite/maces.shtml","","D:/Code/Core_Dark/tmp/extracted_text/Player_s_Guide_to_the_Western_Reaches_V1.json","110-111"
"Weapon","Morningstar","Diablo II","Flail","Weapons","Mace","Approximate","Flails use Morningstar as the nearest weighted-head weapon; this does not grant Razor chain reach.","Normal","Normal / Magic","https://classic.battle.net/diablo2exp/items/normal/maces.shtml","","D:/Code/Core_Dark/tmp/extracted_text/Player_s_Guide_to_the_Western_Reaches_V1.json","110-111"
"Weapon","Morningstar","Diablo II","Jagged Star","Weapons","Mace","Equivalent family","Uses the nearest weapon family from the guide; Diablo bonuses and damage are ignored.","Exceptional","Normal / Magic","https://classic.battle.net/diablo2exp/items/exceptional/maces.shtml","","D:/Code/Core_Dark/tmp/extracted_text/Player_s_Guide_to_the_Western_Reaches_V1.json","110-111"
"Weapon","Morningstar","Diablo II","Knout","Weapons","Mace","Approximate","Flails use Morningstar as the nearest weighted-head weapon; this does not grant Razor chain reach.","Exceptional","Normal / Magic","https://classic.battle.net/diablo2exp/items/exceptional/maces.shtml","","D:/Code/Core_Dark/tmp/extracted_text/Player_s_Guide_to_the_Western_Reaches_V1.json","110-111"
"Weapon","Morningstar","Diablo II","Morning Star","Weapons","Mace","Equivalent family","Uses the nearest weapon family from the guide; Diablo bonuses and damage are ignored.","Normal","Normal / Magic","https://classic.battle.net/diablo2exp/items/normal/maces.shtml","","D:/Code/Core_Dark/tmp/extracted_text/Player_s_Guide_to_the_Western_Reaches_V1.json","110-111"
"Weapon","Morningstar","Diablo II","Scourge","Weapons","Mace","Approximate","Flails use Morningstar as the nearest weighted-head weapon; this does not grant Razor chain reach.","Elite","Normal / Magic","https://classic.battle.net/diablo2exp/items/elite/maces.shtml","","D:/Code/Core_Dark/tmp/extracted_text/Player_s_Guide_to_the_Western_Reaches_V1.json","110-111"
"Weapon","Morningstar","Diablo III","Ball and Chain","Weapons","Flail","Approximate","Flails use Morningstar as the nearest weighted-head weapon; this does not grant Razor chain reach.","Base","Base type (white/grey/blue)","https://eu.diablo3.blizzard.com/en-gb/artisan/blacksmith/recipe/master-flail","Base name listed through a crafting recipe in Blizzard item guide; recipe bonuses excluded.","D:/Code/Core_Dark/tmp/extracted_text/Player_s_Guide_to_the_Western_Reaches_V1.json","110-111"
"Weapon","Morningstar","Diablo III","Barbed Flail","Weapons","Flail","Approximate","Flails use Morningstar as the nearest weighted-head weapon; this does not grant Razor chain reach.","Base","Base type (white/grey/blue)","https://eu.diablo3.blizzard.com/en-gb/item/barbed-flail-Flail_1H_003","","D:/Code/Core_Dark/tmp/extracted_text/Player_s_Guide_to_the_Western_Reaches_V1.json","110-111"
"Weapon","Morningstar","Diablo III","Chain Mace","Weapons","Flail","Approximate","Flails use Morningstar as the nearest weighted-head weapon; this does not grant Razor chain reach.","Base","Base type (white/grey/blue)","https://eu.diablo3.blizzard.com/en-gb/artisan/blacksmith/recipe/grandmaster-chain-mace","Base name listed through a crafting recipe in Blizzard item guide; recipe bonuses excluded.","D:/Code/Core_Dark/tmp/extracted_text/Player_s_Guide_to_the_Western_Reaches_V1.json","110-111"
"Weapon","Morningstar","Diablo III","Flail","Weapons","Flail","Approximate","Flails use Morningstar as the nearest weighted-head weapon; this does not grant Razor chain reach.","Base","Base type (white/grey/blue)","https://eu.diablo3.blizzard.com/en-gb/artisan/blacksmith/recipe/adept-flail","Base name listed through a crafting recipe in Blizzard item guide; recipe bonuses excluded.","D:/Code/Core_Dark/tmp/extracted_text/Player_s_Guide_to_the_Western_Reaches_V1.json","110-111"
"Weapon","Morningstar","Diablo III","Giant's Flail","Weapons","Flail","Approximate","Flails use Morningstar as the nearest weighted-head weapon; this does not grant Razor chain reach.","Base","Base type (white/grey/blue)","https://eu.diablo3.blizzard.com/en-gb/artisan/blacksmith/recipe/exquisite-giants-flail","Base name listed through a crafting recipe in Blizzard item guide; recipe bonuses excluded.","D:/Code/Core_Dark/tmp/extracted_text/Player_s_Guide_to_the_Western_Reaches_V1.json","110-111"
"Weapon","Morningstar","Diablo III","Grandfather Flail","Weapons","Flail","Approximate","Flails use Morningstar as the nearest weighted-head weapon; this does not grant Razor chain reach.","Base","Base type (white/grey/blue)","https://eu.diablo3.blizzard.com/en-gb/artisan/blacksmith/recipe/sovereign-grandfather-flail","Base name listed through a crafting recipe in Blizzard item guide; recipe bonuses excluded.","D:/Code/Core_Dark/tmp/extracted_text/Player_s_Guide_to_the_Western_Reaches_V1.json","110-111"
"Weapon","Morningstar","Diablo III","Imposing Flail","Weapons","Flail","Approximate","Flails use Morningstar as the nearest weighted-head weapon; this does not grant Razor chain reach.","Base","Base type (white/grey/blue)","https://eu.diablo3.blizzard.com/en-gb/artisan/blacksmith/recipe/magnificent-imposing-flail","Base name listed through a crafting recipe in Blizzard item guide; recipe bonuses excluded.","D:/Code/Core_Dark/tmp/extracted_text/Player_s_Guide_to_the_Western_Reaches_V1.json","110-111"
"Weapon","Morningstar","Diablo III","Iron Whip","Weapons","Flail","Approximate","Flails use Morningstar as the nearest weighted-head weapon; this does not grant Razor chain reach.","Base","Base type (white/grey/blue)","https://eu.diablo3.blizzard.com/en-gb/item/iron-whip-Flail_1H_002","","D:/Code/Core_Dark/tmp/extracted_text/Player_s_Guide_to_the_Western_Reaches_V1.json","110-111"
"Weapon","Morningstar","Diablo III","Knout","Weapons","Flail","Approximate","Flails use Morningstar as the nearest weighted-head weapon; this does not grant Razor chain reach.","Base","Base type (white/grey/blue)","https://eu.diablo3.blizzard.com/en-gb/item/knout-Flail_1H_202","","D:/Code/Core_Dark/tmp/extracted_text/Player_s_Guide_to_the_Western_Reaches_V1.json","110-111"
"Weapon","Morningstar","Diablo III","Painbringer","Weapons","Flail","Approximate","Flails use Morningstar as the nearest weighted-head weapon; this does not grant Razor chain reach.","Base","Base type (white/grey/blue)","https://eu.diablo3.blizzard.com/en-gb/artisan/blacksmith/recipe/glorious-knout","Base name listed through a crafting recipe in Blizzard item guide; recipe bonuses excluded.","D:/Code/Core_Dark/tmp/extracted_text/Player_s_Guide_to_the_Western_Reaches_V1.json","110-111"
"Weapon","Morningstar","Diablo III","Royal Guardian","Weapons","Flail","Approximate","Flails use Morningstar as the nearest weighted-head weapon; this does not grant Razor chain reach.","Base","Base type (white/grey/blue)","https://eu.diablo3.blizzard.com/en-gb/artisan/blacksmith/recipe/resplendent-royal-guardian","Base name listed through a crafting recipe in Blizzard item guide; recipe bonuses excluded.","D:/Code/Core_Dark/tmp/extracted_text/Player_s_Guide_to_the_Western_Reaches_V1.json","110-111"
"Weapon","Morningstar","Diablo III","Rusty Flail","Weapons","Flail","Approximate","Flails use Morningstar as the nearest weighted-head weapon; this does not grant Razor chain reach.","Base","Base type (white/grey/blue)","https://eu.diablo3.blizzard.com/en-gb/item/rusty-flail-Flail_1H_000","","D:/Code/Core_Dark/tmp/extracted_text/Player_s_Guide_to_the_Western_Reaches_V1.json","110-111"
"Weapon","Morningstar","Diablo III","Shredder","Weapons","Flail","Approximate","Flails use Morningstar as the nearest weighted-head weapon; this does not grant Razor chain reach.","Base","Base type (white/grey/blue)","https://eu.diablo3.blizzard.com/en-gb/artisan/blacksmith/recipe/illustrious-shredder","Base name listed through a crafting recipe in Blizzard item guide; recipe bonuses excluded.","D:/Code/Core_Dark/tmp/extracted_text/Player_s_Guide_to_the_Western_Reaches_V1.json","110-111"
"Weapon","Morningstar","Diablo III","Spiked Flail","Weapons","Flail","Approximate","Flails use Morningstar as the nearest weighted-head weapon; this does not grant Razor chain reach.","Base","Base type (white/grey/blue)","https://eu.diablo3.blizzard.com/en-gb/item/spiked-flail-Flail_1H_001","","D:/Code/Core_Dark/tmp/extracted_text/Player_s_Guide_to_the_Western_Reaches_V1.json","110-111"
"Weapon","Morningstar","Diablo III","Thresher","Weapons","Flail","Approximate","Flails use Morningstar as the nearest weighted-head weapon; this does not grant Razor chain reach.","Base","Base type (white/grey/blue)","https://eu.diablo3.blizzard.com/en-gb/artisan/blacksmith/recipe/journeyman-thresher","Base name listed through a crafting recipe in Blizzard item guide; recipe bonuses excluded.","D:/Code/Core_Dark/tmp/extracted_text/Player_s_Guide_to_the_Western_Reaches_V1.json","110-111"
"Weapon","Morningstar","Diablo III","Wicked Flail","Weapons","Flail","Approximate","Flails use Morningstar as the nearest weighted-head weapon; this does not grant Razor chain reach.","Base","Base type (white/grey/blue)","https://eu.diablo3.blizzard.com/en-gb/artisan/blacksmith/recipe/exalted-wicked-flail","Base name listed through a crafting recipe in Blizzard item guide; recipe bonuses excluded.","D:/Code/Core_Dark/tmp/extracted_text/Player_s_Guide_to_the_Western_Reaches_V1.json","110-111"
"Weapon","Morningstar","Diablo III","Morning Star","Weapons","Mace","Equivalent family","Uses the nearest weapon family from the guide; Diablo bonuses and damage are ignored.","Base","Base type (white/grey/blue)","https://eu.diablo3.blizzard.com/en-gb/item/morning-star-Mace_1H_003","","D:/Code/Core_Dark/tmp/extracted_text/Player_s_Guide_to_the_Western_Reaches_V1.json","110-111"
"Weapon","Morningstar","Diablo III","Angelic Flail","Weapons","Two-Handed Flail","Approximate","Flails use Morningstar as the nearest weighted-head weapon; this does not grant Razor chain reach.","Base","Base type (white/grey/blue)","https://eu.diablo3.blizzard.com/en-gb/item/angelic-flail-Flail_2H_105","","D:/Code/Core_Dark/tmp/extracted_text/Player_s_Guide_to_the_Western_Reaches_V1.json","110-111"
"Weapon","Morningstar","Diablo III","Angelic Grand Flail","Weapons","Two-Handed Flail","Approximate","Flails use Morningstar as the nearest weighted-head weapon; this does not grant Razor chain reach.","Base","Base type (white/grey/blue)","https://eu.diablo3.blizzard.com/en-gb/artisan/blacksmith/recipe/sovereign-grand-flail","Base name listed through a crafting recipe in Blizzard item guide; recipe bonuses excluded.","D:/Code/Core_Dark/tmp/extracted_text/Player_s_Guide_to_the_Western_Reaches_V1.json","110-111"
"Weapon","Morningstar","Diablo III","Baroque Grand Flail","Weapons","Two-Handed Flail","Approximate","Flails use Morningstar as the nearest weighted-head weapon; this does not grant Razor chain reach.","Base","Base type (white/grey/blue)","https://eu.diablo3.blizzard.com/en-gb/item/baroque-grand-flail-Flail_2H_204","","D:/Code/Core_Dark/tmp/extracted_text/Player_s_Guide_to_the_Western_Reaches_V1.json","110-111"
"Weapon","Morningstar","Diablo III","Battle Flail","Weapons","Two-Handed Flail","Approximate","Flails use Morningstar as the nearest weighted-head weapon; this does not grant Razor chain reach.","Base","Base type (white/grey/blue)","https://eu.diablo3.blizzard.com/en-gb/item/battle-flail-Flail_2H_002","","D:/Code/Core_Dark/tmp/extracted_text/Player_s_Guide_to_the_Western_Reaches_V1.json","110-111"
"Weapon","Morningstar","Diablo III","Bludgeoning Grand Flail","Weapons","Two-Handed Flail","Approximate","Flails use Morningstar as the nearest weighted-head weapon; this does not grant Razor chain reach.","Base","Base type (white/grey/blue)","https://eu.diablo3.blizzard.com/en-gb/item/bludgeoning-grand-flail-Flail_2H_202","","D:/Code/Core_Dark/tmp/extracted_text/Player_s_Guide_to_the_Western_Reaches_V1.json","110-111"
"Weapon","Morningstar","Diablo III","Campaigner's Grand Flail","Weapons","Two-Handed Flail","Approximate","Flails use Morningstar as the nearest weighted-head weapon; this does not grant Razor chain reach.","Base","Base type (white/grey/blue)","https://eu.diablo3.blizzard.com/en-gb/item/campaigners-grand-flail-Flail_2H_201","","D:/Code/Core_Dark/tmp/extracted_text/Player_s_Guide_to_the_Western_Reaches_V1.json","110-111"
"Weapon","Morningstar","Diablo III","Castigator","Weapons","Two-Handed Flail","Approximate","Flails use Morningstar as the nearest weighted-head weapon; this does not grant Razor chain reach.","Base","Base type (white/grey/blue)","https://eu.diablo3.blizzard.com/en-gb/item/castigator-Flail_2H_005","","D:/Code/Core_Dark/tmp/extracted_text/Player_s_Guide_to_the_Western_Reaches_V1.json","110-111"
"Weapon","Morningstar","Diablo III","Chang Xiao Bang","Weapons","Two-Handed Flail","Approximate","Flails use Morningstar as the nearest weighted-head weapon; this does not grant Razor chain reach.","Base","Base type (white/grey/blue)","https://eu.diablo3.blizzard.com/en-gb/item/chang-xiao-bang-Flail_2H_001","","D:/Code/Core_Dark/tmp/extracted_text/Player_s_Guide_to_the_Western_Reaches_V1.json","110-111"
"Weapon","Morningstar","Diablo III","Chigiriki","Weapons","Two-Handed Flail","Approximate","Flails use Morningstar as the nearest weighted-head weapon; this does not grant Razor chain reach.","Base","Base type (white/grey/blue)","https://eu.diablo3.blizzard.com/en-gb/item/chigiriki-Flail_2H_102","","D:/Code/Core_Dark/tmp/extracted_text/Player_s_Guide_to_the_Western_Reaches_V1.json","110-111"
"Weapon","Morningstar","Diablo III","Grand Flail","Weapons","Two-Handed Flail","Approximate","Flails use Morningstar as the nearest weighted-head weapon; this does not grant Razor chain reach.","Base","Base type (white/grey/blue)","https://eu.diablo3.blizzard.com/en-gb/item/grand-flail-Flail_2H_104","","D:/Code/Core_Dark/tmp/extracted_text/Player_s_Guide_to_the_Western_Reaches_V1.json","110-111"
"Weapon","Morningstar","Diablo III","Grand Thresher","Weapons","Two-Handed Flail","Approximate","Flails use Morningstar as the nearest weighted-head weapon; this does not grant Razor chain reach.","Base","Base type (white/grey/blue)","https://eu.diablo3.blizzard.com/en-gb/item/grand-thresher-Flail_2H_003","","D:/Code/Core_Dark/tmp/extracted_text/Player_s_Guide_to_the_Western_Reaches_V1.json","110-111"
"Weapon","Morningstar","Diablo III","Painbringer Grand Flail","Weapons","Two-Handed Flail","Approximate","Flails use Morningstar as the nearest weighted-head weapon; this does not grant Razor chain reach.","Base","Base type (white/grey/blue)","https://eu.diablo3.blizzard.com/en-gb/item/painbringer-grand-flail-Flail_2H_203","","D:/Code/Core_Dark/tmp/extracted_text/Player_s_Guide_to_the_Western_Reaches_V1.json","110-111"
"Weapon","Morningstar","Diablo III","Pyeongon","Weapons","Two-Handed Flail","Approximate","Flails use Morningstar as the nearest weighted-head weapon; this does not grant Razor chain reach.","Base","Base type (white/grey/blue)","https://eu.diablo3.blizzard.com/en-gb/item/pyeongon-Flail_2H_101","","D:/Code/Core_Dark/tmp/extracted_text/Player_s_Guide_to_the_Western_Reaches_V1.json","110-111"
"Weapon","Morningstar","Diablo III","Threshal","Weapons","Two-Handed Flail","Approximate","Flails use Morningstar as the nearest weighted-head weapon; this does not grant Razor chain reach.","Base","Base type (white/grey/blue)","https://eu.diablo3.blizzard.com/en-gb/item/threshal-Flail_2H_103","","D:/Code/Core_Dark/tmp/extracted_text/Player_s_Guide_to_the_Western_Reaches_V1.json","110-111"
"Weapon","Morningstar","Diablo III","Two-Handed Flail","Weapons","Two-Handed Flail","Approximate","Flails use Morningstar as the nearest weighted-head weapon; this does not grant Razor chain reach.","Base","Base type (white/grey/blue)","https://eu.diablo3.blizzard.com/en-gb/item/twohanded-flail-Flail_2H_004","","D:/Code/Core_Dark/tmp/extracted_text/Player_s_Guide_to_the_Western_Reaches_V1.json","110-111"
"Weapon","Morningstar","Diablo IV","Chain Mace","Weapons","Flail","Approximate","Flails use Morningstar as the nearest weighted-head weapon; this does not grant Razor chain reach.","Base","Common","https://docs.google.com/spreadsheets/d/1IC6VCLGzocHjHTGQHj3yPSY0KOVBY97jFOFQWvMSARs/edit","Source catalogue updated 2026-07-27; base game","D:/Code/Core_Dark/tmp/extracted_text/Player_s_Guide_to_the_Western_Reaches_V1.json","110-111"
"Weapon","Morningstar","Diablo IV","Dread Flail","Weapons","Flail","Approximate","Flails use Morningstar as the nearest weighted-head weapon; this does not grant Razor chain reach.","Base","Magic","https://docs.google.com/spreadsheets/d/1IC6VCLGzocHjHTGQHj3yPSY0KOVBY97jFOFQWvMSARs/edit","Source catalogue updated 2026-07-27; base game","D:/Code/Core_Dark/tmp/extracted_text/Player_s_Guide_to_the_Western_Reaches_V1.json","110-111"
"Weapon","Pike","Diablo II","Ceremonial Pike","Weapons","Amazon weapon","Equivalent family","Uses the nearest weapon family from the guide; Diablo bonuses and damage are ignored.","Exceptional","Normal / Magic","https://classic.battle.net/diablo2exp/items/exceptional/amazonweapons.shtml","","D:/Code/Core_Dark/tmp/extracted_text/Player_s_Guide_to_the_Western_Reaches_V1.json","110-111"
"Weapon","Pike","Diablo II","Maiden Pike","Weapons","Amazon weapon","Equivalent family","Uses the nearest weapon family from the guide; Diablo bonuses and damage are ignored.","Normal","Normal / Magic","https://classic.battle.net/diablo2exp/items/normal/amazonweapons.shtml","","D:/Code/Core_Dark/tmp/extracted_text/Player_s_Guide_to_the_Western_Reaches_V1.json","110-111"
"Weapon","Pike","Diablo II","Matriarchal Pike","Weapons","Amazon weapon","Equivalent family","Uses the nearest weapon family from the guide; Diablo bonuses and damage are ignored.","Elite","Normal / Magic","https://classic.battle.net/diablo2exp/items/elite/amazonweapons.shtml","","D:/Code/Core_Dark/tmp/extracted_text/Player_s_Guide_to_the_Western_Reaches_V1.json","110-111"
"Weapon","Pike","Diablo II","Bardiche","Weapons","Polearm","Approximate","Reach/pole weapon approximation. Scythes, halberds and glaives are absent from the guide; use Pike as a reskin.","Normal","Normal / Magic","https://classic.battle.net/diablo2exp/items/normal/polearms.shtml","","D:/Code/Core_Dark/tmp/extracted_text/Player_s_Guide_to_the_Western_Reaches_V1.json","110-111"
"Weapon","Pike","Diablo II","Battle Scythe","Weapons","Polearm","Approximate","Reach/pole weapon approximation. Scythes, halberds and glaives are absent from the guide; use Pike as a reskin.","Exceptional","Normal / Magic","https://classic.battle.net/diablo2exp/items/exceptional/polearms.shtml","","D:/Code/Core_Dark/tmp/extracted_text/Player_s_Guide_to_the_Western_Reaches_V1.json","110-111"
"Weapon","Pike","Diablo II","Bec-De-Corbin","Weapons","Polearm","Approximate","Reach/pole weapon approximation. Scythes, halberds and glaives are absent from the guide; use Pike as a reskin.","Exceptional","Normal / Magic","https://classic.battle.net/diablo2exp/items/exceptional/polearms.shtml","","D:/Code/Core_Dark/tmp/extracted_text/Player_s_Guide_to_the_Western_Reaches_V1.json","110-111"
"Weapon","Pike","Diablo II","Bill","Weapons","Polearm","Approximate","Reach/pole weapon approximation. Scythes, halberds and glaives are absent from the guide; use Pike as a reskin.","Exceptional","Normal / Magic","https://classic.battle.net/diablo2exp/items/exceptional/polearms.shtml","","D:/Code/Core_Dark/tmp/extracted_text/Player_s_Guide_to_the_Western_Reaches_V1.json","110-111"
"Weapon","Pike","Diablo II","Colossus Voulge","Weapons","Polearm","Approximate","Reach/pole weapon approximation. Scythes, halberds and glaives are absent from the guide; use Pike as a reskin.","Elite","Normal / Magic","https://classic.battle.net/diablo2exp/items/elite/polearms.shtml","","D:/Code/Core_Dark/tmp/extracted_text/Player_s_Guide_to_the_Western_Reaches_V1.json","110-111"
"Weapon","Pike","Diablo II","Cryptic Axe","Weapons","Polearm","Approximate","Reach/pole weapon approximation. Scythes, halberds and glaives are absent from the guide; use Pike as a reskin.","Elite","Normal / Magic","https://classic.battle.net/diablo2exp/items/elite/polearms.shtml","","D:/Code/Core_Dark/tmp/extracted_text/Player_s_Guide_to_the_Western_Reaches_V1.json","110-111"
"Weapon","Pike","Diablo II","Giant Thresher","Weapons","Polearm","Approximate","Reach/pole weapon approximation. Scythes, halberds and glaives are absent from the guide; use Pike as a reskin.","Elite","Normal / Magic","https://classic.battle.net/diablo2exp/items/elite/polearms.shtml","","D:/Code/Core_Dark/tmp/extracted_text/Player_s_Guide_to_the_Western_Reaches_V1.json","110-111"
"Weapon","Pike","Diablo II","Great Poleaxe","Weapons","Polearm","Approximate","Reach/pole weapon approximation. Scythes, halberds and glaives are absent from the guide; use Pike as a reskin.","Elite","Normal / Magic","https://classic.battle.net/diablo2exp/items/elite/polearms.shtml","","D:/Code/Core_Dark/tmp/extracted_text/Player_s_Guide_to_the_Western_Reaches_V1.json","110-111"
"Weapon","Pike","Diablo II","Grim Scythe","Weapons","Polearm","Approximate","Reach/pole weapon approximation. Scythes, halberds and glaives are absent from the guide; use Pike as a reskin.","Exceptional","Normal / Magic","https://classic.battle.net/diablo2exp/items/exceptional/polearms.shtml","","D:/Code/Core_Dark/tmp/extracted_text/Player_s_Guide_to_the_Western_Reaches_V1.json","110-111"
"Weapon","Pike","Diablo II","Halberd","Weapons","Polearm","Approximate","Reach/pole weapon approximation. Scythes, halberds and glaives are absent from the guide; use Pike as a reskin.","Normal","Normal / Magic","https://classic.battle.net/diablo2exp/items/normal/polearms.shtml","","D:/Code/Core_Dark/tmp/extracted_text/Player_s_Guide_to_the_Western_Reaches_V1.json","110-111"
"Weapon","Pike","Diablo II","Lochaber Axe","Weapons","Polearm","Approximate","Reach/pole weapon approximation. Scythes, halberds and glaives are absent from the guide; use Pike as a reskin.","Exceptional","Normal / Magic","https://classic.battle.net/diablo2exp/items/exceptional/polearms.shtml","","D:/Code/Core_Dark/tmp/extracted_text/Player_s_Guide_to_the_Western_Reaches_V1.json","110-111"
"Weapon","Pike","Diablo II","Ogre Axe","Weapons","Polearm","Approximate","Reach/pole weapon approximation. Scythes, halberds and glaives are absent from the guide; use Pike as a reskin.","Elite","Normal / Magic","https://classic.battle.net/diablo2exp/items/elite/polearms.shtml","","D:/Code/Core_Dark/tmp/extracted_text/Player_s_Guide_to_the_Western_Reaches_V1.json","110-111"
"Weapon","Pike","Diablo II","Partizan","Weapons","Polearm","Approximate","Reach/pole weapon approximation. Scythes, halberds and glaives are absent from the guide; use Pike as a reskin.","Exceptional","Normal / Magic","https://classic.battle.net/diablo2exp/items/exceptional/polearms.shtml","","D:/Code/Core_Dark/tmp/extracted_text/Player_s_Guide_to_the_Western_Reaches_V1.json","110-111"
"Weapon","Pike","Diablo II","Poleaxe","Weapons","Polearm","Approximate","Reach/pole weapon approximation. Scythes, halberds and glaives are absent from the guide; use Pike as a reskin.","Normal","Normal / Magic","https://classic.battle.net/diablo2exp/items/normal/polearms.shtml","","D:/Code/Core_Dark/tmp/extracted_text/Player_s_Guide_to_the_Western_Reaches_V1.json","110-111"
"Weapon","Pike","Diablo II","Scythe","Weapons","Polearm","Approximate","Reach/pole weapon approximation. Scythes, halberds and glaives are absent from the guide; use Pike as a reskin.","Normal","Normal / Magic","https://classic.battle.net/diablo2exp/items/normal/polearms.shtml","","D:/Code/Core_Dark/tmp/extracted_text/Player_s_Guide_to_the_Western_Reaches_V1.json","110-111"
"Weapon","Pike","Diablo II","Thresher","Weapons","Polearm","Approximate","Reach/pole weapon approximation. Scythes, halberds and glaives are absent from the guide; use Pike as a reskin.","Elite","Normal / Magic","https://classic.battle.net/diablo2exp/items/elite/polearms.shtml","","D:/Code/Core_Dark/tmp/extracted_text/Player_s_Guide_to_the_Western_Reaches_V1.json","110-111"
"Weapon","Pike","Diablo II","Voulge","Weapons","Polearm","Approximate","Reach/pole weapon approximation. Scythes, halberds and glaives are absent from the guide; use Pike as a reskin.","Normal","Normal / Magic","https://classic.battle.net/diablo2exp/items/normal/polearms.shtml","","D:/Code/Core_Dark/tmp/extracted_text/Player_s_Guide_to_the_Western_Reaches_V1.json","110-111"
"Weapon","Pike","Diablo II","War Scythe","Weapons","Polearm","Approximate","Reach/pole weapon approximation. Scythes, halberds and glaives are absent from the guide; use Pike as a reskin.","Normal","Normal / Magic","https://classic.battle.net/diablo2exp/items/normal/polearms.shtml","","D:/Code/Core_Dark/tmp/extracted_text/Player_s_Guide_to_the_Western_Reaches_V1.json","110-111"
"Weapon","Pike","Diablo II","Pike","Weapons","Spear","Equivalent family","Uses the nearest weapon family from the guide; Diablo bonuses and damage are ignored.","Normal","Normal / Magic","https://classic.battle.net/diablo2exp/items/normal/spears.shtml","","D:/Code/Core_Dark/tmp/extracted_text/Player_s_Guide_to_the_Western_Reaches_V1.json","110-111"
"Weapon","Pike","Diablo II","Stygian Pike","Weapons","Spear","Equivalent family","Uses the nearest weapon family from the guide; Diablo bonuses and damage are ignored.","Elite","Normal / Magic","https://classic.battle.net/diablo2exp/items/elite/spears.shtml","","D:/Code/Core_Dark/tmp/extracted_text/Player_s_Guide_to_the_Western_Reaches_V1.json","110-111"
"Weapon","Pike","Diablo II","War Pike","Weapons","Spear","Equivalent family","Uses the nearest weapon family from the guide; Diablo bonuses and damage are ignored.","Elite","Normal / Magic","https://classic.battle.net/diablo2exp/items/elite/spears.shtml","","D:/Code/Core_Dark/tmp/extracted_text/Player_s_Guide_to_the_Western_Reaches_V1.json","110-111"
"Weapon","Pike","Diablo III","Bardiche","Weapons","Polearm","Approximate","Reach/pole weapon approximation. Scythes, halberds and glaives are absent from the guide; use Pike as a reskin.","Base","Base type (white/grey/blue)","https://eu.diablo3.blizzard.com/en-gb/item/bardiche-Polearm_001","","D:/Code/Core_Dark/tmp/extracted_text/Player_s_Guide_to_the_Western_Reaches_V1.json","110-111"
"Weapon","Pike","Diablo III","Battle Hache","Weapons","Polearm","Approximate","Reach/pole weapon approximation. Scythes, halberds and glaives are absent from the guide; use Pike as a reskin.","Base","Base type (white/grey/blue)","https://eu.diablo3.blizzard.com/en-gb/item/battle-hache-Polearm_104","","D:/Code/Core_Dark/tmp/extracted_text/Player_s_Guide_to_the_Western_Reaches_V1.json","110-111"
"Weapon","Pike","Diablo III","Battle Halberd","Weapons","Polearm","Approximate","Reach/pole weapon approximation. Scythes, halberds and glaives are absent from the guide; use Pike as a reskin.","Base","Base type (white/grey/blue)","https://eu.diablo3.blizzard.com/en-gb/item/battle-halberd-Polearm_107","","D:/Code/Core_Dark/tmp/extracted_text/Player_s_Guide_to_the_Western_Reaches_V1.json","110-111"
"Weapon","Pike","Diablo III","Bisento","Weapons","Polearm","Approximate","Reach/pole weapon approximation. Scythes, halberds and glaives are absent from the guide; use Pike as a reskin.","Base","Base type (white/grey/blue)","https://eu.diablo3.blizzard.com/en-gb/item/bisento-Polearm_105","","D:/Code/Core_Dark/tmp/extracted_text/Player_s_Guide_to_the_Western_Reaches_V1.json","110-111"
"Weapon","Pike","Diablo III","Croc","Weapons","Polearm","Approximate","Reach/pole weapon approximation. Scythes, halberds and glaives are absent from the guide; use Pike as a reskin.","Base","Base type (white/grey/blue)","https://eu.diablo3.blizzard.com/en-gb/item/croc-Polearm_103","","D:/Code/Core_Dark/tmp/extracted_text/Player_s_Guide_to_the_Western_Reaches_V1.json","110-111"
"Weapon","Pike","Diablo III","Fauchard","Weapons","Polearm","Approximate","Reach/pole weapon approximation. Scythes, halberds and glaives are absent from the guide; use Pike as a reskin.","Base","Base type (white/grey/blue)","https://eu.diablo3.blizzard.com/en-gb/item/fauchard-Polearm_202","","D:/Code/Core_Dark/tmp/extracted_text/Player_s_Guide_to_the_Western_Reaches_V1.json","110-111"
"Weapon","Pike","Diablo III","Glaive","Weapons","Polearm","Approximate","Reach/pole weapon approximation. Scythes, halberds and glaives are absent from the guide; use Pike as a reskin.","Base","Base type (white/grey/blue)","https://eu.diablo3.blizzard.com/en-gb/item/glaive-Polearm_005","","D:/Code/Core_Dark/tmp/extracted_text/Player_s_Guide_to_the_Western_Reaches_V1.json","110-111"
"Weapon","Pike","Diablo III","Grand Halberd","Weapons","Polearm","Approximate","Reach/pole weapon approximation. Scythes, halberds and glaives are absent from the guide; use Pike as a reskin.","Base","Base type (white/grey/blue)","https://eu.diablo3.blizzard.com/en-gb/item/grand-halberd-Polearm_207","","D:/Code/Core_Dark/tmp/extracted_text/Player_s_Guide_to_the_Western_Reaches_V1.json","110-111"
"Weapon","Pike","Diablo III","Great Pole Axe","Weapons","Polearm","Approximate","Reach/pole weapon approximation. Scythes, halberds and glaives are absent from the guide; use Pike as a reskin.","Base","Base type (white/grey/blue)","https://eu.diablo3.blizzard.com/en-gb/item/great-pole-axe-Polearm_106","","D:/Code/Core_Dark/tmp/extracted_text/Player_s_Guide_to_the_Western_Reaches_V1.json","110-111"
"Weapon","Pike","Diablo III","Guisarme","Weapons","Polearm","Approximate","Reach/pole weapon approximation. Scythes, halberds and glaives are absent from the guide; use Pike as a reskin.","Base","Base type (white/grey/blue)","https://eu.diablo3.blizzard.com/en-gb/item/guisarme-Polearm_003","","D:/Code/Core_Dark/tmp/extracted_text/Player_s_Guide_to_the_Western_Reaches_V1.json","110-111"
"Weapon","Pike","Diablo III","Hache","Weapons","Polearm","Approximate","Reach/pole weapon approximation. Scythes, halberds and glaives are absent from the guide; use Pike as a reskin.","Base","Base type (white/grey/blue)","https://eu.diablo3.blizzard.com/en-gb/item/hache-Polearm_004","","D:/Code/Core_Dark/tmp/extracted_text/Player_s_Guide_to_the_Western_Reaches_V1.json","110-111"
"Weapon","Pike","Diablo III","Halberd","Weapons","Polearm","Approximate","Reach/pole weapon approximation. Scythes, halberds and glaives are absent from the guide; use Pike as a reskin.","Base","Base type (white/grey/blue)","https://eu.diablo3.blizzard.com/en-gb/item/halberd-Polearm_007","","D:/Code/Core_Dark/tmp/extracted_text/Player_s_Guide_to_the_Western_Reaches_V1.json","110-111"
"Weapon","Pike","Diablo III","Kwan Dao","Weapons","Polearm","Approximate","Reach/pole weapon approximation. Scythes, halberds and glaives are absent from the guide; use Pike as a reskin.","Base","Base type (white/grey/blue)","https://eu.diablo3.blizzard.com/en-gb/item/kwan-dao-Polearm_205","","D:/Code/Core_Dark/tmp/extracted_text/Player_s_Guide_to_the_Western_Reaches_V1.json","110-111"
"Weapon","Pike","Diablo III","Lochaber Axe","Weapons","Polearm","Approximate","Reach/pole weapon approximation. Scythes, halberds and glaives are absent from the guide; use Pike as a reskin.","Base","Base type (white/grey/blue)","https://eu.diablo3.blizzard.com/en-gb/item/lochaber-axe-Polearm_201","","D:/Code/Core_Dark/tmp/extracted_text/Player_s_Guide_to_the_Western_Reaches_V1.json","110-111"
"Weapon","Pike","Diablo III","Naginata","Weapons","Polearm","Approximate","Reach/pole weapon approximation. Scythes, halberds and glaives are absent from the guide; use Pike as a reskin.","Base","Base type (white/grey/blue)","https://eu.diablo3.blizzard.com/en-gb/item/naginata-Polearm_102","","D:/Code/Core_Dark/tmp/extracted_text/Player_s_Guide_to_the_Western_Reaches_V1.json","110-111"
"Weapon","Pike","Diablo III","Partizan","Weapons","Polearm","Approximate","Reach/pole weapon approximation. Scythes, halberds and glaives are absent from the guide; use Pike as a reskin.","Base","Base type (white/grey/blue)","https://eu.diablo3.blizzard.com/en-gb/item/partizan-Polearm_108","","D:/Code/Core_Dark/tmp/extracted_text/Player_s_Guide_to_the_Western_Reaches_V1.json","110-111"
"Weapon","Pike","Diablo III","Pike","Weapons","Polearm","Approximate","Reach/pole weapon approximation. Scythes, halberds and glaives are absent from the guide; use Pike as a reskin.","Base","Base type (white/grey/blue)","https://eu.diablo3.blizzard.com/en-gb/item/pike-Polearm_002","","D:/Code/Core_Dark/tmp/extracted_text/Player_s_Guide_to_the_Western_Reaches_V1.json","110-111"
"Weapon","Pike","Diablo III","Pole Axe","Weapons","Polearm","Approximate","Reach/pole weapon approximation. Scythes, halberds and glaives are absent from the guide; use Pike as a reskin.","Base","Base type (white/grey/blue)","https://eu.diablo3.blizzard.com/en-gb/item/pole-axe-Polearm_006","","D:/Code/Core_Dark/tmp/extracted_text/Player_s_Guide_to_the_Western_Reaches_V1.json","110-111"
"Weapon","Pike","Diablo III","Skewer","Weapons","Polearm","Approximate","Reach/pole weapon approximation. Scythes, halberds and glaives are absent from the guide; use Pike as a reskin.","Base","Base type (white/grey/blue)","https://eu.diablo3.blizzard.com/en-gb/item/skewer-Polearm_203","","D:/Code/Core_Dark/tmp/extracted_text/Player_s_Guide_to_the_Western_Reaches_V1.json","110-111"
"Weapon","Pike","Diablo III","Trident","Weapons","Polearm","Approximate","Reach/pole weapon approximation. Scythes, halberds and glaives are absent from the guide; use Pike as a reskin.","Base","Base type (white/grey/blue)","https://eu.diablo3.blizzard.com/en-gb/item/trident-Polearm_301","","D:/Code/Core_Dark/tmp/extracted_text/Player_s_Guide_to_the_Western_Reaches_V1.json","110-111"
"Weapon","Pike","Diablo III","Trishula","Weapons","Polearm","Approximate","Reach/pole weapon approximation. Scythes, halberds and glaives are absent from the guide; use Pike as a reskin.","Base","Base type (white/grey/blue)","https://eu.diablo3.blizzard.com/en-gb/artisan/blacksmith/recipe/sovereign-infernal-polearm","Base name listed through a crafting recipe in Blizzard item guide; recipe bonuses excluded.","D:/Code/Core_Dark/tmp/extracted_text/Player_s_Guide_to_the_Western_Reaches_V1.json","110-111"
"Weapon","Pike","Diablo III","Voulge","Weapons","Polearm","Approximate","Reach/pole weapon approximation. Scythes, halberds and glaives are absent from the guide; use Pike as a reskin.","Base","Base type (white/grey/blue)","https://eu.diablo3.blizzard.com/en-gb/item/voulge-Polearm_101","","D:/Code/Core_Dark/tmp/extracted_text/Player_s_Guide_to_the_Western_Reaches_V1.json","110-111"
"Weapon","Pike","Diablo III","War Crest","Weapons","Polearm","Approximate","Reach/pole weapon approximation. Scythes, halberds and glaives are absent from the guide; use Pike as a reskin.","Base","Base type (white/grey/blue)","https://eu.diablo3.blizzard.com/en-gb/item/war-crest-Polearm_204","","D:/Code/Core_Dark/tmp/extracted_text/Player_s_Guide_to_the_Western_Reaches_V1.json","110-111"
"Weapon","Pike","Diablo III","War Thresher","Weapons","Polearm","Approximate","Reach/pole weapon approximation. Scythes, halberds and glaives are absent from the guide; use Pike as a reskin.","Base","Base type (white/grey/blue)","https://eu.diablo3.blizzard.com/en-gb/item/war-thresher-Polearm_206","","D:/Code/Core_Dark/tmp/extracted_text/Player_s_Guide_to_the_Western_Reaches_V1.json","110-111"
"Weapon","Pike","Diablo III","Farmer's Scythe","Weapons","Two-Handed Scythe","Approximate","Reach/pole weapon approximation. Scythes, halberds and glaives are absent from the guide; use Pike as a reskin.","Base","Base type (white/grey/blue)","https://eu.diablo3.blizzard.com/en-gb/item/farmers-scythe-Scythe_2H_002_t4","","D:/Code/Core_Dark/tmp/extracted_text/Player_s_Guide_to_the_Western_Reaches_V1.json","110-111"
"Weapon","Pike","Diablo III","Fauchard","Weapons","Two-Handed Scythe","Approximate","Reach/pole weapon approximation. Scythes, halberds and glaives are absent from the guide; use Pike as a reskin.","Base","Base type (white/grey/blue)","https://eu.diablo3.blizzard.com/en-gb/item/fauchard-Scythe_2H_001_t3","","D:/Code/Core_Dark/tmp/extracted_text/Player_s_Guide_to_the_Western_Reaches_V1.json","110-111"
"Weapon","Pike","Diablo III","Gleaming Scythe","Weapons","Two-Handed Scythe","Approximate","Reach/pole weapon approximation. Scythes, halberds and glaives are absent from the guide; use Pike as a reskin.","Base","Base type (white/grey/blue)","https://eu.diablo3.blizzard.com/en-gb/item/gleaming-scythe-Scythe_2H_002_t6","","D:/Code/Core_Dark/tmp/extracted_text/Player_s_Guide_to_the_Western_Reaches_V1.json","110-111"
"Weapon","Pike","Diablo III","Kontos","Weapons","Two-Handed Scythe","Approximate","Reach/pole weapon approximation. Scythes, halberds and glaives are absent from the guide; use Pike as a reskin.","Base","Base type (white/grey/blue)","https://eu.diablo3.blizzard.com/en-gb/artisan/blacksmith/recipe/glorious-guillotine","Base name listed through a crafting recipe in Blizzard item guide; recipe bonuses excluded.","D:/Code/Core_Dark/tmp/extracted_text/Player_s_Guide_to_the_Western_Reaches_V1.json","110-111"
"Weapon","Pike","Diablo III","Kusa Scythe","Weapons","Two-Handed Scythe","Approximate","Reach/pole weapon approximation. Scythes, halberds and glaives are absent from the guide; use Pike as a reskin.","Base","Base type (white/grey/blue)","https://eu.diablo3.blizzard.com/en-gb/artisan/blacksmith/recipe/apprentice-cleave","Base name listed through a crafting recipe in Blizzard item guide; recipe bonuses excluded.","D:/Code/Core_Dark/tmp/extracted_text/Player_s_Guide_to_the_Western_Reaches_V1.json","110-111"
"Weapon","Pike","Diablo III","Kwan Tou","Weapons","Two-Handed Scythe","Approximate","Reach/pole weapon approximation. Scythes, halberds and glaives are absent from the guide; use Pike as a reskin.","Base","Base type (white/grey/blue)","https://eu.diablo3.blizzard.com/en-gb/item/kwan-tou-Scythe_2H_002_t8","","D:/Code/Core_Dark/tmp/extracted_text/Player_s_Guide_to_the_Western_Reaches_V1.json","110-111"
"Weapon","Pike","Diablo III","Reaping Scythe","Weapons","Two-Handed Scythe","Approximate","Reach/pole weapon approximation. Scythes, halberds and glaives are absent from the guide; use Pike as a reskin.","Base","Base type (white/grey/blue)","https://eu.diablo3.blizzard.com/en-gb/item/reaping-scythe-Scythe_2H_002_t7","","D:/Code/Core_Dark/tmp/extracted_text/Player_s_Guide_to_the_Western_Reaches_V1.json","110-111"
"Weapon","Pike","Diablo III","Rhomphaia","Weapons","Two-Handed Scythe","Approximate","Reach/pole weapon approximation. Scythes, halberds and glaives are absent from the guide; use Pike as a reskin.","Base","Base type (white/grey/blue)","https://eu.diablo3.blizzard.com/en-gb/item/rhomphaia-Scythe_2H_002_t2","","D:/Code/Core_Dark/tmp/extracted_text/Player_s_Guide_to_the_Western_Reaches_V1.json","110-111"
"Weapon","Pike","Diablo III","Sawtooth Scythe","Weapons","Two-Handed Scythe","Approximate","Reach/pole weapon approximation. Scythes, halberds and glaives are absent from the guide; use Pike as a reskin.","Base","Base type (white/grey/blue)","https://eu.diablo3.blizzard.com/en-gb/artisan/blacksmith/recipe/sovereign-scythe","Base name listed through a crafting recipe in Blizzard item guide; recipe bonuses excluded.","D:/Code/Core_Dark/tmp/extracted_text/Player_s_Guide_to_the_Western_Reaches_V1.json","110-111"
"Weapon","Pike","Diablo III","Sharp Scythe","Weapons","Two-Handed Scythe","Approximate","Reach/pole weapon approximation. Scythes, halberds and glaives are absent from the guide; use Pike as a reskin.","Base","Base type (white/grey/blue)","https://eu.diablo3.blizzard.com/en-gb/item/sharp-scythe-Scythe_2H_001_t2","","D:/Code/Core_Dark/tmp/extracted_text/Player_s_Guide_to_the_Western_Reaches_V1.json","110-111"
"Weapon","Pike","Diablo III","Sparr","Weapons","Two-Handed Scythe","Approximate","Reach/pole weapon approximation. Scythes, halberds and glaives are absent from the guide; use Pike as a reskin.","Base","Base type (white/grey/blue)","https://eu.diablo3.blizzard.com/en-gb/item/sparr-Scythe_2H_002_t5","","D:/Code/Core_Dark/tmp/extracted_text/Player_s_Guide_to_the_Western_Reaches_V1.json","110-111"
"Weapon","Pike","Diablo III","Steel Scythe","Weapons","Two-Handed Scythe","Approximate","Reach/pole weapon approximation. Scythes, halberds and glaives are absent from the guide; use Pike as a reskin.","Base","Base type (white/grey/blue)","https://eu.diablo3.blizzard.com/en-gb/item/steel-scythe-Scythe_2H_002_t3","","D:/Code/Core_Dark/tmp/extracted_text/Player_s_Guide_to_the_Western_Reaches_V1.json","110-111"
"Weapon","Pike","Diablo III","Sudlice","Weapons","Two-Handed Scythe","Approximate","Reach/pole weapon approximation. Scythes, halberds and glaives are absent from the guide; use Pike as a reskin.","Base","Base type (white/grey/blue)","https://eu.diablo3.blizzard.com/en-gb/item/sudlice-Scythe_2H_001_t4","","D:/Code/Core_Dark/tmp/extracted_text/Player_s_Guide_to_the_Western_Reaches_V1.json","110-111"
"Weapon","Pike","Diablo III","Usata Sudlice","Weapons","Two-Handed Scythe","Approximate","Reach/pole weapon approximation. Scythes, halberds and glaives are absent from the guide; use Pike as a reskin.","Base","Base type (white/grey/blue)","https://eu.diablo3.blizzard.com/en-gb/artisan/blacksmith/recipe/illustrious-shear","Base name listed through a crafting recipe in Blizzard item guide; recipe bonuses excluded.","D:/Code/Core_Dark/tmp/extracted_text/Player_s_Guide_to_the_Western_Reaches_V1.json","110-111"
"Weapon","Pike","Diablo IV","Heavy Scythe","Weapons","2H Scythe","Approximate","Reach/pole weapon approximation. Scythes, halberds and glaives are absent from the guide; use Pike as a reskin.","Base","Magic","https://docs.google.com/spreadsheets/d/1IC6VCLGzocHjHTGQHj3yPSY0KOVBY97jFOFQWvMSARs/edit","Source catalogue updated 2026-07-27; base game","D:/Code/Core_Dark/tmp/extracted_text/Player_s_Guide_to_the_Western_Reaches_V1.json","110-111"
"Weapon","Pike","Diablo IV","Scythe","Weapons","2H Scythe","Approximate","Reach/pole weapon approximation. Scythes, halberds and glaives are absent from the guide; use Pike as a reskin.","Base","Common / Magic","https://docs.google.com/spreadsheets/d/1IC6VCLGzocHjHTGQHj3yPSY0KOVBY97jFOFQWvMSARs/edit","Source catalogue updated 2026-07-27; base game","D:/Code/Core_Dark/tmp/extracted_text/Player_s_Guide_to_the_Western_Reaches_V1.json","110-111"
"Weapon","Pike","Diablo IV","Basic Glaive","Weapons","Glaive","Approximate","Reach/pole weapon approximation. Scythes, halberds and glaives are absent from the guide; use Pike as a reskin.","Base","Common / Magic","https://docs.google.com/spreadsheets/d/1IC6VCLGzocHjHTGQHj3yPSY0KOVBY97jFOFQWvMSARs/edit","Source catalogue updated 2026-07-27; Vessel of Hatred","D:/Code/Core_Dark/tmp/extracted_text/Player_s_Guide_to_the_Western_Reaches_V1.json","110-111"
"Weapon","Pike","Diablo IV","Hooked Glaive","Weapons","Glaive","Approximate","Reach/pole weapon approximation. Scythes, halberds and glaives are absent from the guide; use Pike as a reskin.","Base","Magic","https://docs.google.com/spreadsheets/d/1IC6VCLGzocHjHTGQHj3yPSY0KOVBY97jFOFQWvMSARs/edit","Source catalogue updated 2026-07-27; Vessel of Hatred","D:/Code/Core_Dark/tmp/extracted_text/Player_s_Guide_to_the_Western_Reaches_V1.json","110-111"
"Weapon","Pike","Diablo IV","Serrated Glaive","Weapons","Glaive","Approximate","Reach/pole weapon approximation. Scythes, halberds and glaives are absent from the guide; use Pike as a reskin.","Base","Magic","https://docs.google.com/spreadsheets/d/1IC6VCLGzocHjHTGQHj3yPSY0KOVBY97jFOFQWvMSARs/edit","Source catalogue updated 2026-07-27; Vessel of Hatred","D:/Code/Core_Dark/tmp/extracted_text/Player_s_Guide_to_the_Western_Reaches_V1.json","110-111"
"Weapon","Pike","Diablo IV","Bardiche","Weapons","Polearm","Approximate","Reach/pole weapon approximation. Scythes, halberds and glaives are absent from the guide; use Pike as a reskin.","Base","Magic","https://docs.google.com/spreadsheets/d/1IC6VCLGzocHjHTGQHj3yPSY0KOVBY97jFOFQWvMSARs/edit","Source catalogue updated 2026-07-27; base game","D:/Code/Core_Dark/tmp/extracted_text/Player_s_Guide_to_the_Western_Reaches_V1.json","110-111"
"Weapon","Pike","Diablo IV","Boar Spear","Weapons","Polearm","Approximate","Reach/pole weapon approximation. Scythes, halberds and glaives are absent from the guide; use Pike as a reskin.","Base","Common","https://docs.google.com/spreadsheets/d/1IC6VCLGzocHjHTGQHj3yPSY0KOVBY97jFOFQWvMSARs/edit","Source catalogue updated 2026-07-27; base game","D:/Code/Core_Dark/tmp/extracted_text/Player_s_Guide_to_the_Western_Reaches_V1.json","110-111"
"Weapon","Pike","Diablo IV","Polearm","Weapons","Polearm","Approximate","Reach/pole weapon approximation. Scythes, halberds and glaives are absent from the guide; use Pike as a reskin.","Base","Magic","https://docs.google.com/spreadsheets/d/1IC6VCLGzocHjHTGQHj3yPSY0KOVBY97jFOFQWvMSARs/edit","Source catalogue updated 2026-07-27; base game","D:/Code/Core_Dark/tmp/extracted_text/Player_s_Guide_to_the_Western_Reaches_V1.json","110-111"
"Weapon","Pike","Diablo IV","Sword-Staff","Weapons","Polearm","Approximate","Reach/pole weapon approximation. Scythes, halberds and glaives are absent from the guide; use Pike as a reskin.","Base","Magic","https://docs.google.com/spreadsheets/d/1IC6VCLGzocHjHTGQHj3yPSY0KOVBY97jFOFQWvMSARs/edit","Source catalogue updated 2026-07-27; base game","D:/Code/Core_Dark/tmp/extracted_text/Player_s_Guide_to_the_Western_Reaches_V1.json","110-111"
"Weapon","Scimitar","Diablo I","Sabre","Weapons","Sword","Equivalent family","Uses the nearest weapon family from the guide; Diablo bonuses and damage are ignored.","Base","Normal / Magic","https://diablo.fandom.com/wiki/Sabre_(Diablo_I)","","D:/Code/Core_Dark/tmp/extracted_text/Player_s_Guide_to_the_Western_Reaches_V1.json","110-111"
"Weapon","Scimitar","Diablo I","Scimitar","Weapons","Sword","Equivalent family","Uses the nearest weapon family from the guide; Diablo bonuses and damage are ignored.","Base","Normal / Magic","https://www.lurkerlounge.com/diablo/jarulf/jarulf162.pdf","","D:/Code/Core_Dark/tmp/extracted_text/Player_s_Guide_to_the_Western_Reaches_V1.json","110-111"
"Weapon","Scimitar","Diablo II","Ataghan","Weapons","Sword","Equivalent family","Uses the nearest weapon family from the guide; Diablo bonuses and damage are ignored.","Elite","Normal / Magic","https://classic.battle.net/diablo2exp/items/elite/swords.shtml","","D:/Code/Core_Dark/tmp/extracted_text/Player_s_Guide_to_the_Western_Reaches_V1.json","110-111"
"Weapon","Scimitar","Diablo II","Cutlass","Weapons","Sword","Equivalent family","Uses the nearest weapon family from the guide; Diablo bonuses and damage are ignored.","Exceptional","Normal / Magic","https://classic.battle.net/diablo2exp/items/exceptional/swords.shtml","","D:/Code/Core_Dark/tmp/extracted_text/Player_s_Guide_to_the_Western_Reaches_V1.json","110-111"
"Weapon","Scimitar","Diablo II","Sabre","Weapons","Sword","Equivalent family","Uses the nearest weapon family from the guide; Diablo bonuses and damage are ignored.","Normal","Normal / Magic","https://classic.battle.net/diablo2exp/items/normal/swords.shtml","","D:/Code/Core_Dark/tmp/extracted_text/Player_s_Guide_to_the_Western_Reaches_V1.json","110-111"
"Weapon","Scimitar","Diablo II","Scimitar","Weapons","Sword","Equivalent family","Uses the nearest weapon family from the guide; Diablo bonuses and damage are ignored.","Normal","Normal / Magic","https://classic.battle.net/diablo2exp/items/normal/swords.shtml","","D:/Code/Core_Dark/tmp/extracted_text/Player_s_Guide_to_the_Western_Reaches_V1.json","110-111"
"Weapon","Scimitar","Diablo II","Shamshir","Weapons","Sword","Equivalent family","Uses the nearest weapon family from the guide; Diablo bonuses and damage are ignored.","Exceptional","Normal / Magic","https://classic.battle.net/diablo2exp/items/exceptional/swords.shtml","","D:/Code/Core_Dark/tmp/extracted_text/Player_s_Guide_to_the_Western_Reaches_V1.json","110-111"
"Weapon","Scimitar","Diablo II","Tulwar","Weapons","Sword","Equivalent family","Uses the nearest weapon family from the guide; Diablo bonuses and damage are ignored.","Exceptional","Normal / Magic","https://classic.battle.net/diablo2exp/items/exceptional/swords.shtml","","D:/Code/Core_Dark/tmp/extracted_text/Player_s_Guide_to_the_Western_Reaches_V1.json","110-111"
"Weapon","Scimitar","Diablo III","Scythe","Weapons","Mighty Weapon","Approximate","One-handed curved blade approximation.","Base","Base type (white/grey/blue)","https://eu.diablo3.blizzard.com/en-gb/artisan/blacksmith/recipe/master-scythe","Base name listed through a crafting recipe in Blizzard item guide; recipe bonuses excluded.","D:/Code/Core_Dark/tmp/extracted_text/Player_s_Guide_to_the_Western_Reaches_V1.json","110-111"
"Weapon","Scimitar","Diablo III","Sickle","Weapons","Mighty Weapon","Approximate","One-handed curved blade approximation.","Base","Base type (white/grey/blue)","https://eu.diablo3.blizzard.com/en-gb/item/sickle-MightyWeapon1H_001","","D:/Code/Core_Dark/tmp/extracted_text/Player_s_Guide_to_the_Western_Reaches_V1.json","110-111"
"Weapon","Scimitar","Diablo III","Apprentice's Scythe","Weapons","Scythe","Approximate","One-handed sickle/scythe approximation using a curved blade profile.","Base","Base type (white/grey/blue)","https://eu.diablo3.blizzard.com/en-gb/item/apprentices-scythe-Scythe_1H_000","","D:/Code/Core_Dark/tmp/extracted_text/Player_s_Guide_to_the_Western_Reaches_V1.json","110-111"
"Weapon","Scimitar","Diablo III","Arival","Weapons","Scythe","Approximate","One-handed sickle/scythe approximation using a curved blade profile.","Base","Base type (white/grey/blue)","https://eu.diablo3.blizzard.com/en-gb/item/arival-Scythe_1H_002_t4","","D:/Code/Core_Dark/tmp/extracted_text/Player_s_Guide_to_the_Western_Reaches_V1.json","110-111"
"Weapon","Scimitar","Diablo III","Artisan Scythe","Weapons","Scythe","Approximate","One-handed sickle/scythe approximation using a curved blade profile.","Base","Base type (white/grey/blue)","https://eu.diablo3.blizzard.com/en-gb/artisan/blacksmith/recipe/adept-scythe","Base name listed through a crafting recipe in Blizzard item guide; recipe bonuses excluded.","D:/Code/Core_Dark/tmp/extracted_text/Player_s_Guide_to_the_Western_Reaches_V1.json","110-111"
"Weapon","Scimitar","Diablo III","Billhook","Weapons","Scythe","Approximate","One-handed sickle/scythe approximation using a curved blade profile.","Base","Base type (white/grey/blue)","https://eu.diablo3.blizzard.com/en-gb/item/billhook-Scythe_1H_002_t3","","D:/Code/Core_Dark/tmp/extracted_text/Player_s_Guide_to_the_Western_Reaches_V1.json","110-111"
"Weapon","Scimitar","Diablo III","Bone Scythe","Weapons","Scythe","Approximate","One-handed sickle/scythe approximation using a curved blade profile.","Base","Base type (white/grey/blue)","https://eu.diablo3.blizzard.com/en-gb/artisan/blacksmith/recipe/grandmaster-saber","Base name listed through a crafting recipe in Blizzard item guide; recipe bonuses excluded.","D:/Code/Core_Dark/tmp/extracted_text/Player_s_Guide_to_the_Western_Reaches_V1.json","110-111"
"Weapon","Scimitar","Diablo III","Falx","Weapons","Scythe","Approximate","One-handed sickle/scythe approximation using a curved blade profile.","Base","Base type (white/grey/blue)","https://eu.diablo3.blizzard.com/en-gb/artisan/blacksmith/recipe/journeyman-carve","Base name listed through a crafting recipe in Blizzard item guide; recipe bonuses excluded.","D:/Code/Core_Dark/tmp/extracted_text/Player_s_Guide_to_the_Western_Reaches_V1.json","110-111"
"Weapon","Scimitar","Diablo III","Flensing Scythe","Weapons","Scythe","Approximate","One-handed sickle/scythe approximation using a curved blade profile.","Base","Base type (white/grey/blue)","https://eu.diablo3.blizzard.com/en-gb/artisan/blacksmith/recipe/master-sickle","Base name listed through a crafting recipe in Blizzard item guide; recipe bonuses excluded.","D:/Code/Core_Dark/tmp/extracted_text/Player_s_Guide_to_the_Western_Reaches_V1.json","110-111"
"Weapon","Scimitar","Diablo III","Harpe","Weapons","Scythe","Approximate","One-handed sickle/scythe approximation using a curved blade profile.","Base","Base type (white/grey/blue)","https://eu.diablo3.blizzard.com/en-gb/item/harpe-Scythe_1H_001_t2","","D:/Code/Core_Dark/tmp/extracted_text/Player_s_Guide_to_the_Western_Reaches_V1.json","110-111"
"Weapon","Scimitar","Diablo III","Iron Scythe","Weapons","Scythe","Approximate","One-handed sickle/scythe approximation using a curved blade profile.","Base","Base type (white/grey/blue)","https://eu.diablo3.blizzard.com/en-gb/item/iron-scythe-Scythe_1H_002_t7","","D:/Code/Core_Dark/tmp/extracted_text/Player_s_Guide_to_the_Western_Reaches_V1.json","110-111"
"Weapon","Scimitar","Diablo III","Kama","Weapons","Scythe","Approximate","One-handed sickle/scythe approximation using a curved blade profile.","Base","Base type (white/grey/blue)","https://eu.diablo3.blizzard.com/en-gb/item/kama-Scythe_1H_001_t4","","D:/Code/Core_Dark/tmp/extracted_text/Player_s_Guide_to_the_Western_Reaches_V1.json","110-111"
"Weapon","Scimitar","Diablo III","Khopesh","Weapons","Scythe","Approximate","One-handed sickle/scythe approximation using a curved blade profile.","Base","Base type (white/grey/blue)","https://eu.diablo3.blizzard.com/en-gb/item/khopesh-Scythe_1H_002_t2","","D:/Code/Core_Dark/tmp/extracted_text/Player_s_Guide_to_the_Western_Reaches_V1.json","110-111"
"Weapon","Scimitar","Diablo III","Primitive Scythe","Weapons","Scythe","Approximate","One-handed sickle/scythe approximation using a curved blade profile.","Base","Base type (white/grey/blue)","https://eu.diablo3.blizzard.com/en-gb/item/primitive-scythe-Scythe_1H_002_t8","","D:/Code/Core_Dark/tmp/extracted_text/Player_s_Guide_to_the_Western_Reaches_V1.json","110-111"
"Weapon","Scimitar","Diablo III","Sacrificial Scythe","Weapons","Scythe","Approximate","One-handed sickle/scythe approximation using a curved blade profile.","Base","Base type (white/grey/blue)","https://eu.diablo3.blizzard.com/en-gb/item/sacrificial-scythe-Scythe_1H_003_t2","","D:/Code/Core_Dark/tmp/extracted_text/Player_s_Guide_to_the_Western_Reaches_V1.json","110-111"
"Weapon","Scimitar","Diablo III","Shotel","Weapons","Scythe","Approximate","One-handed sickle/scythe approximation using a curved blade profile.","Base","Base type (white/grey/blue)","https://eu.diablo3.blizzard.com/en-gb/item/shotel-Scythe_1H_001_t3","","D:/Code/Core_Dark/tmp/extracted_text/Player_s_Guide_to_the_Western_Reaches_V1.json","110-111"
"Weapon","Scimitar","Diablo III","Stone Scythe","Weapons","Scythe","Approximate","One-handed sickle/scythe approximation using a curved blade profile.","Base","Base type (white/grey/blue)","https://eu.diablo3.blizzard.com/en-gb/item/stone-scythe-Scythe_1H_002_t5","","D:/Code/Core_Dark/tmp/extracted_text/Player_s_Guide_to_the_Western_Reaches_V1.json","110-111"
"Weapon","Scimitar","Diablo III","War Sickle","Weapons","Scythe","Approximate","One-handed sickle/scythe approximation using a curved blade profile.","Base","Base type (white/grey/blue)","https://eu.diablo3.blizzard.com/en-gb/item/war-sickle-Scythe_1H_002_t6","","D:/Code/Core_Dark/tmp/extracted_text/Player_s_Guide_to_the_Western_Reaches_V1.json","110-111"
"Weapon","Scimitar","Diablo III","Cutlass","Weapons","Sword","Equivalent family","Uses the nearest weapon family from the guide; Diablo bonuses and damage are ignored.","Base","Base type (white/grey/blue)","https://eu.diablo3.blizzard.com/en-gb/artisan/blacksmith/recipe/grand-master-gladius","Base name listed through a crafting recipe in Blizzard item guide; recipe bonuses excluded.","D:/Code/Core_Dark/tmp/extracted_text/Player_s_Guide_to_the_Western_Reaches_V1.json","110-111"
"Weapon","Scimitar","Diablo III","Dao","Weapons","Sword","Equivalent family","Uses the nearest weapon family from the guide; Diablo bonuses and damage are ignored.","Base","Base type (white/grey/blue)","https://eu.diablo3.blizzard.com/en-gb/item/dao-Sword_1H_105","","D:/Code/Core_Dark/tmp/extracted_text/Player_s_Guide_to_the_Western_Reaches_V1.json","110-111"
"Weapon","Scimitar","Diablo III","Pirate Sword","Weapons","Sword","Equivalent family","Uses the nearest weapon family from the guide; Diablo bonuses and damage are ignored.","Base","Base type (white/grey/blue)","https://eu.diablo3.blizzard.com/en-gb/artisan/blacksmith/recipe/glorious-king-blade","Base name listed through a crafting recipe in Blizzard item guide; recipe bonuses excluded.","D:/Code/Core_Dark/tmp/extracted_text/Player_s_Guide_to_the_Western_Reaches_V1.json","110-111"
"Weapon","Scimitar","Diablo III","Sabre","Weapons","Sword","Equivalent family","Uses the nearest weapon family from the guide; Diablo bonuses and damage are ignored.","Base","Base type (white/grey/blue)","https://eu.diablo3.blizzard.com/en-gb/item/sabre-Sword_1H_002","","D:/Code/Core_Dark/tmp/extracted_text/Player_s_Guide_to_the_Western_Reaches_V1.json","110-111"
"Weapon","Scimitar","Diablo III","Saif","Weapons","Sword","Equivalent family","Uses the nearest weapon family from the guide; Diablo bonuses and damage are ignored.","Base","Base type (white/grey/blue)","https://eu.diablo3.blizzard.com/en-gb/item/saif-Sword_1H_206","","D:/Code/Core_Dark/tmp/extracted_text/Player_s_Guide_to_the_Western_Reaches_V1.json","110-111"
"Weapon","Scimitar","Diablo III","Scimitar","Weapons","Sword","Equivalent family","Uses the nearest weapon family from the guide; Diablo bonuses and damage are ignored.","Base","Base type (white/grey/blue)","https://eu.diablo3.blizzard.com/en-gb/artisan/blacksmith/recipe/journeyman-scimitar","Base name listed through a crafting recipe in Blizzard item guide; recipe bonuses excluded.","D:/Code/Core_Dark/tmp/extracted_text/Player_s_Guide_to_the_Western_Reaches_V1.json","110-111"
"Weapon","Scimitar","Diablo III","Shamshir","Weapons","Sword","Equivalent family","Uses the nearest weapon family from the guide; Diablo bonuses and damage are ignored.","Base","Base type (white/grey/blue)","https://eu.diablo3.blizzard.com/en-gb/artisan/blacksmith/recipe/magnificent-shamshir","Base name listed through a crafting recipe in Blizzard item guide; recipe bonuses excluded.","D:/Code/Core_Dark/tmp/extracted_text/Player_s_Guide_to_the_Western_Reaches_V1.json","110-111"
"Weapon","Scimitar","Diablo III","Tulwar","Weapons","Sword","Equivalent family","Uses the nearest weapon family from the guide; Diablo bonuses and damage are ignored.","Base","Base type (white/grey/blue)","https://eu.diablo3.blizzard.com/en-gb/artisan/blacksmith/recipe/exalted-conquest-sword","Base name listed through a crafting recipe in Blizzard item guide; recipe bonuses excluded.","D:/Code/Core_Dark/tmp/extracted_text/Player_s_Guide_to_the_Western_Reaches_V1.json","110-111"
"Weapon","Scimitar","Diablo IV","Hand Sickle","Weapons","Scythe","Approximate","One-handed sickle/scythe approximation using a curved blade profile.","Base","Magic","https://docs.google.com/spreadsheets/d/1IC6VCLGzocHjHTGQHj3yPSY0KOVBY97jFOFQWvMSARs/edit","Source catalogue updated 2026-07-27; base game","D:/Code/Core_Dark/tmp/extracted_text/Player_s_Guide_to_the_Western_Reaches_V1.json","110-111"
"Weapon","Scimitar","Diablo IV","Simple Scythe","Weapons","Scythe","Approximate","One-handed sickle/scythe approximation using a curved blade profile.","Base","Common","https://docs.google.com/spreadsheets/d/1IC6VCLGzocHjHTGQHj3yPSY0KOVBY97jFOFQWvMSARs/edit","Source catalogue updated 2026-07-27; base game","D:/Code/Core_Dark/tmp/extracted_text/Player_s_Guide_to_the_Western_Reaches_V1.json","110-111"
"Weapon","Scimitar","Diablo IV","Simple Sickle","Weapons","Scythe","Approximate","One-handed sickle/scythe approximation using a curved blade profile.","Base","Magic","https://docs.google.com/spreadsheets/d/1IC6VCLGzocHjHTGQHj3yPSY0KOVBY97jFOFQWvMSARs/edit","Source catalogue updated 2026-07-27; base game","D:/Code/Core_Dark/tmp/extracted_text/Player_s_Guide_to_the_Western_Reaches_V1.json","110-111"
"Weapon","Scimitar","Diablo IV","Scimitar","Weapons","Sword","Equivalent family","Uses the nearest weapon family from the guide; Diablo bonuses and damage are ignored.","Base","Magic","https://docs.google.com/spreadsheets/d/1IC6VCLGzocHjHTGQHj3yPSY0KOVBY97jFOFQWvMSARs/edit","Source catalogue updated 2026-07-27; base game","D:/Code/Core_Dark/tmp/extracted_text/Player_s_Guide_to_the_Western_Reaches_V1.json","110-111"
"Weapon","Shortbow","Diablo I","Hunter's Bow","Weapons","Bow","Approximate","Short/compact bows map to Shortbow; other bows map to Longbow. Ambiguous fantasy names use the default.","Base","Normal / Magic","https://www.lurkerlounge.com/diablo/jarulf/jarulf162.pdf","","D:/Code/Core_Dark/tmp/extracted_text/Player_s_Guide_to_the_Western_Reaches_V1.json","110-111"
"Weapon","Shortbow","Diablo I","Short Battle Bow","Weapons","Bow","Approximate","Short/compact bows map to Shortbow; other bows map to Longbow. Ambiguous fantasy names use the default.","Base","Normal / Magic","https://www.lurkerlounge.com/diablo/jarulf/jarulf162.pdf","","D:/Code/Core_Dark/tmp/extracted_text/Player_s_Guide_to_the_Western_Reaches_V1.json","110-111"
"Weapon","Shortbow","Diablo I","Short Bow","Weapons","Bow","Approximate","Short/compact bows map to Shortbow; other bows map to Longbow. Ambiguous fantasy names use the default.","Base","Normal / Magic","https://www.lurkerlounge.com/diablo/jarulf/jarulf162.pdf","","D:/Code/Core_Dark/tmp/extracted_text/Player_s_Guide_to_the_Western_Reaches_V1.json","110-111"
"Weapon","Shortbow","Diablo I","Short War Bow","Weapons","Bow","Approximate","Short/compact bows map to Shortbow; other bows map to Longbow. Ambiguous fantasy names use the default.","Base","Normal / Magic","https://www.lurkerlounge.com/diablo/jarulf/jarulf162.pdf","","D:/Code/Core_Dark/tmp/extracted_text/Player_s_Guide_to_the_Western_Reaches_V1.json","110-111"
"Weapon","Shortbow","Diablo II","Ashwood Bow","Weapons","Amazon weapon","Equivalent family","Uses the nearest weapon family from the guide; Diablo bonuses and damage are ignored.","Exceptional","Normal / Magic","https://classic.battle.net/diablo2exp/items/exceptional/amazonweapons.shtml","","D:/Code/Core_Dark/tmp/extracted_text/Player_s_Guide_to_the_Western_Reaches_V1.json","110-111"
"Weapon","Shortbow","Diablo II","Matriarchal Bow","Weapons","Amazon weapon","Equivalent family","Uses the nearest weapon family from the guide; Diablo bonuses and damage are ignored.","Elite","Normal / Magic","https://classic.battle.net/diablo2exp/items/elite/amazonweapons.shtml","","D:/Code/Core_Dark/tmp/extracted_text/Player_s_Guide_to_the_Western_Reaches_V1.json","110-111"
"Weapon","Shortbow","Diablo II","Blade Bow","Weapons","Bow","Approximate","Short/compact bows map to Shortbow; other bows map to Longbow. Ambiguous fantasy names use the default.","Elite","Normal / Magic","https://classic.battle.net/diablo2exp/items/elite/bows.shtml","","D:/Code/Core_Dark/tmp/extracted_text/Player_s_Guide_to_the_Western_Reaches_V1.json","110-111"
"Weapon","Shortbow","Diablo II","Diamond Bow","Weapons","Bow","Approximate","Short/compact bows map to Shortbow; other bows map to Longbow. Ambiguous fantasy names use the default.","Elite","Normal / Magic","https://classic.battle.net/diablo2exp/items/elite/bows.shtml","","D:/Code/Core_Dark/tmp/extracted_text/Player_s_Guide_to_the_Western_Reaches_V1.json","110-111"
"Weapon","Shortbow","Diablo II","Double Bow","Weapons","Bow","Approximate","Short/compact bows map to Shortbow; other bows map to Longbow. Ambiguous fantasy names use the default.","Exceptional","Normal / Magic","https://classic.battle.net/diablo2exp/items/exceptional/bows.shtml","","D:/Code/Core_Dark/tmp/extracted_text/Player_s_Guide_to_the_Western_Reaches_V1.json","110-111"
"Weapon","Shortbow","Diablo II","Edge Bow","Weapons","Bow","Approximate","Short/compact bows map to Shortbow; other bows map to Longbow. Ambiguous fantasy names use the default.","Exceptional","Normal / Magic","https://classic.battle.net/diablo2exp/items/exceptional/bows.shtml","","D:/Code/Core_Dark/tmp/extracted_text/Player_s_Guide_to_the_Western_Reaches_V1.json","110-111"
"Weapon","Shortbow","Diablo II","Great Bow","Weapons","Bow","Approximate","Short/compact bows map to Shortbow; other bows map to Longbow. Ambiguous fantasy names use the default.","Elite","Normal / Magic","https://classic.battle.net/diablo2exp/items/elite/bows.shtml","","D:/Code/Core_Dark/tmp/extracted_text/Player_s_Guide_to_the_Western_Reaches_V1.json","110-111"
"Weapon","Shortbow","Diablo II","Hunter's Bow","Weapons","Bow","Approximate","Short/compact bows map to Shortbow; other bows map to Longbow. Ambiguous fantasy names use the default.","Normal","Normal / Magic","https://classic.battle.net/diablo2exp/items/normal/bows.shtml","","D:/Code/Core_Dark/tmp/extracted_text/Player_s_Guide_to_the_Western_Reaches_V1.json","110-111"
"Weapon","Shortbow","Diablo II","Razor Bow","Weapons","Bow","Approximate","Short/compact bows map to Shortbow; other bows map to Longbow. Ambiguous fantasy names use the default.","Exceptional","Normal / Magic","https://classic.battle.net/diablo2exp/items/exceptional/bows.shtml","","D:/Code/Core_Dark/tmp/extracted_text/Player_s_Guide_to_the_Western_Reaches_V1.json","110-111"
"Weapon","Shortbow","Diablo II","Rune Bow","Weapons","Bow","Approximate","Short/compact bows map to Shortbow; other bows map to Longbow. Ambiguous fantasy names use the default.","Exceptional","Normal / Magic","https://classic.battle.net/diablo2exp/items/exceptional/bows.shtml","","D:/Code/Core_Dark/tmp/extracted_text/Player_s_Guide_to_the_Western_Reaches_V1.json","110-111"
"Weapon","Shortbow","Diablo II","Short Battle Bow","Weapons","Bow","Approximate","Short/compact bows map to Shortbow; other bows map to Longbow. Ambiguous fantasy names use the default.","Normal","Normal / Magic","https://classic.battle.net/diablo2exp/items/normal/bows.shtml","","D:/Code/Core_Dark/tmp/extracted_text/Player_s_Guide_to_the_Western_Reaches_V1.json","110-111"
"Weapon","Shortbow","Diablo II","Short Bow","Weapons","Bow","Approximate","Short/compact bows map to Shortbow; other bows map to Longbow. Ambiguous fantasy names use the default.","Normal","Normal / Magic","https://classic.battle.net/diablo2exp/items/normal/bows.shtml","","D:/Code/Core_Dark/tmp/extracted_text/Player_s_Guide_to_the_Western_Reaches_V1.json","110-111"
"Weapon","Shortbow","Diablo II","Short Siege Bow","Weapons","Bow","Approximate","Short/compact bows map to Shortbow; other bows map to Longbow. Ambiguous fantasy names use the default.","Exceptional","Normal / Magic","https://classic.battle.net/diablo2exp/items/exceptional/bows.shtml","","D:/Code/Core_Dark/tmp/extracted_text/Player_s_Guide_to_the_Western_Reaches_V1.json","110-111"
"Weapon","Shortbow","Diablo II","Short War Bow","Weapons","Bow","Approximate","Short/compact bows map to Shortbow; other bows map to Longbow. Ambiguous fantasy names use the default.","Normal","Normal / Magic","https://classic.battle.net/diablo2exp/items/normal/bows.shtml","","D:/Code/Core_Dark/tmp/extracted_text/Player_s_Guide_to_the_Western_Reaches_V1.json","110-111"
"Weapon","Shortbow","Diablo II","Spider Bow","Weapons","Bow","Approximate","Short/compact bows map to Shortbow; other bows map to Longbow. Ambiguous fantasy names use the default.","Elite","Normal / Magic","https://classic.battle.net/diablo2exp/items/elite/bows.shtml","","D:/Code/Core_Dark/tmp/extracted_text/Player_s_Guide_to_the_Western_Reaches_V1.json","110-111"
"Weapon","Shortbow","Diablo II","Ward Bow","Weapons","Bow","Approximate","Short/compact bows map to Shortbow; other bows map to Longbow. Ambiguous fantasy names use the default.","Elite","Normal / Magic","https://classic.battle.net/diablo2exp/items/elite/bows.shtml","","D:/Code/Core_Dark/tmp/extracted_text/Player_s_Guide_to_the_Western_Reaches_V1.json","110-111"
"Weapon","Shortbow","Diablo III","Hankyu","Weapons","Bow","Approximate","Short/compact bows map to Shortbow; other bows map to Longbow. Ambiguous fantasy names use the default.","Base","Base type (white/grey/blue)","https://eu.diablo3.blizzard.com/en-gb/artisan/blacksmith/recipe/resplendent-higoyumi","Base name listed through a crafting recipe in Blizzard item guide; recipe bonuses excluded.","D:/Code/Core_Dark/tmp/extracted_text/Player_s_Guide_to_the_Western_Reaches_V1.json","110-111"
"Weapon","Shortbow","Diablo III","Hunting Bow","Weapons","Bow","Approximate","Short/compact bows map to Shortbow; other bows map to Longbow. Ambiguous fantasy names use the default.","Base","Base type (white/grey/blue)","https://eu.diablo3.blizzard.com/en-gb/artisan/blacksmith/recipe/adept-hunting-bow","Base name listed through a crafting recipe in Blizzard item guide; recipe bonuses excluded.","D:/Code/Core_Dark/tmp/extracted_text/Player_s_Guide_to_the_Western_Reaches_V1.json","110-111"
"Weapon","Shortbow","Diablo III","Short Bow","Weapons","Bow","Approximate","Short/compact bows map to Shortbow; other bows map to Longbow. Ambiguous fantasy names use the default.","Base","Base type (white/grey/blue)","https://eu.diablo3.blizzard.com/en-gb/item/short-bow-Bow_001","","D:/Code/Core_Dark/tmp/extracted_text/Player_s_Guide_to_the_Western_Reaches_V1.json","110-111"
"Weapon","Shortbow","Diablo IV","Common Bow","Weapons","Bow","Approximate","Short/compact bows map to Shortbow; other bows map to Longbow. Ambiguous fantasy names use the default.","Base","Magic","https://docs.google.com/spreadsheets/d/1IC6VCLGzocHjHTGQHj3yPSY0KOVBY97jFOFQWvMSARs/edit","Source catalogue updated 2026-07-27; base game","D:/Code/Core_Dark/tmp/extracted_text/Player_s_Guide_to_the_Western_Reaches_V1.json","110-111"
"Weapon","Shortbow","Diablo IV","Hunter's Bow","Weapons","Bow","Approximate","Short/compact bows map to Shortbow; other bows map to Longbow. Ambiguous fantasy names use the default.","Base","Magic","https://docs.google.com/spreadsheets/d/1IC6VCLGzocHjHTGQHj3yPSY0KOVBY97jFOFQWvMSARs/edit","Source catalogue updated 2026-07-27; base game","D:/Code/Core_Dark/tmp/extracted_text/Player_s_Guide_to_the_Western_Reaches_V1.json","110-111"
"Weapon","Shortbow","Diablo IV","Makeshift Bow","Weapons","Bow","Approximate","Short/compact bows map to Shortbow; other bows map to Longbow. Ambiguous fantasy names use the default.","Base","Magic","https://docs.google.com/spreadsheets/d/1IC6VCLGzocHjHTGQHj3yPSY0KOVBY97jFOFQWvMSARs/edit","Source catalogue updated 2026-07-27; base game","D:/Code/Core_Dark/tmp/extracted_text/Player_s_Guide_to_the_Western_Reaches_V1.json","110-111"
"Weapon","Shortbow","Diablo IV","Simple Bow","Weapons","Bow","Approximate","Short/compact bows map to Shortbow; other bows map to Longbow. Ambiguous fantasy names use the default.","Base","Common","https://docs.google.com/spreadsheets/d/1IC6VCLGzocHjHTGQHj3yPSY0KOVBY97jFOFQWvMSARs/edit","Source catalogue updated 2026-07-27; base game","D:/Code/Core_Dark/tmp/extracted_text/Player_s_Guide_to_the_Western_Reaches_V1.json","110-111"
"Weapon","Shortbow","Diablo IV","Uncommon Bow","Weapons","Bow","Approximate","Short/compact bows map to Shortbow; other bows map to Longbow. Ambiguous fantasy names use the default.","Base","Magic","https://docs.google.com/spreadsheets/d/1IC6VCLGzocHjHTGQHj3yPSY0KOVBY97jFOFQWvMSARs/edit","Source catalogue updated 2026-07-27; base game","D:/Code/Core_Dark/tmp/extracted_text/Player_s_Guide_to_the_Western_Reaches_V1.json","110-111"
"Weapon","Shortsword","Diablo I","Blade","Weapons","Sword","Equivalent family","Uses the nearest weapon family from the guide; Diablo bonuses and damage are ignored.","Base","Normal / Magic","https://www.lurkerlounge.com/diablo/jarulf/jarulf162.pdf","","D:/Code/Core_Dark/tmp/extracted_text/Player_s_Guide_to_the_Western_Reaches_V1.json","110-111"
"Weapon","Shortsword","Diablo I","Short Sword","Weapons","Sword","Equivalent family","Uses the nearest weapon family from the guide; Diablo bonuses and damage are ignored.","Base","Normal / Magic","https://www.lurkerlounge.com/diablo/jarulf/jarulf162.pdf","","D:/Code/Core_Dark/tmp/extracted_text/Player_s_Guide_to_the_Western_Reaches_V1.json","110-111"
"Weapon","Shortsword","Diablo II","Gladius","Weapons","Sword","Equivalent family","Uses the nearest weapon family from the guide; Diablo bonuses and damage are ignored.","Exceptional","Normal / Magic","https://classic.battle.net/diablo2exp/items/exceptional/swords.shtml","","D:/Code/Core_Dark/tmp/extracted_text/Player_s_Guide_to_the_Western_Reaches_V1.json","110-111"
"Weapon","Shortsword","Diablo II","Short Sword","Weapons","Sword","Equivalent family","Uses the nearest weapon family from the guide; Diablo bonuses and damage are ignored.","Normal","Normal / Magic","https://classic.battle.net/diablo2exp/items/normal/swords.shtml","","D:/Code/Core_Dark/tmp/extracted_text/Player_s_Guide_to_the_Western_Reaches_V1.json","110-111"
"Weapon","Shortsword","Diablo III","Gladius","Weapons","Sword","Equivalent family","Uses the nearest weapon family from the guide; Diablo bonuses and damage are ignored.","Base","Base type (white/grey/blue)","https://eu.diablo3.blizzard.com/en-gb/artisan/blacksmith/recipe/master-bastard-sword","Base name listed through a crafting recipe in Blizzard item guide; recipe bonuses excluded.","D:/Code/Core_Dark/tmp/extracted_text/Player_s_Guide_to_the_Western_Reaches_V1.json","110-111"
"Weapon","Shortsword","Diablo III","Short Sword","Weapons","Sword","Equivalent family","Uses the nearest weapon family from the guide; Diablo bonuses and damage are ignored.","Base","Base type (white/grey/blue)","https://eu.diablo3.blizzard.com/en-gb/item/short-sword-Sword_1H_001","","D:/Code/Core_Dark/tmp/extracted_text/Player_s_Guide_to_the_Western_Reaches_V1.json","110-111"
"Weapon","Shortsword","Diablo IV","Boot Blade","Weapons","Sword","Equivalent family","Uses the nearest weapon family from the guide; Diablo bonuses and damage are ignored.","Base","Magic","https://docs.google.com/spreadsheets/d/1IC6VCLGzocHjHTGQHj3yPSY0KOVBY97jFOFQWvMSARs/edit","Source catalogue updated 2026-07-27; base game","D:/Code/Core_Dark/tmp/extracted_text/Player_s_Guide_to_the_Western_Reaches_V1.json","110-111"
"Weapon","Shortsword","Diablo IV","Short Sword","Weapons","Sword","Equivalent family","Uses the nearest weapon family from the guide; Diablo bonuses and damage are ignored.","Base","Common / Magic","https://docs.google.com/spreadsheets/d/1IC6VCLGzocHjHTGQHj3yPSY0KOVBY97jFOFQWvMSARs/edit","Source catalogue updated 2026-07-27; base game","D:/Code/Core_Dark/tmp/extracted_text/Player_s_Guide_to_the_Western_Reaches_V1.json","110-111"
"Weapon","Spear","Diablo II","Ceremonial Spear","Weapons","Amazon weapon","Equivalent family","Uses the nearest weapon family from the guide; Diablo bonuses and damage are ignored.","Exceptional","Normal / Magic","https://classic.battle.net/diablo2exp/items/exceptional/amazonweapons.shtml","","D:/Code/Core_Dark/tmp/extracted_text/Player_s_Guide_to_the_Western_Reaches_V1.json","110-111"
"Weapon","Spear","Diablo II","Maiden Spear","Weapons","Amazon weapon","Equivalent family","Uses the nearest weapon family from the guide; Diablo bonuses and damage are ignored.","Normal","Normal / Magic","https://classic.battle.net/diablo2exp/items/normal/amazonweapons.shtml","","D:/Code/Core_Dark/tmp/extracted_text/Player_s_Guide_to_the_Western_Reaches_V1.json","110-111"
"Weapon","Spear","Diablo II","Matriarchal Spear","Weapons","Amazon weapon","Equivalent family","Uses the nearest weapon family from the guide; Diablo bonuses and damage are ignored.","Elite","Normal / Magic","https://classic.battle.net/diablo2exp/items/elite/amazonweapons.shtml","","D:/Code/Core_Dark/tmp/extracted_text/Player_s_Guide_to_the_Western_Reaches_V1.json","110-111"
"Weapon","Spear","Diablo II","Brandistock","Weapons","Spear","Equivalent family","Uses the nearest weapon family from the guide; Diablo bonuses and damage are ignored.","Normal","Normal / Magic","https://classic.battle.net/diablo2exp/items/normal/spears.shtml","","D:/Code/Core_Dark/tmp/extracted_text/Player_s_Guide_to_the_Western_Reaches_V1.json","110-111"
"Weapon","Spear","Diablo II","Fuscina","Weapons","Spear","Equivalent family","Uses the nearest weapon family from the guide; Diablo bonuses and damage are ignored.","Exceptional","Normal / Magic","https://classic.battle.net/diablo2exp/items/exceptional/spears.shtml","","D:/Code/Core_Dark/tmp/extracted_text/Player_s_Guide_to_the_Western_Reaches_V1.json","110-111"
"Weapon","Spear","Diablo II","Ghost Spear","Weapons","Spear","Equivalent family","Uses the nearest weapon family from the guide; Diablo bonuses and damage are ignored.","Elite","Normal / Magic","https://classic.battle.net/diablo2exp/items/elite/spears.shtml","","D:/Code/Core_Dark/tmp/extracted_text/Player_s_Guide_to_the_Western_Reaches_V1.json","110-111"
"Weapon","Spear","Diablo II","Hyperion Spear","Weapons","Spear","Equivalent family","Uses the nearest weapon family from the guide; Diablo bonuses and damage are ignored.","Elite","Normal / Magic","https://classic.battle.net/diablo2exp/items/elite/spears.shtml","","D:/Code/Core_Dark/tmp/extracted_text/Player_s_Guide_to_the_Western_Reaches_V1.json","110-111"
"Weapon","Spear","Diablo II","Mancatcher","Weapons","Spear","Equivalent family","Uses the nearest weapon family from the guide; Diablo bonuses and damage are ignored.","Elite","Normal / Magic","https://classic.battle.net/diablo2exp/items/elite/spears.shtml","","D:/Code/Core_Dark/tmp/extracted_text/Player_s_Guide_to_the_Western_Reaches_V1.json","110-111"
"Weapon","Spear","Diablo II","Spear","Weapons","Spear","Equivalent family","Uses the nearest weapon family from the guide; Diablo bonuses and damage are ignored.","Normal","Normal / Magic","https://classic.battle.net/diablo2exp/items/normal/spears.shtml","","D:/Code/Core_Dark/tmp/extracted_text/Player_s_Guide_to_the_Western_Reaches_V1.json","110-111"
"Weapon","Spear","Diablo II","Spetum","Weapons","Spear","Equivalent family","Uses the nearest weapon family from the guide; Diablo bonuses and damage are ignored.","Normal","Normal / Magic","https://classic.battle.net/diablo2exp/items/normal/spears.shtml","","D:/Code/Core_Dark/tmp/extracted_text/Player_s_Guide_to_the_Western_Reaches_V1.json","110-111"
"Weapon","Spear","Diablo II","Trident","Weapons","Spear","Equivalent family","Uses the nearest weapon family from the guide; Diablo bonuses and damage are ignored.","Normal","Normal / Magic","https://classic.battle.net/diablo2exp/items/normal/spears.shtml","","D:/Code/Core_Dark/tmp/extracted_text/Player_s_Guide_to_the_Western_Reaches_V1.json","110-111"
"Weapon","Spear","Diablo II","War Fork","Weapons","Spear","Equivalent family","Uses the nearest weapon family from the guide; Diablo bonuses and damage are ignored.","Exceptional","Normal / Magic","https://classic.battle.net/diablo2exp/items/exceptional/spears.shtml","","D:/Code/Core_Dark/tmp/extracted_text/Player_s_Guide_to_the_Western_Reaches_V1.json","110-111"
"Weapon","Spear","Diablo II","War Spear","Weapons","Spear","Equivalent family","Uses the nearest weapon family from the guide; Diablo bonuses and damage are ignored.","Exceptional","Normal / Magic","https://classic.battle.net/diablo2exp/items/exceptional/spears.shtml","","D:/Code/Core_Dark/tmp/extracted_text/Player_s_Guide_to_the_Western_Reaches_V1.json","110-111"
"Weapon","Spear","Diablo II","Yari","Weapons","Spear","Equivalent family","Uses the nearest weapon family from the guide; Diablo bonuses and damage are ignored.","Exceptional","Normal / Magic","https://classic.battle.net/diablo2exp/items/exceptional/spears.shtml","","D:/Code/Core_Dark/tmp/extracted_text/Player_s_Guide_to_the_Western_Reaches_V1.json","110-111"
"Weapon","Spear","Diablo III","Angon","Weapons","Spear","Equivalent family","Uses the nearest weapon family from the guide; Diablo bonuses and damage are ignored.","Base","Base type (white/grey/blue)","https://eu.diablo3.blizzard.com/en-gb/item/angon-Spear_101","","D:/Code/Core_Dark/tmp/extracted_text/Player_s_Guide_to_the_Western_Reaches_V1.json","110-111"
"Weapon","Spear","Diablo III","Assegai","Weapons","Spear","Equivalent family","Uses the nearest weapon family from the guide; Diablo bonuses and damage are ignored.","Base","Base type (white/grey/blue)","https://eu.diablo3.blizzard.com/en-gb/item/assegai-Spear_102","","D:/Code/Core_Dark/tmp/extracted_text/Player_s_Guide_to_the_Western_Reaches_V1.json","110-111"
"Weapon","Spear","Diablo III","Centurion Spear","Weapons","Spear","Equivalent family","Uses the nearest weapon family from the guide; Diablo bonuses and damage are ignored.","Base","Base type (white/grey/blue)","https://eu.diablo3.blizzard.com/en-gb/item/centurion-spear-Spear_205","","D:/Code/Core_Dark/tmp/extracted_text/Player_s_Guide_to_the_Western_Reaches_V1.json","110-111"
"Weapon","Spear","Diablo III","Disemboweler","Weapons","Spear","Equivalent family","Uses the nearest weapon family from the guide; Diablo bonuses and damage are ignored.","Base","Base type (white/grey/blue)","https://eu.diablo3.blizzard.com/en-gb/artisan/blacksmith/recipe/sovereign-disembowler","Base name listed through a crafting recipe in Blizzard item guide; recipe bonuses excluded.","D:/Code/Core_Dark/tmp/extracted_text/Player_s_Guide_to_the_Western_Reaches_V1.json","110-111"
"Weapon","Spear","Diablo III","Fuscina","Weapons","Spear","Equivalent family","Uses the nearest weapon family from the guide; Diablo bonuses and damage are ignored.","Base","Base type (white/grey/blue)","https://eu.diablo3.blizzard.com/en-gb/item/fuscina-Spear_002","","D:/Code/Core_Dark/tmp/extracted_text/Player_s_Guide_to_the_Western_Reaches_V1.json","110-111"
"Weapon","Spear","Diablo III","Hasta","Weapons","Spear","Equivalent family","Uses the nearest weapon family from the guide; Diablo bonuses and damage are ignored.","Base","Base type (white/grey/blue)","https://eu.diablo3.blizzard.com/en-gb/item/hasta-Spear_004","","D:/Code/Core_Dark/tmp/extracted_text/Player_s_Guide_to_the_Western_Reaches_V1.json","110-111"
"Weapon","Spear","Diablo III","Honed Spear","Weapons","Spear","Equivalent family","Uses the nearest weapon family from the guide; Diablo bonuses and damage are ignored.","Base","Base type (white/grey/blue)","https://eu.diablo3.blizzard.com/en-gb/item/honed-spear-Spear_301","","D:/Code/Core_Dark/tmp/extracted_text/Player_s_Guide_to_the_Western_Reaches_V1.json","110-111"
"Weapon","Spear","Diablo III","Impaler","Weapons","Spear","Equivalent family","Uses the nearest weapon family from the guide; Diablo bonuses and damage are ignored.","Base","Base type (white/grey/blue)","https://eu.diablo3.blizzard.com/en-gb/item/impaler-Spear_202","","D:/Code/Core_Dark/tmp/extracted_text/Player_s_Guide_to_the_Western_Reaches_V1.json","110-111"
"Weapon","Spear","Diablo III","Qiang","Weapons","Spear","Equivalent family","Uses the nearest weapon family from the guide; Diablo bonuses and damage are ignored.","Base","Base type (white/grey/blue)","https://eu.diablo3.blizzard.com/en-gb/item/qiang-Spear_203","","D:/Code/Core_Dark/tmp/extracted_text/Player_s_Guide_to_the_Western_Reaches_V1.json","110-111"
"Weapon","Spear","Diablo III","Spear","Weapons","Spear","Equivalent family","Uses the nearest weapon family from the guide; Diablo bonuses and damage are ignored.","Base","Base type (white/grey/blue)","https://eu.diablo3.blizzard.com/en-gb/item/spear-Spear_003","","D:/Code/Core_Dark/tmp/extracted_text/Player_s_Guide_to_the_Western_Reaches_V1.json","110-111"
"Weapon","Spear","Diablo III","Spontoon","Weapons","Spear","Equivalent family","Uses the nearest weapon family from the guide; Diablo bonuses and damage are ignored.","Base","Base type (white/grey/blue)","https://eu.diablo3.blizzard.com/en-gb/item/spontoon-Spear_104","","D:/Code/Core_Dark/tmp/extracted_text/Player_s_Guide_to_the_Western_Reaches_V1.json","110-111"
"Weapon","Spear","Diablo III","Vel","Weapons","Spear","Equivalent family","Uses the nearest weapon family from the guide; Diablo bonuses and damage are ignored.","Base","Base type (white/grey/blue)","https://eu.diablo3.blizzard.com/en-gb/item/vel-Spear_204","","D:/Code/Core_Dark/tmp/extracted_text/Player_s_Guide_to_the_Western_Reaches_V1.json","110-111"
"Weapon","Spear","Diablo III","War Spear","Weapons","Spear","Equivalent family","Uses the nearest weapon family from the guide; Diablo bonuses and damage are ignored.","Base","Base type (white/grey/blue)","https://eu.diablo3.blizzard.com/en-gb/item/war-spear-Spear_103","","D:/Code/Core_Dark/tmp/extracted_text/Player_s_Guide_to_the_Western_Reaches_V1.json","110-111"
"Weapon","Spear","Diablo III","Yari","Weapons","Spear","Equivalent family","Uses the nearest weapon family from the guide; Diablo bonuses and damage are ignored.","Base","Base type (white/grey/blue)","https://eu.diablo3.blizzard.com/en-gb/item/yari-Spear_105","","D:/Code/Core_Dark/tmp/extracted_text/Player_s_Guide_to_the_Western_Reaches_V1.json","110-111"
"Weapon","Staff","Diablo I","Composite Staff","Weapons","Staff","Approximate","Martial/heavy quarterstaves use Stave; ordinary or spellcaster staves use Staff.","Base","Normal / Magic","https://www.lurkerlounge.com/diablo/jarulf/jarulf162.pdf","","D:/Code/Core_Dark/tmp/extracted_text/Player_s_Guide_to_the_Western_Reaches_V1.json","110-111"
"Weapon","Staff","Diablo I","Long Staff","Weapons","Staff","Approximate","Martial/heavy quarterstaves use Stave; ordinary or spellcaster staves use Staff.","Base","Normal / Magic","https://www.lurkerlounge.com/diablo/jarulf/jarulf162.pdf","","D:/Code/Core_Dark/tmp/extracted_text/Player_s_Guide_to_the_Western_Reaches_V1.json","110-111"
"Weapon","Staff","Diablo I","Short Staff","Weapons","Staff","Approximate","Martial/heavy quarterstaves use Stave; ordinary or spellcaster staves use Staff.","Base","Normal / Magic","https://www.lurkerlounge.com/diablo/jarulf/jarulf162.pdf","","D:/Code/Core_Dark/tmp/extracted_text/Player_s_Guide_to_the_Western_Reaches_V1.json","110-111"
"Weapon","Staff","Diablo II","Archon Staff","Weapons","Staff","Approximate","Martial/heavy quarterstaves use Stave; ordinary or spellcaster staves use Staff.","Elite","Normal / Magic","https://classic.battle.net/diablo2exp/items/elite/staves.shtml","","D:/Code/Core_Dark/tmp/extracted_text/Player_s_Guide_to_the_Western_Reaches_V1.json","110-111"
"Weapon","Staff","Diablo II","Cedar Staff","Weapons","Staff","Approximate","Martial/heavy quarterstaves use Stave; ordinary or spellcaster staves use Staff.","Exceptional","Normal / Magic","https://classic.battle.net/diablo2exp/items/exceptional/staves.shtml","","D:/Code/Core_Dark/tmp/extracted_text/Player_s_Guide_to_the_Western_Reaches_V1.json","110-111"
"Weapon","Staff","Diablo II","Elder Staff","Weapons","Staff","Approximate","Martial/heavy quarterstaves use Stave; ordinary or spellcaster staves use Staff.","Elite","Normal / Magic","https://classic.battle.net/diablo2exp/items/elite/staves.shtml","","D:/Code/Core_Dark/tmp/extracted_text/Player_s_Guide_to_the_Western_Reaches_V1.json","110-111"
"Weapon","Staff","Diablo II","Gnarled Staff","Weapons","Staff","Approximate","Martial/heavy quarterstaves use Stave; ordinary or spellcaster staves use Staff.","Normal","Normal / Magic","https://classic.battle.net/diablo2exp/items/normal/staves.shtml","","D:/Code/Core_Dark/tmp/extracted_text/Player_s_Guide_to_the_Western_Reaches_V1.json","110-111"
"Weapon","Staff","Diablo II","Gothic Staff","Weapons","Staff","Approximate","Martial/heavy quarterstaves use Stave; ordinary or spellcaster staves use Staff.","Exceptional","Normal / Magic","https://classic.battle.net/diablo2exp/items/exceptional/staves.shtml","","D:/Code/Core_Dark/tmp/extracted_text/Player_s_Guide_to_the_Western_Reaches_V1.json","110-111"
"Weapon","Staff","Diablo II","Jo Staff","Weapons","Staff","Approximate","Martial/heavy quarterstaves use Stave; ordinary or spellcaster staves use Staff.","Exceptional","Normal / Magic","https://classic.battle.net/diablo2exp/items/exceptional/staves.shtml","","D:/Code/Core_Dark/tmp/extracted_text/Player_s_Guide_to_the_Western_Reaches_V1.json","110-111"
"Weapon","Staff","Diablo II","Long Staff","Weapons","Staff","Approximate","Martial/heavy quarterstaves use Stave; ordinary or spellcaster staves use Staff.","Normal","Normal / Magic","https://classic.battle.net/diablo2exp/items/normal/staves.shtml","","D:/Code/Core_Dark/tmp/extracted_text/Player_s_Guide_to_the_Western_Reaches_V1.json","110-111"
"Weapon","Staff","Diablo II","Rune Staff","Weapons","Staff","Approximate","Martial/heavy quarterstaves use Stave; ordinary or spellcaster staves use Staff.","Exceptional","Normal / Magic","https://classic.battle.net/diablo2exp/items/exceptional/staves.shtml","","D:/Code/Core_Dark/tmp/extracted_text/Player_s_Guide_to_the_Western_Reaches_V1.json","110-111"
"Weapon","Staff","Diablo II","Short Staff","Weapons","Staff","Approximate","Martial/heavy quarterstaves use Stave; ordinary or spellcaster staves use Staff.","Normal","Normal / Magic","https://classic.battle.net/diablo2exp/items/normal/staves.shtml","","D:/Code/Core_Dark/tmp/extracted_text/Player_s_Guide_to_the_Western_Reaches_V1.json","110-111"
"Weapon","Staff","Diablo II","Stalagmite","Weapons","Staff","Approximate","Martial/heavy quarterstaves use Stave; ordinary or spellcaster staves use Staff.","Elite","Normal / Magic","https://classic.battle.net/diablo2exp/items/elite/staves.shtml","","D:/Code/Core_Dark/tmp/extracted_text/Player_s_Guide_to_the_Western_Reaches_V1.json","110-111"
"Weapon","Staff","Diablo II","Walking Stick","Weapons","Staff","Approximate","Martial/heavy quarterstaves use Stave; ordinary or spellcaster staves use Staff.","Elite","Normal / Magic","https://classic.battle.net/diablo2exp/items/elite/staves.shtml","","D:/Code/Core_Dark/tmp/extracted_text/Player_s_Guide_to_the_Western_Reaches_V1.json","110-111"
"Weapon","Staff","Diablo III","Arcane Staff","Weapons","Staff","Approximate","Martial/heavy quarterstaves use Stave; ordinary or spellcaster staves use Staff.","Base","Base type (white/grey/blue)","https://eu.diablo3.blizzard.com/en-gb/item/arcane-staff-Staff_107","","D:/Code/Core_Dark/tmp/extracted_text/Player_s_Guide_to_the_Western_Reaches_V1.json","110-111"
"Weapon","Staff","Diablo III","Archaic Staff","Weapons","Staff","Approximate","Martial/heavy quarterstaves use Stave; ordinary or spellcaster staves use Staff.","Base","Base type (white/grey/blue)","https://eu.diablo3.blizzard.com/en-gb/item/archaic-staff-Staff_204","","D:/Code/Core_Dark/tmp/extracted_text/Player_s_Guide_to_the_Western_Reaches_V1.json","110-111"
"Weapon","Staff","Diablo III","Bone Staff","Weapons","Staff","Approximate","Martial/heavy quarterstaves use Stave; ordinary or spellcaster staves use Staff.","Base","Base type (white/grey/blue)","https://eu.diablo3.blizzard.com/en-gb/artisan/blacksmith/recipe/adept-bone-staff","Base name listed through a crafting recipe in Blizzard item guide; recipe bonuses excluded.","D:/Code/Core_Dark/tmp/extracted_text/Player_s_Guide_to_the_Western_Reaches_V1.json","110-111"
"Weapon","Staff","Diablo III","Caduceus Staff","Weapons","Staff","Approximate","Martial/heavy quarterstaves use Stave; ordinary or spellcaster staves use Staff.","Base","Base type (white/grey/blue)","https://eu.diablo3.blizzard.com/en-gb/artisan/blacksmith/recipe/exquisite-caduceus-staff","Base name listed through a crafting recipe in Blizzard item guide; recipe bonuses excluded.","D:/Code/Core_Dark/tmp/extracted_text/Player_s_Guide_to_the_Western_Reaches_V1.json","110-111"
"Weapon","Staff","Diablo III","Conquest Staff","Weapons","Staff","Approximate","Martial/heavy quarterstaves use Stave; ordinary or spellcaster staves use Staff.","Base","Base type (white/grey/blue)","https://eu.diablo3.blizzard.com/en-gb/item/conquest-staff-Staff_205","","D:/Code/Core_Dark/tmp/extracted_text/Player_s_Guide_to_the_Western_Reaches_V1.json","110-111"
"Weapon","Staff","Diablo III","Elder Staff","Weapons","Staff","Approximate","Martial/heavy quarterstaves use Stave; ordinary or spellcaster staves use Staff.","Base","Base type (white/grey/blue)","https://eu.diablo3.blizzard.com/en-gb/artisan/blacksmith/recipe/magnificent-elder-staff","Base name listed through a crafting recipe in Blizzard item guide; recipe bonuses excluded.","D:/Code/Core_Dark/tmp/extracted_text/Player_s_Guide_to_the_Western_Reaches_V1.json","110-111"
"Weapon","Staff","Diablo III","Gnarled Staff","Weapons","Staff","Approximate","Martial/heavy quarterstaves use Stave; ordinary or spellcaster staves use Staff.","Base","Base type (white/grey/blue)","https://eu.diablo3.blizzard.com/en-gb/artisan/blacksmith/recipe/journeyman-gnarled-staff","Base name listed through a crafting recipe in Blizzard item guide; recipe bonuses excluded.","D:/Code/Core_Dark/tmp/extracted_text/Player_s_Guide_to_the_Western_Reaches_V1.json","110-111"
"Weapon","Staff","Diablo III","High Priest Staff","Weapons","Staff","Approximate","Martial/heavy quarterstaves use Stave; ordinary or spellcaster staves use Staff.","Base","Base type (white/grey/blue)","https://eu.diablo3.blizzard.com/en-gb/artisan/blacksmith/recipe/resplendent-high-priest-staff","Base name listed through a crafting recipe in Blizzard item guide; recipe bonuses excluded.","D:/Code/Core_Dark/tmp/extracted_text/Player_s_Guide_to_the_Western_Reaches_V1.json","110-111"
"Weapon","Staff","Diablo III","Hyperion Staff","Weapons","Staff","Approximate","Martial/heavy quarterstaves use Stave; ordinary or spellcaster staves use Staff.","Base","Base type (white/grey/blue)","https://eu.diablo3.blizzard.com/en-gb/artisan/blacksmith/recipe/glorious-primordial-staff","Base name listed through a crafting recipe in Blizzard item guide; recipe bonuses excluded.","D:/Code/Core_Dark/tmp/extracted_text/Player_s_Guide_to_the_Western_Reaches_V1.json","110-111"
"Weapon","Staff","Diablo III","Kerykeion","Weapons","Staff","Approximate","Martial/heavy quarterstaves use Stave; ordinary or spellcaster staves use Staff.","Base","Base type (white/grey/blue)","https://eu.diablo3.blizzard.com/en-gb/artisan/blacksmith/recipe/sovereign-kerikeyon","Base name listed through a crafting recipe in Blizzard item guide; recipe bonuses excluded.","D:/Code/Core_Dark/tmp/extracted_text/Player_s_Guide_to_the_Western_Reaches_V1.json","110-111"
"Weapon","Staff","Diablo III","Long Staff","Weapons","Staff","Approximate","Martial/heavy quarterstaves use Stave; ordinary or spellcaster staves use Staff.","Base","Base type (white/grey/blue)","https://eu.diablo3.blizzard.com/en-gb/item/long-staff-Staff_002","","D:/Code/Core_Dark/tmp/extracted_text/Player_s_Guide_to_the_Western_Reaches_V1.json","110-111"
"Weapon","Staff","Diablo III","Mentor Staff","Weapons","Staff","Approximate","Martial/heavy quarterstaves use Stave; ordinary or spellcaster staves use Staff.","Base","Base type (white/grey/blue)","https://eu.diablo3.blizzard.com/en-gb/artisan/blacksmith/recipe/grand-master-war-staff","Base name listed through a crafting recipe in Blizzard item guide; recipe bonuses excluded.","D:/Code/Core_Dark/tmp/extracted_text/Player_s_Guide_to_the_Western_Reaches_V1.json","110-111"
"Weapon","Staff","Diablo III","Mythical Staff","Weapons","Staff","Approximate","Martial/heavy quarterstaves use Stave; ordinary or spellcaster staves use Staff.","Base","Base type (white/grey/blue)","https://eu.diablo3.blizzard.com/en-gb/item/mythical-staff-Staff_206","","D:/Code/Core_Dark/tmp/extracted_text/Player_s_Guide_to_the_Western_Reaches_V1.json","110-111"
"Weapon","Staff","Diablo III","Obsidian Staff","Weapons","Staff","Approximate","Martial/heavy quarterstaves use Stave; ordinary or spellcaster staves use Staff.","Base","Base type (white/grey/blue)","https://eu.diablo3.blizzard.com/en-gb/item/obsidian-staff-Staff_102","","D:/Code/Core_Dark/tmp/extracted_text/Player_s_Guide_to_the_Western_Reaches_V1.json","110-111"
"Weapon","Staff","Diablo III","Petrified Staff","Weapons","Staff","Approximate","Martial/heavy quarterstaves use Stave; ordinary or spellcaster staves use Staff.","Base","Base type (white/grey/blue)","https://eu.diablo3.blizzard.com/en-gb/artisan/blacksmith/recipe/illustrious-obsidian-staff","Base name listed through a crafting recipe in Blizzard item guide; recipe bonuses excluded.","D:/Code/Core_Dark/tmp/extracted_text/Player_s_Guide_to_the_Western_Reaches_V1.json","110-111"
"Weapon","Staff","Diablo III","Primordial Staff","Weapons","Staff","Approximate","Martial/heavy quarterstaves use Stave; ordinary or spellcaster staves use Staff.","Base","Base type (white/grey/blue)","https://eu.diablo3.blizzard.com/en-gb/artisan/blacksmith/recipe/exalted-mythical-staff","Base name listed through a crafting recipe in Blizzard item guide; recipe bonuses excluded.","D:/Code/Core_Dark/tmp/extracted_text/Player_s_Guide_to_the_Western_Reaches_V1.json","110-111"
"Weapon","Staff","Diablo III","Shamanic Staff","Weapons","Staff","Approximate","Martial/heavy quarterstaves use Stave; ordinary or spellcaster staves use Staff.","Base","Base type (white/grey/blue)","https://eu.diablo3.blizzard.com/en-gb/item/shamanic-staff-Staff_105","","D:/Code/Core_Dark/tmp/extracted_text/Player_s_Guide_to_the_Western_Reaches_V1.json","110-111"
"Weapon","Staff","Diablo III","Short Staff","Weapons","Staff","Approximate","Martial/heavy quarterstaves use Stave; ordinary or spellcaster staves use Staff.","Base","Base type (white/grey/blue)","https://eu.diablo3.blizzard.com/en-gb/item/short-staff-Staff_001","","D:/Code/Core_Dark/tmp/extracted_text/Player_s_Guide_to_the_Western_Reaches_V1.json","110-111"
"Weapon","Staff","Diablo III","Sovereign Staff","Weapons","Staff","Approximate","Martial/heavy quarterstaves use Stave; ordinary or spellcaster staves use Staff.","Base","Base type (white/grey/blue)","https://eu.diablo3.blizzard.com/en-gb/item/sovereign-staff-Staff_207","","D:/Code/Core_Dark/tmp/extracted_text/Player_s_Guide_to_the_Western_Reaches_V1.json","110-111"
"Weapon","Staff","Diablo III","Stygian Staff","Weapons","Staff","Approximate","Martial/heavy quarterstaves use Stave; ordinary or spellcaster staves use Staff.","Base","Base type (white/grey/blue)","https://eu.diablo3.blizzard.com/en-gb/item/stygian-staff-Staff_202","","D:/Code/Core_Dark/tmp/extracted_text/Player_s_Guide_to_the_Western_Reaches_V1.json","110-111"
"Weapon","Staff","Diablo III","Yew Staff","Weapons","Staff","Approximate","Martial/heavy quarterstaves use Stave; ordinary or spellcaster staves use Staff.","Base","Base type (white/grey/blue)","https://eu.diablo3.blizzard.com/en-gb/item/yew-staff-Staff_003","","D:/Code/Core_Dark/tmp/extracted_text/Player_s_Guide_to_the_Western_Reaches_V1.json","110-111"
"Weapon","Staff","Diablo IV","Apothecary's Staff","Weapons","Staff","Approximate","Martial/heavy quarterstaves use Stave; ordinary or spellcaster staves use Staff.","Base","Magic","https://docs.google.com/spreadsheets/d/1IC6VCLGzocHjHTGQHj3yPSY0KOVBY97jFOFQWvMSARs/edit","Source catalogue updated 2026-07-27; base game","D:/Code/Core_Dark/tmp/extracted_text/Player_s_Guide_to_the_Western_Reaches_V1.json","110-111"
"Weapon","Staff","Diablo IV","Bone Staff","Weapons","Staff","Approximate","Martial/heavy quarterstaves use Stave; ordinary or spellcaster staves use Staff.","Base","Magic","https://docs.google.com/spreadsheets/d/1IC6VCLGzocHjHTGQHj3yPSY0KOVBY97jFOFQWvMSARs/edit","Source catalogue updated 2026-07-27; base game","D:/Code/Core_Dark/tmp/extracted_text/Player_s_Guide_to_the_Western_Reaches_V1.json","110-111"
"Weapon","Staff","Diablo IV","Gnarled Staff","Weapons","Staff","Approximate","Martial/heavy quarterstaves use Stave; ordinary or spellcaster staves use Staff.","Base","Magic","https://docs.google.com/spreadsheets/d/1IC6VCLGzocHjHTGQHj3yPSY0KOVBY97jFOFQWvMSARs/edit","Source catalogue updated 2026-07-27; base game","D:/Code/Core_Dark/tmp/extracted_text/Player_s_Guide_to_the_Western_Reaches_V1.json","110-111"
"Weapon","Staff","Diablo IV","Rough Staff","Weapons","Staff","Approximate","Martial/heavy quarterstaves use Stave; ordinary or spellcaster staves use Staff.","Base","Magic","https://docs.google.com/spreadsheets/d/1IC6VCLGzocHjHTGQHj3yPSY0KOVBY97jFOFQWvMSARs/edit","Source catalogue updated 2026-07-27; base game","D:/Code/Core_Dark/tmp/extracted_text/Player_s_Guide_to_the_Western_Reaches_V1.json","110-111"
"Weapon","Staff","Diablo IV","Simple Staff","Weapons","Staff","Approximate","Martial/heavy quarterstaves use Stave; ordinary or spellcaster staves use Staff.","Base","Magic","https://docs.google.com/spreadsheets/d/1IC6VCLGzocHjHTGQHj3yPSY0KOVBY97jFOFQWvMSARs/edit","Source catalogue updated 2026-07-27; base game","D:/Code/Core_Dark/tmp/extracted_text/Player_s_Guide_to_the_Western_Reaches_V1.json","110-111"
"Weapon","Staff","Diablo IV","Staff","Weapons","Staff","Approximate","Martial/heavy quarterstaves use Stave; ordinary or spellcaster staves use Staff.","Base","Common","https://docs.google.com/spreadsheets/d/1IC6VCLGzocHjHTGQHj3yPSY0KOVBY97jFOFQWvMSARs/edit","Source catalogue updated 2026-07-27; base game","D:/Code/Core_Dark/tmp/extracted_text/Player_s_Guide_to_the_Western_Reaches_V1.json","110-111"
"Weapon","Staff","Diablo IV","Sturdy Staff","Weapons","Staff","Approximate","Martial/heavy quarterstaves use Stave; ordinary or spellcaster staves use Staff.","Base","Magic","https://docs.google.com/spreadsheets/d/1IC6VCLGzocHjHTGQHj3yPSY0KOVBY97jFOFQWvMSARs/edit","Source catalogue updated 2026-07-27; base game","D:/Code/Core_Dark/tmp/extracted_text/Player_s_Guide_to_the_Western_Reaches_V1.json","110-111"
"Weapon","Stave","Diablo I","Quarter Staff","Weapons","Staff","Approximate","Martial/heavy quarterstaves use Stave; ordinary or spellcaster staves use Staff.","Base","Normal / Magic","https://www.lurkerlounge.com/diablo/jarulf/jarulf162.pdf","","D:/Code/Core_Dark/tmp/extracted_text/Player_s_Guide_to_the_Western_Reaches_V1.json","110-111"
"Weapon","Stave","Diablo I","War Staff","Weapons","Staff","Approximate","Martial/heavy quarterstaves use Stave; ordinary or spellcaster staves use Staff.","Base","Normal / Magic","https://www.lurkerlounge.com/diablo/jarulf/jarulf162.pdf","","D:/Code/Core_Dark/tmp/extracted_text/Player_s_Guide_to_the_Western_Reaches_V1.json","110-111"
"Weapon","Stave","Diablo II","Battle Staff","Weapons","Staff","Approximate","Martial/heavy quarterstaves use Stave; ordinary or spellcaster staves use Staff.","Normal","Normal / Magic","https://classic.battle.net/diablo2exp/items/normal/staves.shtml","","D:/Code/Core_Dark/tmp/extracted_text/Player_s_Guide_to_the_Western_Reaches_V1.json","110-111"
"Weapon","Stave","Diablo II","Quarterstaff","Weapons","Staff","Approximate","Martial/heavy quarterstaves use Stave; ordinary or spellcaster staves use Staff.","Exceptional","Normal / Magic","https://classic.battle.net/diablo2exp/items/exceptional/staves.shtml","","D:/Code/Core_Dark/tmp/extracted_text/Player_s_Guide_to_the_Western_Reaches_V1.json","110-111"
"Weapon","Stave","Diablo II","Shillelagh","Weapons","Staff","Approximate","Martial/heavy quarterstaves use Stave; ordinary or spellcaster staves use Staff.","Elite","Normal / Magic","https://classic.battle.net/diablo2exp/items/elite/staves.shtml","","D:/Code/Core_Dark/tmp/extracted_text/Player_s_Guide_to_the_Western_Reaches_V1.json","110-111"
"Weapon","Stave","Diablo II","War Staff","Weapons","Staff","Approximate","Martial/heavy quarterstaves use Stave; ordinary or spellcaster staves use Staff.","Normal","Normal / Magic","https://classic.battle.net/diablo2exp/items/normal/staves.shtml","","D:/Code/Core_Dark/tmp/extracted_text/Player_s_Guide_to_the_Western_Reaches_V1.json","110-111"
"Weapon","Stave","Diablo III","Drevko","Weapons","Daibo","Approximate","Martial/heavy quarterstaves use Stave; ordinary or spellcaster staves use Staff.","Base","Base type (white/grey/blue)","https://eu.diablo3.blizzard.com/en-gb/item/drevko-CombatStaff_2H_203","","D:/Code/Core_Dark/tmp/extracted_text/Player_s_Guide_to_the_Western_Reaches_V1.json","110-111"
"Weapon","Stave","Diablo III","Eiku","Weapons","Daibo","Approximate","Martial/heavy quarterstaves use Stave; ordinary or spellcaster staves use Staff.","Base","Base type (white/grey/blue)","https://eu.diablo3.blizzard.com/en-gb/item/eiku-CombatStaff_2H_003","","D:/Code/Core_Dark/tmp/extracted_text/Player_s_Guide_to_the_Western_Reaches_V1.json","110-111"
"Weapon","Stave","Diablo III","Grand Taiji","Weapons","Daibo","Approximate","Martial/heavy quarterstaves use Stave; ordinary or spellcaster staves use Staff.","Base","Base type (white/grey/blue)","https://eu.diablo3.blizzard.com/en-gb/item/grand-taiji-CombatStaff_2H_204","","D:/Code/Core_Dark/tmp/extracted_text/Player_s_Guide_to_the_Western_Reaches_V1.json","110-111"
"Weapon","Stave","Diablo III","Guru Staff","Weapons","Daibo","Approximate","Martial/heavy quarterstaves use Stave; ordinary or spellcaster staves use Staff.","Base","Base type (white/grey/blue)","https://eu.diablo3.blizzard.com/en-gb/item/guru-staff-CombatStaff_2H_206","","D:/Code/Core_Dark/tmp/extracted_text/Player_s_Guide_to_the_Western_Reaches_V1.json","110-111"
"Weapon","Stave","Diablo III","Iron Judgement","Weapons","Daibo","Approximate","Martial/heavy quarterstaves use Stave; ordinary or spellcaster staves use Staff.","Base","Base type (white/grey/blue)","https://eu.diablo3.blizzard.com/en-gb/item/iron-judgement-CombatStaff_2H_301","","D:/Code/Core_Dark/tmp/extracted_text/Player_s_Guide_to_the_Western_Reaches_V1.json","110-111"
"Weapon","Stave","Diablo III","Jodo Staff","Weapons","Daibo","Approximate","Martial/heavy quarterstaves use Stave; ordinary or spellcaster staves use Staff.","Base","Base type (white/grey/blue)","https://eu.diablo3.blizzard.com/en-gb/item/jodo-staff-CombatStaff_2H_101","","D:/Code/Core_Dark/tmp/extracted_text/Player_s_Guide_to_the_Western_Reaches_V1.json","110-111"
"Weapon","Stave","Diablo III","Lathi","Weapons","Daibo","Approximate","Martial/heavy quarterstaves use Stave; ordinary or spellcaster staves use Staff.","Base","Base type (white/grey/blue)","https://eu.diablo3.blizzard.com/en-gb/item/lathi-CombatStaff_2H_201","","D:/Code/Core_Dark/tmp/extracted_text/Player_s_Guide_to_the_Western_Reaches_V1.json","110-111"
"Weapon","Stave","Diablo III","Sibat","Weapons","Daibo","Approximate","Martial/heavy quarterstaves use Stave; ordinary or spellcaster staves use Staff.","Base","Base type (white/grey/blue)","https://eu.diablo3.blizzard.com/en-gb/item/sibat-CombatStaff_2H_102","","D:/Code/Core_Dark/tmp/extracted_text/Player_s_Guide_to_the_Western_Reaches_V1.json","110-111"
"Weapon","Stave","Diablo III","Silambam","Weapons","Daibo","Approximate","Martial/heavy quarterstaves use Stave; ordinary or spellcaster staves use Staff.","Base","Base type (white/grey/blue)","https://eu.diablo3.blizzard.com/en-gb/item/silambam-CombatStaff_2H_202","","D:/Code/Core_Dark/tmp/extracted_text/Player_s_Guide_to_the_Western_Reaches_V1.json","110-111"
"Weapon","Stave","Diablo III","Spade","Weapons","Daibo","Approximate","Martial/heavy quarterstaves use Stave; ordinary or spellcaster staves use Staff.","Base","Base type (white/grey/blue)","https://eu.diablo3.blizzard.com/en-gb/item/spade-CombatStaff_2H_002","","D:/Code/Core_Dark/tmp/extracted_text/Player_s_Guide_to_the_Western_Reaches_V1.json","110-111"
"Weapon","Stave","Diablo III","Svardstav","Weapons","Daibo","Approximate","Martial/heavy quarterstaves use Stave; ordinary or spellcaster staves use Staff.","Base","Base type (white/grey/blue)","https://eu.diablo3.blizzard.com/en-gb/item/svardstav-CombatStaff_2H_104","","D:/Code/Core_Dark/tmp/extracted_text/Player_s_Guide_to_the_Western_Reaches_V1.json","110-111"
"Weapon","Stave","Diablo III","Taiji","Weapons","Daibo","Approximate","Martial/heavy quarterstaves use Stave; ordinary or spellcaster staves use Staff.","Base","Base type (white/grey/blue)","https://eu.diablo3.blizzard.com/en-gb/item/taiji-CombatStaff_2H_004","","D:/Code/Core_Dark/tmp/extracted_text/Player_s_Guide_to_the_Western_Reaches_V1.json","110-111"
"Weapon","Stave","Diablo III","Trost","Weapons","Daibo","Approximate","Martial/heavy quarterstaves use Stave; ordinary or spellcaster staves use Staff.","Base","Base type (white/grey/blue)","https://eu.diablo3.blizzard.com/en-gb/item/trost-CombatStaff_2H_103","","D:/Code/Core_Dark/tmp/extracted_text/Player_s_Guide_to_the_Western_Reaches_V1.json","110-111"
"Weapon","Stave","Diablo III","Whirlwind Staff","Weapons","Daibo","Approximate","Martial/heavy quarterstaves use Stave; ordinary or spellcaster staves use Staff.","Base","Base type (white/grey/blue)","https://eu.diablo3.blizzard.com/en-gb/artisan/blacksmith/recipe/sovereign-whirlwind-staff","Base name listed through a crafting recipe in Blizzard item guide; recipe bonuses excluded.","D:/Code/Core_Dark/tmp/extracted_text/Player_s_Guide_to_the_Western_Reaches_V1.json","110-111"
"Weapon","Stave","Diablo III","Wooden Bo","Weapons","Daibo","Approximate","Martial/heavy quarterstaves use Stave; ordinary or spellcaster staves use Staff.","Base","Base type (white/grey/blue)","https://eu.diablo3.blizzard.com/en-gb/item/wooden-bo-CombatStaff_2H_001","","D:/Code/Core_Dark/tmp/extracted_text/Player_s_Guide_to_the_Western_Reaches_V1.json","110-111"
"Weapon","Stave","Diablo III","Zhezl","Weapons","Daibo","Approximate","Martial/heavy quarterstaves use Stave; ordinary or spellcaster staves use Staff.","Base","Base type (white/grey/blue)","https://eu.diablo3.blizzard.com/en-gb/item/zhezl-CombatStaff_2H_205","","D:/Code/Core_Dark/tmp/extracted_text/Player_s_Guide_to_the_Western_Reaches_V1.json","110-111"
"Weapon","Stave","Diablo III","Battle Staff","Weapons","Staff","Approximate","Martial/heavy quarterstaves use Stave; ordinary or spellcaster staves use Staff.","Base","Base type (white/grey/blue)","https://eu.diablo3.blizzard.com/en-gb/artisan/blacksmith/recipe/master-battle-staff","Base name listed through a crafting recipe in Blizzard item guide; recipe bonuses excluded.","D:/Code/Core_Dark/tmp/extracted_text/Player_s_Guide_to_the_Western_Reaches_V1.json","110-111"
"Weapon","Stave","Diablo III","War Staff","Weapons","Staff","Approximate","Martial/heavy quarterstaves use Stave; ordinary or spellcaster staves use Staff.","Base","Base type (white/grey/blue)","https://eu.diablo3.blizzard.com/en-gb/item/war-staff-Staff_007","","D:/Code/Core_Dark/tmp/extracted_text/Player_s_Guide_to_the_Western_Reaches_V1.json","110-111"
"Weapon","Stave","Diablo IV","Balanced Quarterstaff","Weapons","Quarterstaff","Approximate","Martial/heavy quarterstaves use Stave; ordinary or spellcaster staves use Staff.","Base","Magic","https://docs.google.com/spreadsheets/d/1IC6VCLGzocHjHTGQHj3yPSY0KOVBY97jFOFQWvMSARs/edit","Source catalogue updated 2026-07-27; Vessel of Hatred","D:/Code/Core_Dark/tmp/extracted_text/Player_s_Guide_to_the_Western_Reaches_V1.json","110-111"
"Weapon","Stave","Diablo IV","Basic Quarterstaff","Weapons","Quarterstaff","Approximate","Martial/heavy quarterstaves use Stave; ordinary or spellcaster staves use Staff.","Base","Common","https://docs.google.com/spreadsheets/d/1IC6VCLGzocHjHTGQHj3yPSY0KOVBY97jFOFQWvMSARs/edit","Source catalogue updated 2026-07-27; Vessel of Hatred","D:/Code/Core_Dark/tmp/extracted_text/Player_s_Guide_to_the_Western_Reaches_V1.json","110-111"
"Weapon","Stave","Diablo IV","Hooked Quarterstaff","Weapons","Quarterstaff","Approximate","Martial/heavy quarterstaves use Stave; ordinary or spellcaster staves use Staff.","Base","Magic","https://docs.google.com/spreadsheets/d/1IC6VCLGzocHjHTGQHj3yPSY0KOVBY97jFOFQWvMSARs/edit","Source catalogue updated 2026-07-27; Vessel of Hatred","D:/Code/Core_Dark/tmp/extracted_text/Player_s_Guide_to_the_Western_Reaches_V1.json","110-111"
"Weapon","Stave","Diablo IV","Iron Staff","Weapons","Staff","Approximate","Martial/heavy quarterstaves use Stave; ordinary or spellcaster staves use Staff.","Base","Magic","https://docs.google.com/spreadsheets/d/1IC6VCLGzocHjHTGQHj3yPSY0KOVBY97jFOFQWvMSARs/edit","Source catalogue updated 2026-07-27; base game","D:/Code/Core_Dark/tmp/extracted_text/Player_s_Guide_to_the_Western_Reaches_V1.json","110-111"
"Weapon","Stave","Diablo IV","Rugged Stave","Weapons","Staff","Approximate","Martial/heavy quarterstaves use Stave; ordinary or spellcaster staves use Staff.","Base","Magic","https://docs.google.com/spreadsheets/d/1IC6VCLGzocHjHTGQHj3yPSY0KOVBY97jFOFQWvMSARs/edit","Source catalogue updated 2026-07-27; base game","D:/Code/Core_Dark/tmp/extracted_text/Player_s_Guide_to_the_Western_Reaches_V1.json","110-111"
"Weapon","Strikes","Diablo III","Breaker","Weapons","Fist Weapon","Approximate","Knuckles and fist weapons use Strikes as a rough reskin; no extra damage or properties implied.","Base","Base type (white/grey/blue)","https://eu.diablo3.blizzard.com/en-gb/item/breaker-FistWeapon_1H_101","","D:/Code/Core_Dark/tmp/extracted_text/Player_s_Guide_to_the_Western_Reaches_V1.json","110-111"
"Weapon","Strikes","Diablo III","Claw","Weapons","Fist Weapon","Approximate","Knuckles and fist weapons use Strikes as a rough reskin; no extra damage or properties implied.","Base","Base type (white/grey/blue)","https://eu.diablo3.blizzard.com/en-gb/artisan/blacksmith/recipe/illustrious-claw","Base name listed through a crafting recipe in Blizzard item guide; recipe bonuses excluded.","D:/Code/Core_Dark/tmp/extracted_text/Player_s_Guide_to_the_Western_Reaches_V1.json","110-111"
"Weapon","Strikes","Diablo III","Demon Fang","Weapons","Fist Weapon","Approximate","Knuckles and fist weapons use Strikes as a rough reskin; no extra damage or properties implied.","Base","Base type (white/grey/blue)","https://eu.diablo3.blizzard.com/en-gb/item/demon-fang-FistWeapon_1H_203","","D:/Code/Core_Dark/tmp/extracted_text/Player_s_Guide_to_the_Western_Reaches_V1.json","110-111"
"Weapon","Strikes","Diablo III","Golden Talon","Weapons","Fist Weapon","Approximate","Knuckles and fist weapons use Strikes as a rough reskin; no extra damage or properties implied.","Base","Base type (white/grey/blue)","https://eu.diablo3.blizzard.com/en-gb/item/golden-talon-FistWeapon_1H_205","","D:/Code/Core_Dark/tmp/extracted_text/Player_s_Guide_to_the_Western_Reaches_V1.json","110-111"
"Weapon","Strikes","Diablo III","Grappler","Weapons","Fist Weapon","Approximate","Knuckles and fist weapons use Strikes as a rough reskin; no extra damage or properties implied.","Base","Base type (white/grey/blue)","https://eu.diablo3.blizzard.com/en-gb/artisan/blacksmith/recipe/resplendent-grappler","Base name listed through a crafting recipe in Blizzard item guide; recipe bonuses excluded.","D:/Code/Core_Dark/tmp/extracted_text/Player_s_Guide_to_the_Western_Reaches_V1.json","110-111"
"Weapon","Strikes","Diablo III","Hammer Hand","Weapons","Fist Weapon","Approximate","Knuckles and fist weapons use Strikes as a rough reskin; no extra damage or properties implied.","Base","Base type (white/grey/blue)","https://eu.diablo3.blizzard.com/en-gb/artisan/blacksmith/recipe/glorious-hammer-hand","Base name listed through a crafting recipe in Blizzard item guide; recipe bonuses excluded.","D:/Code/Core_Dark/tmp/extracted_text/Player_s_Guide_to_the_Western_Reaches_V1.json","110-111"
"Weapon","Strikes","Diablo III","Heaven Hand","Weapons","Fist Weapon","Approximate","Knuckles and fist weapons use Strikes as a rough reskin; no extra damage or properties implied.","Base","Base type (white/grey/blue)","https://eu.diablo3.blizzard.com/en-gb/item/heaven-hand-FistWeapon_1H_206","","D:/Code/Core_Dark/tmp/extracted_text/Player_s_Guide_to_the_Western_Reaches_V1.json","110-111"
"Weapon","Strikes","Diablo III","Iron Fist","Weapons","Fist Weapon","Approximate","Knuckles and fist weapons use Strikes as a rough reskin; no extra damage or properties implied.","Base","Base type (white/grey/blue)","https://eu.diablo3.blizzard.com/en-gb/artisan/blacksmith/recipe/grand-master-iron-fist","Base name listed through a crafting recipe in Blizzard item guide; recipe bonuses excluded.","D:/Code/Core_Dark/tmp/extracted_text/Player_s_Guide_to_the_Western_Reaches_V1.json","110-111"
"Weapon","Strikes","Diablo III","Kastet","Weapons","Fist Weapon","Approximate","Knuckles and fist weapons use Strikes as a rough reskin; no extra damage or properties implied.","Base","Base type (white/grey/blue)","https://eu.diablo3.blizzard.com/en-gb/artisan/blacksmith/recipe/magnificent-kastet","Base name listed through a crafting recipe in Blizzard item guide; recipe bonuses excluded.","D:/Code/Core_Dark/tmp/extracted_text/Player_s_Guide_to_the_Western_Reaches_V1.json","110-111"
"Weapon","Strikes","Diablo III","Knuckles","Weapons","Fist Weapon","Approximate","Knuckles and fist weapons use Strikes as a rough reskin; no extra damage or properties implied.","Base","Base type (white/grey/blue)","https://eu.diablo3.blizzard.com/en-gb/item/knuckles-FistWeapon_1H_001","","D:/Code/Core_Dark/tmp/extracted_text/Player_s_Guide_to_the_Western_Reaches_V1.json","110-111"
"Weapon","Strikes","Diablo III","Piercer","Weapons","Fist Weapon","Approximate","Knuckles and fist weapons use Strikes as a rough reskin; no extra damage or properties implied.","Base","Base type (white/grey/blue)","https://eu.diablo3.blizzard.com/en-gb/artisan/blacksmith/recipe/master-breaker","Base name listed through a crafting recipe in Blizzard item guide; recipe bonuses excluded.","D:/Code/Core_Dark/tmp/extracted_text/Player_s_Guide_to_the_Western_Reaches_V1.json","110-111"
"Weapon","Strikes","Diablo III","Pulverizer","Weapons","Fist Weapon","Approximate","Knuckles and fist weapons use Strikes as a rough reskin; no extra damage or properties implied.","Base","Base type (white/grey/blue)","https://eu.diablo3.blizzard.com/en-gb/artisan/blacksmith/recipe/exalted-golden-talon","Base name listed through a crafting recipe in Blizzard item guide; recipe bonuses excluded.","D:/Code/Core_Dark/tmp/extracted_text/Player_s_Guide_to_the_Western_Reaches_V1.json","110-111"
"Weapon","Strikes","Diablo III","Shuko","Weapons","Fist Weapon","Approximate","Knuckles and fist weapons use Strikes as a rough reskin; no extra damage or properties implied.","Base","Base type (white/grey/blue)","https://eu.diablo3.blizzard.com/en-gb/artisan/blacksmith/recipe/adept-shuko","Base name listed through a crafting recipe in Blizzard item guide; recipe bonuses excluded.","D:/Code/Core_Dark/tmp/extracted_text/Player_s_Guide_to_the_Western_Reaches_V1.json","110-111"
"Weapon","Strikes","Diablo III","Spiked Fist","Weapons","Fist Weapon","Approximate","Knuckles and fist weapons use Strikes as a rough reskin; no extra damage or properties implied.","Base","Base type (white/grey/blue)","https://eu.diablo3.blizzard.com/en-gb/artisan/blacksmith/recipe/exquisite-spiked-fist","Base name listed through a crafting recipe in Blizzard item guide; recipe bonuses excluded.","D:/Code/Core_Dark/tmp/extracted_text/Player_s_Guide_to_the_Western_Reaches_V1.json","110-111"
"Weapon","Strikes","Diablo III","Spikes","Weapons","Fist Weapon","Approximate","Knuckles and fist weapons use Strikes as a rough reskin; no extra damage or properties implied.","Base","Base type (white/grey/blue)","https://eu.diablo3.blizzard.com/en-gb/item/spikes-FistWeapon_1H_002","","D:/Code/Core_Dark/tmp/extracted_text/Player_s_Guide_to_the_Western_Reaches_V1.json","110-111"
"Weapon","Strikes","Diablo III","Suwaiya","Weapons","Fist Weapon","Approximate","Knuckles and fist weapons use Strikes as a rough reskin; no extra damage or properties implied.","Base","Base type (white/grey/blue)","https://eu.diablo3.blizzard.com/en-gb/artisan/blacksmith/recipe/sovereign-suwaiya","Base name listed through a crafting recipe in Blizzard item guide; recipe bonuses excluded.","D:/Code/Core_Dark/tmp/extracted_text/Player_s_Guide_to_the_Western_Reaches_V1.json","110-111"
"Weapon","Strikes","Diablo III","Talon","Weapons","Fist Weapon","Approximate","Knuckles and fist weapons use Strikes as a rough reskin; no extra damage or properties implied.","Base","Base type (white/grey/blue)","https://eu.diablo3.blizzard.com/en-gb/item/talon-FistWeapon_1H_003","","D:/Code/Core_Dark/tmp/extracted_text/Player_s_Guide_to_the_Western_Reaches_V1.json","110-111"
"Weapon","Strikes","Diablo III","Worn Knuckles","Weapons","Fist Weapon","Approximate","Knuckles and fist weapons use Strikes as a rough reskin; no extra damage or properties implied.","Base","Base type (white/grey/blue)","https://eu.diablo3.blizzard.com/en-gb/item/worn-knuckles-FistWeapon_1H_000","","D:/Code/Core_Dark/tmp/extracted_text/Player_s_Guide_to_the_Western_Reaches_V1.json","110-111"
"Weapon","Warhammer","Diablo I","Maul","Weapons","Mace","Approximate","Large two-handed blunt weapon approximation.","Base","Normal / Magic","https://www.lurkerlounge.com/diablo/jarulf/jarulf162.pdf","","D:/Code/Core_Dark/tmp/extracted_text/Player_s_Guide_to_the_Western_Reaches_V1.json","110-111"
"Weapon","Warhammer","Diablo II","Great Maul","Weapons","Mace","Approximate","Large two-handed blunt weapon approximation.","Normal","Normal / Magic","https://classic.battle.net/diablo2exp/items/normal/maces.shtml","","D:/Code/Core_Dark/tmp/extracted_text/Player_s_Guide_to_the_Western_Reaches_V1.json","110-111"
"Weapon","Warhammer","Diablo II","Martel de Fer","Weapons","Mace","Approximate","Large two-handed blunt weapon approximation.","Exceptional","Normal / Magic","https://classic.battle.net/diablo2exp/items/exceptional/maces.shtml","","D:/Code/Core_Dark/tmp/extracted_text/Player_s_Guide_to_the_Western_Reaches_V1.json","110-111"
"Weapon","Warhammer","Diablo II","Maul","Weapons","Mace","Approximate","Large two-handed blunt weapon approximation.","Normal","Normal / Magic","https://classic.battle.net/diablo2exp/items/normal/maces.shtml","","D:/Code/Core_Dark/tmp/extracted_text/Player_s_Guide_to_the_Western_Reaches_V1.json","110-111"
"Weapon","Warhammer","Diablo II","Ogre Maul","Weapons","Mace","Approximate","Large two-handed blunt weapon approximation.","Elite","Normal / Magic","https://classic.battle.net/diablo2exp/items/elite/maces.shtml","","D:/Code/Core_Dark/tmp/extracted_text/Player_s_Guide_to_the_Western_Reaches_V1.json","110-111"
"Weapon","Warhammer","Diablo II","Thunder Maul","Weapons","Mace","Approximate","Large two-handed blunt weapon approximation.","Elite","Normal / Magic","https://classic.battle.net/diablo2exp/items/elite/maces.shtml","","D:/Code/Core_Dark/tmp/extracted_text/Player_s_Guide_to_the_Western_Reaches_V1.json","110-111"
"Weapon","Warhammer","Diablo II","War Club","Weapons","Mace","Approximate","Large two-handed blunt weapon approximation.","Exceptional","Normal / Magic","https://classic.battle.net/diablo2exp/items/exceptional/maces.shtml","","D:/Code/Core_Dark/tmp/extracted_text/Player_s_Guide_to_the_Western_Reaches_V1.json","110-111"
"Weapon","Warhammer","Diablo III","Dire Club","Weapons","Two-Handed Mace","Approximate","Heavy two-handed blunt weapons collapse to Warhammer.","Base","Base type (white/grey/blue)","https://eu.diablo3.blizzard.com/en-gb/item/dire-club-Mace_2H_101","","D:/Code/Core_Dark/tmp/extracted_text/Player_s_Guide_to_the_Western_Reaches_V1.json","110-111"
"Weapon","Warhammer","Diablo III","Dire Mace","Weapons","Two-Handed Mace","Approximate","Heavy two-handed blunt weapons collapse to Warhammer.","Base","Base type (white/grey/blue)","https://eu.diablo3.blizzard.com/en-gb/item/dire-mace-Mace_2H_102","","D:/Code/Core_Dark/tmp/extracted_text/Player_s_Guide_to_the_Western_Reaches_V1.json","110-111"
"Weapon","Warhammer","Diablo III","Doom Hammer","Weapons","Two-Handed Mace","Approximate","Heavy two-handed blunt weapons collapse to Warhammer.","Base","Base type (white/grey/blue)","https://eu.diablo3.blizzard.com/en-gb/item/doom-hammer-Mace_2H_206","","D:/Code/Core_Dark/tmp/extracted_text/Player_s_Guide_to_the_Western_Reaches_V1.json","110-111"
"Weapon","Warhammer","Diablo III","Dread Mace","Weapons","Two-Handed Mace","Approximate","Heavy two-handed blunt weapons collapse to Warhammer.","Base","Base type (white/grey/blue)","https://eu.diablo3.blizzard.com/en-gb/item/dread-mace-Mace_2H_202","","D:/Code/Core_Dark/tmp/extracted_text/Player_s_Guide_to_the_Western_Reaches_V1.json","110-111"
"Weapon","Warhammer","Diablo III","Great Hammer","Weapons","Two-Handed Mace","Approximate","Heavy two-handed blunt weapons collapse to Warhammer.","Base","Base type (white/grey/blue)","https://eu.diablo3.blizzard.com/en-gb/item/great-hammer-Mace_2H_006","","D:/Code/Core_Dark/tmp/extracted_text/Player_s_Guide_to_the_Western_Reaches_V1.json","110-111"
"Weapon","Warhammer","Diablo III","Great Maul","Weapons","Two-Handed Mace","Approximate","Heavy two-handed blunt weapons collapse to Warhammer.","Base","Base type (white/grey/blue)","https://eu.diablo3.blizzard.com/en-gb/item/great-maul-Mace_2H_104","","D:/Code/Core_Dark/tmp/extracted_text/Player_s_Guide_to_the_Western_Reaches_V1.json","110-111"
"Weapon","Warhammer","Diablo III","Mallet","Weapons","Two-Handed Mace","Approximate","Heavy two-handed blunt weapons collapse to Warhammer.","Base","Base type (white/grey/blue)","https://eu.diablo3.blizzard.com/en-gb/item/mallet-Mace_2H_005","","D:/Code/Core_Dark/tmp/extracted_text/Player_s_Guide_to_the_Western_Reaches_V1.json","110-111"
"Weapon","Warhammer","Diablo III","Maul","Weapons","Two-Handed Mace","Approximate","Heavy two-handed blunt weapons collapse to Warhammer.","Base","Base type (white/grey/blue)","https://eu.diablo3.blizzard.com/en-gb/item/maul-Mace_2H_004","","D:/Code/Core_Dark/tmp/extracted_text/Player_s_Guide_to_the_Western_Reaches_V1.json","110-111"
"Weapon","Warhammer","Diablo III","Persuader","Weapons","Two-Handed Mace","Approximate","Heavy two-handed blunt weapons collapse to Warhammer.","Base","Base type (white/grey/blue)","https://eu.diablo3.blizzard.com/en-gb/artisan/blacksmith/recipe/sovereign-persuader","Base name listed through a crafting recipe in Blizzard item guide; recipe bonuses excluded.","D:/Code/Core_Dark/tmp/extracted_text/Player_s_Guide_to_the_Western_Reaches_V1.json","110-111"
"Weapon","Warhammer","Diablo III","Rock Breaker","Weapons","Two-Handed Mace","Approximate","Heavy two-handed blunt weapons collapse to Warhammer.","Base","Base type (white/grey/blue)","https://eu.diablo3.blizzard.com/en-gb/item/rock-breaker-Mace_2H_106","","D:/Code/Core_Dark/tmp/extracted_text/Player_s_Guide_to_the_Western_Reaches_V1.json","110-111"
"Weapon","Warhammer","Diablo III","Royal Mace","Weapons","Two-Handed Mace","Approximate","Heavy two-handed blunt weapons collapse to Warhammer.","Base","Base type (white/grey/blue)","https://eu.diablo3.blizzard.com/en-gb/item/royal-mace-Mace_2H_301","","D:/Code/Core_Dark/tmp/extracted_text/Player_s_Guide_to_the_Western_Reaches_V1.json","110-111"
"Weapon","Warhammer","Diablo III","Slag Hammer","Weapons","Two-Handed Mace","Approximate","Heavy two-handed blunt weapons collapse to Warhammer.","Base","Base type (white/grey/blue)","https://eu.diablo3.blizzard.com/en-gb/item/slag-hammer-Mace_2H_205","","D:/Code/Core_Dark/tmp/extracted_text/Player_s_Guide_to_the_Western_Reaches_V1.json","110-111"
"Weapon","Warhammer","Diablo III","Sledge Hammer","Weapons","Two-Handed Mace","Approximate","Heavy two-handed blunt weapons collapse to Warhammer.","Base","Base type (white/grey/blue)","https://eu.diablo3.blizzard.com/en-gb/item/sledge-hammer-Mace_2H_103","","D:/Code/Core_Dark/tmp/extracted_text/Player_s_Guide_to_the_Western_Reaches_V1.json","110-111"
"Weapon","Warhammer","Diablo III","Two-Handed Club","Weapons","Two-Handed Mace","Approximate","Heavy two-handed blunt weapons collapse to Warhammer.","Base","Base type (white/grey/blue)","https://eu.diablo3.blizzard.com/en-gb/item/twohanded-club-Mace_2H_001","","D:/Code/Core_Dark/tmp/extracted_text/Player_s_Guide_to_the_Western_Reaches_V1.json","110-111"
"Weapon","Warhammer","Diablo III","Two-Handed Hammer","Weapons","Two-Handed Mace","Approximate","Heavy two-handed blunt weapons collapse to Warhammer.","Base","Base type (white/grey/blue)","https://eu.diablo3.blizzard.com/en-gb/item/twohanded-hammer-Mace_2H_003","","D:/Code/Core_Dark/tmp/extracted_text/Player_s_Guide_to_the_Western_Reaches_V1.json","110-111"
"Weapon","Warhammer","Diablo III","Two-Handed Mace","Weapons","Two-Handed Mace","Approximate","Heavy two-handed blunt weapons collapse to Warhammer.","Base","Base type (white/grey/blue)","https://eu.diablo3.blizzard.com/en-gb/item/twohanded-mace-Mace_2H_002","","D:/Code/Core_Dark/tmp/extracted_text/Player_s_Guide_to_the_Western_Reaches_V1.json","110-111"
"Weapon","Warhammer","Diablo III","War Mallet","Weapons","Two-Handed Mace","Approximate","Heavy two-handed blunt weapons collapse to Warhammer.","Base","Base type (white/grey/blue)","https://eu.diablo3.blizzard.com/en-gb/item/war-mallet-Mace_2H_105","","D:/Code/Core_Dark/tmp/extracted_text/Player_s_Guide_to_the_Western_Reaches_V1.json","110-111"
"Weapon","Warhammer","Diablo III","War Maul","Weapons","Two-Handed Mace","Approximate","Heavy two-handed blunt weapons collapse to Warhammer.","Base","Base type (white/grey/blue)","https://eu.diablo3.blizzard.com/en-gb/item/war-maul-Mace_2H_204","","D:/Code/Core_Dark/tmp/extracted_text/Player_s_Guide_to_the_Western_Reaches_V1.json","110-111"
"Weapon","Warhammer","Diablo III","War Sledge","Weapons","Two-Handed Mace","Approximate","Heavy two-handed blunt weapons collapse to Warhammer.","Base","Base type (white/grey/blue)","https://eu.diablo3.blizzard.com/en-gb/item/war-sledge-Mace_2H_203","","D:/Code/Core_Dark/tmp/extracted_text/Player_s_Guide_to_the_Western_Reaches_V1.json","110-111"
"Weapon","Warhammer","Diablo III","Wrecker","Weapons","Two-Handed Mace","Approximate","Heavy two-handed blunt weapons collapse to Warhammer.","Base","Base type (white/grey/blue)","https://eu.diablo3.blizzard.com/en-gb/item/wrecker-Mace_2H_201","","D:/Code/Core_Dark/tmp/extracted_text/Player_s_Guide_to_the_Western_Reaches_V1.json","110-111"
"Weapon","Warhammer","Diablo III","Battersmash","Weapons","Two-Handed Mighty Weapon","Approximate","Two-handed mighty weapon reskin based on its name; ambiguous forms default to Greataxe.","Base","Base type (white/grey/blue)","https://eu.diablo3.blizzard.com/en-gb/item/battersmash-MightyWeapon2H_201","","D:/Code/Core_Dark/tmp/extracted_text/Player_s_Guide_to_the_Western_Reaches_V1.json","110-111"
"Weapon","Warhammer","Diablo III","Crusher","Weapons","Two-Handed Mighty Weapon","Approximate","Two-handed mighty weapon reskin based on its name; ambiguous forms default to Greataxe.","Base","Base type (white/grey/blue)","https://eu.diablo3.blizzard.com/en-gb/item/crusher-MightyWeapon2H_103","","D:/Code/Core_Dark/tmp/extracted_text/Player_s_Guide_to_the_Western_Reaches_V1.json","110-111"
"Weapon","Warhammer","Diablo III","Giant Hammer","Weapons","Two-Handed Mighty Weapon","Approximate","Two-handed mighty weapon reskin based on its name; ambiguous forms default to Greataxe.","Base","Base type (white/grey/blue)","https://eu.diablo3.blizzard.com/en-gb/item/giant-hammer-MightyWeapon2H_003","","D:/Code/Core_Dark/tmp/extracted_text/Player_s_Guide_to_the_Western_Reaches_V1.json","110-111"
"Weapon","Warhammer","Diablo III","Petrified Trunk","Weapons","Two-Handed Mighty Weapon","Approximate","Two-handed mighty weapon reskin based on its name; ambiguous forms default to Greataxe.","Base","Base type (white/grey/blue)","https://eu.diablo3.blizzard.com/en-gb/item/petrified-trunk-MightyWeapon2H_001","","D:/Code/Core_Dark/tmp/extracted_text/Player_s_Guide_to_the_Western_Reaches_V1.json","110-111"
"Weapon","Warhammer","Diablo III","Redwood War Club","Weapons","Two-Handed Mighty Weapon","Approximate","Two-handed mighty weapon reskin based on its name; ambiguous forms default to Greataxe.","Base","Base type (white/grey/blue)","https://eu.diablo3.blizzard.com/en-gb/item/redwood-war-club-MightyWeapon2H_101","","D:/Code/Core_Dark/tmp/extracted_text/Player_s_Guide_to_the_Western_Reaches_V1.json","110-111"
"Weapon","Warhammer","Diablo III","Steppes Smasher","Weapons","Two-Handed Mighty Weapon","Approximate","Two-handed mighty weapon reskin based on its name; ambiguous forms default to Greataxe.","Base","Base type (white/grey/blue)","https://eu.diablo3.blizzard.com/en-gb/artisan/blacksmith/recipe/sovereign-steppes-smasher","Base name listed through a crafting recipe in Blizzard item guide; recipe bonuses excluded.","D:/Code/Core_Dark/tmp/extracted_text/Player_s_Guide_to_the_Western_Reaches_V1.json","110-111"
"Weapon","Warhammer","Diablo IV","Crude Cudgel","Weapons","2H Mace","Approximate","Heavy two-handed blunt weapons collapse to Warhammer.","Base","Magic","https://docs.google.com/spreadsheets/d/1IC6VCLGzocHjHTGQHj3yPSY0KOVBY97jFOFQWvMSARs/edit","Source catalogue updated 2026-07-27; base game","D:/Code/Core_Dark/tmp/extracted_text/Player_s_Guide_to_the_Western_Reaches_V1.json","110-111"
"Weapon","Warhammer","Diablo IV","Crude Hammer","Weapons","2H Mace","Approximate","Heavy two-handed blunt weapons collapse to Warhammer.","Base","Magic","https://docs.google.com/spreadsheets/d/1IC6VCLGzocHjHTGQHj3yPSY0KOVBY97jFOFQWvMSARs/edit","Source catalogue updated 2026-07-27; base game","D:/Code/Core_Dark/tmp/extracted_text/Player_s_Guide_to_the_Western_Reaches_V1.json","110-111"
"Weapon","Warhammer","Diablo IV","Cudgel","Weapons","2H Mace","Approximate","Heavy two-handed blunt weapons collapse to Warhammer.","Base","Magic","https://docs.google.com/spreadsheets/d/1IC6VCLGzocHjHTGQHj3yPSY0KOVBY97jFOFQWvMSARs/edit","Source catalogue updated 2026-07-27; base game","D:/Code/Core_Dark/tmp/extracted_text/Player_s_Guide_to_the_Western_Reaches_V1.json","110-111"
"Weapon","Warhammer","Diablo IV","Hammer","Weapons","2H Mace","Approximate","Heavy two-handed blunt weapons collapse to Warhammer.","Base","Common","https://docs.google.com/spreadsheets/d/1IC6VCLGzocHjHTGQHj3yPSY0KOVBY97jFOFQWvMSARs/edit","Source catalogue updated 2026-07-27; base game","D:/Code/Core_Dark/tmp/extracted_text/Player_s_Guide_to_the_Western_Reaches_V1.json","110-111"
"Weapon","Warhammer","Diablo IV","Laborer's Hammer","Weapons","2H Mace","Approximate","Heavy two-handed blunt weapons collapse to Warhammer.","Base","Magic","https://docs.google.com/spreadsheets/d/1IC6VCLGzocHjHTGQHj3yPSY0KOVBY97jFOFQWvMSARs/edit","Source catalogue updated 2026-07-27; base game","D:/Code/Core_Dark/tmp/extracted_text/Player_s_Guide_to_the_Western_Reaches_V1.json","110-111"
"Weapon","Warhammer","Diablo IV","Maul","Weapons","2H Mace","Approximate","Heavy two-handed blunt weapons collapse to Warhammer.","Base","Magic","https://docs.google.com/spreadsheets/d/1IC6VCLGzocHjHTGQHj3yPSY0KOVBY97jFOFQWvMSARs/edit","Source catalogue updated 2026-07-27; base game","D:/Code/Core_Dark/tmp/extracted_text/Player_s_Guide_to_the_Western_Reaches_V1.json","110-111"
"Weapon","Warhammer","Diablo IV","Two-Handed Hammer","Weapons","2H Mace","Approximate","Heavy two-handed blunt weapons collapse to Warhammer.","Base","Common / Magic","https://docs.google.com/spreadsheets/d/1IC6VCLGzocHjHTGQHj3yPSY0KOVBY97jFOFQWvMSARs/edit","Source catalogue updated 2026-07-27; base game","D:/Code/Core_Dark/tmp/extracted_text/Player_s_Guide_to_the_Western_Reaches_V1.json","110-111"
